18:25 ; Model; ExpID; OUTER_FOLD; INNER_FOLD; HPset; epoch;  T_loss;    V_loss;    val_auc;    th_star;    LR;    no_improve;
18:25 ;		 MultiViewCNN;    1;    0;    0;    1;    00;    0.6819;    0.6844    0.7214;    0.524712;    0.0005;    00;
18:26 ;		 MultiViewCNN;    1;    0;    0;    1;    01;    0.6706;    0.6762    0.7368;    0.526662;    0.0005;    00;
18:26 ;		 MultiViewCNN;    1;    0;    0;    1;    02;    0.6650;    0.6693    0.7090;    0.569043;    0.0005;    00;
18:27 ;		 MultiViewCNN;    1;    0;    0;    1;    03;    0.6489;    0.6660    0.6873;    0.584867;    0.0005;    01;
18:27 ;		 MultiViewCNN;    1;    0;    0;    1;    04;    0.6266;    0.6653    0.6625;    0.589197;    0.0005;    02;
18:28 ;		 MultiViewCNN;    1;    0;    0;    1;    05;    0.6237;    0.6673    0.6409;    0.617416;    0.0005;    03;
18:28 ;		 MultiViewCNN;    1;    0;    0;    1;    06;    0.6012;    0.6914    0.6161;    0.477203;    0.0005;    04;
18:29 ;		 MultiViewCNN;    5;    0;    1;    1;    00;    0.7031;    0.6966    0.4272;    0.482413;    0.0005;    00;
18:29 ;		 MultiViewCNN;    5;    0;    1;    1;    01;    0.6890;    0.6878    0.6471;    0.497124;    0.0005;    00;
18:30 ;		 MultiViewCNN;    5;    0;    1;    1;    02;    0.6794;    0.6751    0.7430;    0.506047;    0.0005;    00;
18:30 ;		 MultiViewCNN;    5;    0;    1;    1;    03;    0.6725;    0.6611    0.7709;    0.518197;    0.0005;    00;
18:31 ;		 MultiViewCNN;    5;    0;    1;    1;    04;    0.6566;    0.6486    0.7740;    0.515025;    0.0005;    00;
18:31 ;		 MultiViewCNN;    5;    0;    1;    1;    05;    0.6421;    0.6394    0.7802;    0.541395;    0.0005;    00;
18:32 ;		 MultiViewCNN;    5;    0;    1;    1;    06;    0.6662;    0.6281    0.7802;    0.508469;    0.0005;    00;
18:32 ;		 MultiViewCNN;    5;    0;    1;    1;    07;    0.6344;    0.6219    0.8204;    0.475929;    0.0005;    01;
18:33 ;		 MultiViewCNN;    5;    0;    1;    1;    08;    0.6151;    0.6128    0.8204;    0.477904;    0.0005;    00;
18:33 ;		 MultiViewCNN;    5;    0;    1;    1;    09;    0.5862;    0.6053    0.8297;    0.512152;    0.0005;    01;
18:34 ;		 MultiViewCNN;    5;    0;    1;    1;    10;    0.6082;    0.5957    0.8266;    0.518700;    0.0005;    00;
18:34 ;		 MultiViewCNN;    5;    0;    1;    1;    11;    0.5771;    0.6021    0.8204;    0.479590;    0.0005;    01;
18:35 ;		 MultiViewCNN;    5;    0;    1;    1;    12;    0.5704;    0.5896    0.8421;    0.461282;    0.0005;    02;
18:35 ;		 MultiViewCNN;    5;    0;    1;    1;    13;    0.5417;    0.5683    0.8328;    0.582472;    0.0005;    00;
18:36 ;		 MultiViewCNN;    5;    0;    1;    1;    14;    0.5231;    0.5499    0.8483;    0.573078;    0.0005;    01;
18:36 ;		 MultiViewCNN;    5;    0;    1;    1;    15;    0.5458;    0.5614    0.8700;    0.416963;    0.0005;    00;
18:37 ;		 MultiViewCNN;    5;    0;    1;    1;    16;    0.4586;    0.5893    0.8483;    0.381530;    0.0005;    00;
18:37 ;		 MultiViewCNN;    5;    0;    1;    1;    17;    0.4666;    0.6428    0.8328;    0.290220;    0.00025;    01;
18:38 ;		 MultiViewCNN;    5;    0;    1;    1;    18;    0.4451;    0.5398    0.8390;    0.519250;    0.00025;    02;
18:38 ;		 MultiViewCNN;    5;    0;    1;    1;    19;    0.4668;    0.5692    0.8328;    0.766178;    0.00025;    03;
18:39 ;		 MultiViewCNN;    5;    0;    1;    1;    20;    0.4334;    0.4985    0.8576;    0.621030;    0.00025;    04;
18:39 ;		 MultiViewCNN;    9;    0;    2;    1;    00;    0.6972;    0.6904    0.7368;    0.487878;    0.0005;    00;
18:40 ;		 MultiViewCNN;    9;    0;    2;    1;    01;    0.6871;    0.6851    0.6192;    0.495396;    0.0005;    00;
18:40 ;		 MultiViewCNN;    9;    0;    2;    1;    02;    0.6599;    0.6794    0.6192;    0.483731;    0.0005;    01;
18:41 ;		 MultiViewCNN;    9;    0;    2;    1;    03;    0.6555;    0.6761    0.6006;    0.590886;    0.0005;    02;
18:41 ;		 MultiViewCNN;    9;    0;    2;    1;    04;    0.6401;    0.6748    0.6068;    0.619905;    0.0005;    03;
18:42 ;		 MultiViewCNN;    9;    0;    2;    1;    05;    0.6422;    0.6614    0.6378;    0.515542;    0.0005;    04;
18:44 ;		 MultiViewCNN;    2;    0;    0;    2;    00;    0.7033;    0.6924    0.6192;    0.500008;    0.0005;    00;
18:44 ;		 MultiViewCNN;    2;    0;    0;    2;    01;    0.6764;    0.6831    0.7028;    0.529398;    0.0005;    00;
18:45 ;		 MultiViewCNN;    2;    0;    0;    2;    02;    0.6700;    0.6707    0.7368;    0.529540;    0.0005;    00;
18:46 ;		 MultiViewCNN;    2;    0;    0;    2;    03;    0.6587;    0.6647    0.7028;    0.587708;    0.0005;    00;
18:46 ;		 MultiViewCNN;    2;    0;    0;    2;    04;    0.6539;    0.6591    0.6966;    0.583954;    0.0005;    01;
18:47 ;		 MultiViewCNN;    2;    0;    0;    2;    05;    0.6336;    0.6576    0.6811;    0.609025;    0.0005;    02;
18:47 ;		 MultiViewCNN;    2;    0;    0;    2;    06;    0.6101;    0.6597    0.6780;    0.539846;    0.0005;    03;
18:48 ;		 MultiViewCNN;    2;    0;    0;    2;    07;    0.5725;    0.6651    0.6440;    0.601892;    0.0005;    04;
18:48 ;		 MultiViewCNN;    6;    0;    1;    2;    00;    0.7003;    0.6891    0.8080;    0.487352;    0.0005;    00;
18:49 ;		 MultiViewCNN;    6;    0;    1;    2;    01;    0.6797;    0.6796    0.8421;    0.488253;    0.0005;    00;
18:49 ;		 MultiViewCNN;    6;    0;    1;    2;    02;    0.6753;    0.6643    0.8452;    0.507284;    0.0005;    00;
18:50 ;		 MultiViewCNN;    6;    0;    1;    2;    03;    0.6687;    0.6520    0.8297;    0.547056;    0.0005;    00;
18:50 ;		 MultiViewCNN;    6;    0;    1;    2;    04;    0.6479;    0.6451    0.8235;    0.570232;    0.0005;    01;
18:51 ;		 MultiViewCNN;    6;    0;    1;    2;    05;    0.6327;    0.6329    0.8297;    0.570011;    0.0005;    02;
18:51 ;		 MultiViewCNN;    6;    0;    1;    2;    06;    0.6257;    0.6258    0.8235;    0.563268;    0.0005;    03;
18:52 ;		 MultiViewCNN;    6;    0;    1;    2;    07;    0.6173;    0.6170    0.8297;    0.537138;    0.0005;    04;
18:52 ;		 MultiViewCNN;    10;    0;    2;    2;    00;    0.6848;    0.6864    0.7059;    0.493408;    0.0005;    00;
18:53 ;		 MultiViewCNN;    10;    0;    2;    2;    01;    0.6729;    0.6834    0.6502;    0.489649;    0.0005;    00;
18:54 ;		 MultiViewCNN;    10;    0;    2;    2;    02;    0.6726;    0.6780    0.6594;    0.476511;    0.0005;    01;
18:54 ;		 MultiViewCNN;    10;    0;    2;    2;    03;    0.6597;    0.6674    0.6749;    0.543662;    0.0005;    02;
18:55 ;		 MultiViewCNN;    10;    0;    2;    2;    04;    0.6348;    0.6556    0.7214;    0.584908;    0.0005;    03;
18:55 ;		 MultiViewCNN;    10;    0;    2;    2;    05;    0.6443;    0.6463    0.7307;    0.605290;    0.0005;    00;
18:56 ;		 MultiViewCNN;    10;    0;    2;    2;    06;    0.6102;    0.6441    0.7152;    0.577605;    0.0005;    00;
18:56 ;		 MultiViewCNN;    10;    0;    2;    2;    07;    0.6290;    0.6430    0.7090;    0.596371;    0.0005;    01;
18:57 ;		 MultiViewCNN;    10;    0;    2;    2;    08;    0.6037;    0.6219    0.7523;    0.581347;    0.0005;    02;
18:57 ;		 MultiViewCNN;    10;    0;    2;    2;    09;    0.5959;    0.6203    0.7492;    0.651514;    0.0005;    00;
18:58 ;		 MultiViewCNN;    10;    0;    2;    2;    10;    0.5743;    0.6239    0.7430;    0.667683;    0.0005;    01;
18:58 ;		 MultiViewCNN;    10;    0;    2;    2;    11;    0.5859;    0.6051    0.7616;    0.650906;    0.0005;    02;
18:59 ;		 MultiViewCNN;    10;    0;    2;    2;    12;    0.5437;    0.6136    0.7554;    0.511281;    0.0005;    00;
18:59 ;		 MultiViewCNN;    10;    0;    2;    2;    13;    0.5563;    0.6072    0.7492;    0.682003;    0.0005;    01;
19:00 ;		 MultiViewCNN;    10;    0;    2;    2;    14;    0.5667;    0.6273    0.7245;    0.713318;    0.00025;    02;
19:00 ;		 MultiViewCNN;    10;    0;    2;    2;    15;    0.5284;    0.5929    0.7585;    0.631105;    0.00025;    03;
19:01 ;		 MultiViewCNN;    10;    0;    2;    2;    16;    0.5064;    0.5914    0.7957;    0.508650;    0.00025;    04;
19:01 ;		 MultiViewCNN;    10;    0;    2;    2;    17;    0.5039;    0.5902    0.7647;    0.556590;    0.00025;    00;
19:02 ;		 MultiViewCNN;    10;    0;    2;    2;    18;    0.5226;    0.5936    0.7523;    0.662486;    0.00025;    01;
19:02 ;		 MultiViewCNN;    10;    0;    2;    2;    19;    0.4717;    0.6150    0.7492;    0.686110;    0.00025;    02;
19:03 ;		 MultiViewCNN;    10;    0;    2;    2;    20;    0.5614;    0.5722    0.7926;    0.588867;    0.00025;    03;
19:04 ;		 MultiViewCNN;    10;    0;    2;    2;    21;    0.4776;    0.6181    0.7709;    0.552407;    0.00025;    04;
19:06 ;		 MultiViewCNN;    3;    0;    0;    3;    00;    0.6906;    0.7003    0.3498;    inf;    0.0001;    00;
19:06 ;		 MultiViewCNN;    3;    0;    0;    3;    01;    0.6930;    0.6963    0.4551;    0.489505;    0.0001;    00;
19:07 ;		 MultiViewCNN;    3;    0;    0;    3;    02;    0.6776;    0.6907    0.5542;    0.511547;    0.0001;    00;
19:07 ;		 MultiViewCNN;    3;    0;    0;    3;    03;    0.6816;    0.6864    0.6130;    0.522222;    0.0001;    00;
19:08 ;		 MultiViewCNN;    3;    0;    0;    3;    04;    0.6809;    0.6828    0.6316;    0.538134;    0.0001;    00;
19:08 ;		 MultiViewCNN;    3;    0;    0;    3;    05;    0.6796;    0.6812    0.6440;    0.541337;    0.0001;    00;
19:09 ;		 MultiViewCNN;    3;    0;    0;    3;    06;    0.6809;    0.6789    0.6656;    0.541975;    0.0001;    00;
19:09 ;		 MultiViewCNN;    3;    0;    0;    3;    07;    0.6682;    0.6770    0.6749;    0.549713;    0.0001;    00;
19:10 ;		 MultiViewCNN;    3;    0;    0;    3;    08;    0.6696;    0.6760    0.6811;    0.552778;    0.0001;    00;
19:10 ;		 MultiViewCNN;    3;    0;    0;    3;    09;    0.6643;    0.6752    0.6842;    0.560668;    0.0001;    00;
19:11 ;		 MultiViewCNN;    3;    0;    0;    3;    10;    0.6634;    0.6736    0.6904;    0.566422;    0.0001;    00;
19:12 ;		 MultiViewCNN;    3;    0;    0;    3;    11;    0.6507;    0.6722    0.6935;    0.568723;    0.0001;    00;
19:12 ;		 MultiViewCNN;    3;    0;    0;    3;    12;    0.6600;    0.6713    0.6966;    0.574050;    0.0001;    00;
19:13 ;		 MultiViewCNN;    3;    0;    0;    3;    13;    0.6503;    0.6701    0.6873;    0.575329;    0.0001;    00;
19:13 ;		 MultiViewCNN;    3;    0;    0;    3;    14;    0.6417;    0.6699    0.6811;    0.578484;    0.0001;    01;
19:14 ;		 MultiViewCNN;    3;    0;    0;    3;    15;    0.6462;    0.6695    0.6687;    0.593948;    0.0001;    02;
19:14 ;		 MultiViewCNN;    3;    0;    0;    3;    16;    0.6386;    0.6676    0.6718;    0.590285;    0.0001;    03;
19:15 ;		 MultiViewCNN;    3;    0;    0;    3;    17;    0.6394;    0.6667    0.6780;    0.590512;    0.0001;    04;
19:15 ;		 MultiViewCNN;    7;    0;    1;    3;    00;    0.6884;    0.6843    0.7368;    0.520307;    0.0001;    00;
19:16 ;		 MultiViewCNN;    7;    0;    1;    3;    01;    0.6905;    0.6837    0.7988;    0.517815;    0.0001;    00;
19:16 ;		 MultiViewCNN;    7;    0;    1;    3;    02;    0.6846;    0.6806    0.8514;    0.525126;    0.0001;    00;
19:17 ;		 MultiViewCNN;    7;    0;    1;    3;    03;    0.6836;    0.6762    0.8793;    0.521493;    0.0001;    00;
19:17 ;		 MultiViewCNN;    7;    0;    1;    3;    04;    0.6751;    0.6722    0.8762;    0.525077;    0.0001;    00;
19:18 ;		 MultiViewCNN;    7;    0;    1;    3;    05;    0.6764;    0.6692    0.8978;    0.526439;    0.0001;    01;
19:19 ;		 MultiViewCNN;    7;    0;    1;    3;    06;    0.6698;    0.6665    0.8885;    0.523009;    0.0001;    00;
19:19 ;		 MultiViewCNN;    7;    0;    1;    3;    07;    0.6745;    0.6637    0.8916;    0.525436;    0.0001;    01;
19:20 ;		 MultiViewCNN;    7;    0;    1;    3;    08;    0.6814;    0.6612    0.8824;    0.526467;    0.0001;    02;
19:20 ;		 MultiViewCNN;    7;    0;    1;    3;    09;    0.6718;    0.6587    0.8854;    0.526619;    0.0001;    03;
19:21 ;		 MultiViewCNN;    7;    0;    1;    3;    10;    0.6755;    0.6563    0.8824;    0.528396;    0.0001;    04;
19:21 ;		 MultiViewCNN;    11;    0;    2;    3;    00;    0.6906;    0.6912    0.8050;    0.491069;    0.0001;    00;
19:22 ;		 MultiViewCNN;    11;    0;    2;    3;    01;    0.6838;    0.6897    0.7616;    0.488494;    0.0001;    00;
19:22 ;		 MultiViewCNN;    11;    0;    2;    3;    02;    0.6945;    0.6863    0.7245;    0.501474;    0.0001;    01;
19:23 ;		 MultiViewCNN;    11;    0;    2;    3;    03;    0.6781;    0.6824    0.7090;    0.519236;    0.0001;    02;
19:24 ;		 MultiViewCNN;    11;    0;    2;    3;    04;    0.6858;    0.6797    0.7059;    0.529620;    0.0001;    03;
19:25 ;		 MultiViewCNN;    11;    0;    2;    3;    05;    0.6780;    0.6776    0.6873;    0.539430;    0.0001;    04;
19:26 ;		 MultiViewCNN;    4;    0;    0;    4;    00;    0.6857;    0.6882    0.6904;    0.518847;    0.0001;    00;
19:27 ;		 MultiViewCNN;    4;    0;    0;    4;    01;    0.6939;    0.6864    0.7183;    0.528652;    0.0001;    00;
19:27 ;		 MultiViewCNN;    4;    0;    0;    4;    02;    0.6794;    0.6856    0.7245;    0.532411;    0.0001;    00;
19:28 ;		 MultiViewCNN;    4;    0;    0;    4;    03;    0.6753;    0.6840    0.7214;    0.537066;    0.0001;    00;
19:28 ;		 MultiViewCNN;    4;    0;    0;    4;    04;    0.6777;    0.6825    0.7121;    0.540061;    0.0001;    01;
19:29 ;		 MultiViewCNN;    4;    0;    0;    4;    05;    0.6748;    0.6816    0.7152;    0.539782;    0.0001;    02;
19:29 ;		 MultiViewCNN;    4;    0;    0;    4;    06;    0.6832;    0.6798    0.7245;    0.546155;    0.0001;    03;
19:30 ;		 MultiViewCNN;    4;    0;    0;    4;    07;    0.6714;    0.6791    0.7152;    0.545166;    0.0001;    04;
19:31 ;		 MultiViewCNN;    8;    0;    1;    4;    00;    0.6926;    0.6887    0.7337;    0.497261;    0.0001;    00;
19:31 ;		 MultiViewCNN;    8;    0;    1;    4;    01;    0.6890;    0.6879    0.7214;    0.496489;    0.0001;    00;
19:32 ;		 MultiViewCNN;    8;    0;    1;    4;    02;    0.6921;    0.6846    0.7709;    0.500179;    0.0001;    01;
19:32 ;		 MultiViewCNN;    8;    0;    1;    4;    03;    0.6851;    0.6809    0.8142;    0.508805;    0.0001;    00;
19:33 ;		 MultiViewCNN;    8;    0;    1;    4;    04;    0.6782;    0.6770    0.8452;    0.518461;    0.0001;    00;
19:33 ;		 MultiViewCNN;    8;    0;    1;    4;    05;    0.6791;    0.6745    0.8607;    0.518054;    0.0001;    00;
19:34 ;		 MultiViewCNN;    8;    0;    1;    4;    06;    0.6801;    0.6716    0.8545;    0.522809;    0.0001;    00;
19:34 ;		 MultiViewCNN;    8;    0;    1;    4;    07;    0.6796;    0.6686    0.8545;    0.524601;    0.0001;    01;
19:35 ;		 MultiViewCNN;    8;    0;    1;    4;    08;    0.6680;    0.6652    0.8669;    0.510034;    0.0001;    02;
19:36 ;		 MultiViewCNN;    8;    0;    1;    4;    09;    0.6655;    0.6630    0.8607;    0.513263;    0.0001;    00;
19:36 ;		 MultiViewCNN;    8;    0;    1;    4;    10;    0.6743;    0.6599    0.8514;    0.525505;    0.0001;    01;
19:37 ;		 MultiViewCNN;    8;    0;    1;    4;    11;    0.6605;    0.6569    0.8545;    0.519585;    0.0001;    02;
19:37 ;		 MultiViewCNN;    8;    0;    1;    4;    12;    0.6669;    0.6534    0.8545;    0.518384;    0.0001;    03;
19:38 ;		 MultiViewCNN;    8;    0;    1;    4;    13;    0.6586;    0.6499    0.8638;    0.520612;    0.0001;    04;
19:39 ;		 MultiViewCNN;    12;    0;    2;    4;    00;    0.6951;    0.6959    0.5170;    0.474704;    0.0001;    00;
19:39 ;		 MultiViewCNN;    12;    0;    2;    4;    01;    0.6981;    0.6942    0.7833;    0.478489;    0.0001;    00;
19:40 ;		 MultiViewCNN;    12;    0;    2;    4;    02;    0.6851;    0.6909    0.8173;    0.481445;    0.0001;    00;
19:40 ;		 MultiViewCNN;    12;    0;    2;    4;    03;    0.6885;    0.6867    0.7957;    0.487716;    0.0001;    00;
19:41 ;		 MultiViewCNN;    12;    0;    2;    4;    04;    0.6781;    0.6823    0.7864;    0.499233;    0.0001;    01;
19:42 ;		 MultiViewCNN;    12;    0;    2;    4;    05;    0.6712;    0.6789    0.7616;    0.512485;    0.0001;    02;
19:42 ;		 MultiViewCNN;    12;    0;    2;    4;    06;    0.6804;    0.6764    0.7585;    0.517383;    0.0001;    03;
19:43 ;		 MultiViewCNN;    12;    0;    2;    4;    07;    0.6806;    0.6740    0.7554;    0.524186;    0.0001;    04;
19:45 ;		 MultiViewCNN;    13;    1;    0;    1;    00;    0.6835;    0.6969    0.3653;    0.507059;    0.0005;    00;
19:46 ;		 MultiViewCNN;    13;    1;    0;    1;    01;    0.6812;    0.6826    0.7121;    0.531667;    0.0005;    00;
19:46 ;		 MultiViewCNN;    13;    1;    0;    1;    02;    0.6738;    0.6677    0.7523;    0.567943;    0.0005;    00;
19:47 ;		 MultiViewCNN;    13;    1;    0;    1;    03;    0.6575;    0.6531    0.7771;    0.568247;    0.0005;    00;
19:47 ;		 MultiViewCNN;    13;    1;    0;    1;    04;    0.6462;    0.6434    0.7802;    0.572050;    0.0005;    00;
19:48 ;		 MultiViewCNN;    13;    1;    0;    1;    05;    0.6408;    0.6306    0.7833;    0.579048;    0.0005;    00;
19:49 ;		 MultiViewCNN;    13;    1;    0;    1;    06;    0.6354;    0.6184    0.7895;    0.556660;    0.0005;    00;
19:49 ;		 MultiViewCNN;    13;    1;    0;    1;    07;    0.6157;    0.6091    0.8050;    0.565841;    0.0005;    00;
19:50 ;		 MultiViewCNN;    13;    1;    0;    1;    08;    0.6171;    0.5949    0.8111;    0.523544;    0.0005;    00;
19:50 ;		 MultiViewCNN;    13;    1;    0;    1;    09;    0.5717;    0.5814    0.8142;    0.570179;    0.0005;    00;
19:51 ;		 MultiViewCNN;    13;    1;    0;    1;    10;    0.5765;    0.6015    0.8452;    0.435761;    0.0005;    00;
19:51 ;		 MultiViewCNN;    13;    1;    0;    1;    11;    0.5578;    0.5654    0.8297;    0.503827;    0.0005;    00;
19:52 ;		 MultiViewCNN;    13;    1;    0;    1;    12;    0.5407;    0.5385    0.8142;    0.560865;    0.0005;    01;
19:52 ;		 MultiViewCNN;    13;    1;    0;    1;    13;    0.5350;    0.5858    0.8483;    0.376445;    0.0005;    02;
19:53 ;		 MultiViewCNN;    13;    1;    0;    1;    14;    0.5312;    0.5237    0.8638;    0.561323;    0.0005;    00;
19:53 ;		 MultiViewCNN;    13;    1;    0;    1;    15;    0.4953;    0.5366    0.8235;    0.678254;    0.0005;    00;
19:54 ;		 MultiViewCNN;    13;    1;    0;    1;    16;    0.5047;    0.5686    0.8638;    0.303855;    0.0005;    01;
19:55 ;		 MultiViewCNN;    13;    1;    0;    1;    17;    0.4806;    0.4969    0.8545;    0.475668;    0.0005;    02;
19:55 ;		 MultiViewCNN;    13;    1;    0;    1;    18;    0.4878;    0.5653    0.9071;    0.336716;    0.0005;    03;
19:56 ;		 MultiViewCNN;    13;    1;    0;    1;    19;    0.4590;    0.4962    0.8947;    0.368224;    0.0005;    00;
19:56 ;		 MultiViewCNN;    13;    1;    0;    1;    20;    0.4544;    0.6263    0.9102;    0.299946;    0.0005;    01;
19:57 ;		 MultiViewCNN;    13;    1;    0;    1;    21;    0.4296;    0.5437    0.9288;    0.338947;    0.0005;    00;
19:57 ;		 MultiViewCNN;    13;    1;    0;    1;    22;    0.4088;    0.4302    0.9102;    0.424421;    0.0005;    00;
19:58 ;		 MultiViewCNN;    13;    1;    0;    1;    23;    0.3907;    0.4397    0.8793;    0.619841;    0.0005;    01;
19:58 ;		 MultiViewCNN;    13;    1;    0;    1;    24;    0.3988;    0.6730    0.9195;    0.172804;    0.0005;    02;
19:59 ;		 MultiViewCNN;    13;    1;    0;    1;    25;    0.4069;    0.7736    0.8390;    0.934085;    0.00025;    03;
19:59 ;		 MultiViewCNN;    13;    1;    0;    1;    26;    0.3655;    0.4369    0.8731;    0.585247;    0.00025;    04;
20:00 ;		 MultiViewCNN;    14;    1;    0;    2;    00;    0.6913;    0.6847    0.7802;    0.488718;    0.0005;    00;
20:01 ;		 MultiViewCNN;    14;    1;    0;    2;    01;    0.6763;    0.6752    0.7957;    0.491646;    0.0005;    00;
20:01 ;		 MultiViewCNN;    14;    1;    0;    2;    02;    0.6670;    0.6623    0.7957;    0.532835;    0.0005;    00;
20:02 ;		 MultiViewCNN;    14;    1;    0;    2;    03;    0.6636;    0.6523    0.7988;    0.580974;    0.0005;    01;
20:02 ;		 MultiViewCNN;    14;    1;    0;    2;    04;    0.6634;    0.6407    0.8050;    0.560817;    0.0005;    00;
20:03 ;		 MultiViewCNN;    14;    1;    0;    2;    05;    0.6546;    0.6310    0.8111;    0.600532;    0.0005;    00;
20:03 ;		 MultiViewCNN;    14;    1;    0;    2;    06;    0.6403;    0.6203    0.8297;    0.583270;    0.0005;    00;
20:04 ;		 MultiViewCNN;    14;    1;    0;    2;    07;    0.6360;    0.6107    0.8266;    0.577951;    0.0005;    00;
20:04 ;		 MultiViewCNN;    14;    1;    0;    2;    08;    0.6106;    0.5998    0.8421;    0.579823;    0.0005;    01;
20:05 ;		 MultiViewCNN;    14;    1;    0;    2;    09;    0.6162;    0.5917    0.8483;    0.553991;    0.0005;    00;
20:05 ;		 MultiViewCNN;    14;    1;    0;    2;    10;    0.6023;    0.5764    0.8452;    0.582146;    0.0005;    00;
20:06 ;		 MultiViewCNN;    14;    1;    0;    2;    11;    0.5873;    0.5732    0.8576;    0.553432;    0.0005;    01;
20:07 ;		 MultiViewCNN;    14;    1;    0;    2;    12;    0.5863;    0.5499    0.8545;    0.486404;    0.0005;    00;
20:07 ;		 MultiViewCNN;    14;    1;    0;    2;    13;    0.5487;    0.5473    0.8545;    0.501348;    0.0005;    01;
20:08 ;		 MultiViewCNN;    14;    1;    0;    2;    14;    0.5562;    0.5332    0.8700;    0.571118;    0.0005;    02;
20:08 ;		 MultiViewCNN;    14;    1;    0;    2;    15;    0.5326;    0.5259    0.8576;    0.641556;    0.0005;    00;
20:09 ;		 MultiViewCNN;    14;    1;    0;    2;    16;    0.4839;    0.5118    0.8607;    0.676370;    0.0005;    01;
20:09 ;		 MultiViewCNN;    14;    1;    0;    2;    17;    0.5105;    0.6054    0.8762;    0.336564;    0.0005;    02;
20:10 ;		 MultiViewCNN;    14;    1;    0;    2;    18;    0.4905;    0.4745    0.8947;    0.595128;    0.0005;    00;
20:10 ;		 MultiViewCNN;    14;    1;    0;    2;    19;    0.5010;    0.4969    0.8916;    0.523899;    0.0005;    00;
20:11 ;		 MultiViewCNN;    14;    1;    0;    2;    20;    0.4511;    0.4585    0.8947;    0.393165;    0.0005;    01;
20:11 ;		 MultiViewCNN;    14;    1;    0;    2;    21;    0.4087;    0.4539    0.8669;    0.572031;    0.0005;    02;
20:12 ;		 MultiViewCNN;    14;    1;    0;    2;    22;    0.4190;    0.4651    0.8978;    0.419948;    0.0005;    03;
20:12 ;		 MultiViewCNN;    14;    1;    0;    2;    23;    0.4238;    0.5003    0.8731;    0.751668;    0.0005;    00;
20:13 ;		 MultiViewCNN;    14;    1;    0;    2;    24;    0.3962;    0.8244    0.8947;    0.271241;    0.00025;    01;
20:13 ;		 MultiViewCNN;    14;    1;    0;    2;    25;    0.4087;    0.5255    0.9133;    0.161981;    0.00025;    02;
20:14 ;		 MultiViewCNN;    14;    1;    0;    2;    26;    0.3504;    0.6043    0.8731;    0.891001;    0.00025;    00;
20:14 ;		 MultiViewCNN;    14;    1;    0;    2;    27;    0.4156;    0.4227    0.8916;    0.679340;    0.00025;    01;
20:15 ;		 MultiViewCNN;    14;    1;    0;    2;    28;    0.3893;    0.4002    0.8916;    0.836641;    0.00025;    02;
20:15 ;		 MultiViewCNN;    14;    1;    0;    2;    29;    0.3506;    0.3947    0.9071;    0.798791;    0.00025;    03;
20:16 ;		 MultiViewCNN;    15;    1;    0;    3;    00;    0.6877;    0.6864    0.7368;    0.527887;    0.0001;    00;
20:17 ;		 MultiViewCNN;    15;    1;    0;    3;    01;    0.6875;    0.6849    0.7554;    0.533757;    0.0001;    00;
20:17 ;		 MultiViewCNN;    15;    1;    0;    3;    02;    0.6880;    0.6831    0.7678;    0.534880;    0.0001;    00;
20:18 ;		 MultiViewCNN;    15;    1;    0;    3;    03;    0.6809;    0.6810    0.7771;    0.534689;    0.0001;    00;
20:18 ;		 MultiViewCNN;    15;    1;    0;    3;    04;    0.6912;    0.6792    0.7709;    0.536792;    0.0001;    00;
20:19 ;		 MultiViewCNN;    15;    1;    0;    3;    05;    0.6828;    0.6776    0.7709;    0.538877;    0.0001;    01;
20:19 ;		 MultiViewCNN;    15;    1;    0;    3;    06;    0.6810;    0.6758    0.7740;    0.536178;    0.0001;    02;
20:20 ;		 MultiViewCNN;    15;    1;    0;    3;    07;    0.6801;    0.6740    0.7802;    0.534535;    0.0001;    03;
20:20 ;		 MultiViewCNN;    15;    1;    0;    3;    08;    0.6759;    0.6720    0.7926;    0.536493;    0.0001;    00;
20:21 ;		 MultiViewCNN;    15;    1;    0;    3;    09;    0.6725;    0.6700    0.7988;    0.537096;    0.0001;    00;
20:21 ;		 MultiViewCNN;    15;    1;    0;    3;    10;    0.6738;    0.6678    0.8080;    0.536956;    0.0001;    00;
20:22 ;		 MultiViewCNN;    15;    1;    0;    3;    11;    0.6694;    0.6659    0.8050;    0.531646;    0.0001;    00;
20:22 ;		 MultiViewCNN;    15;    1;    0;    3;    12;    0.6644;    0.6640    0.8019;    0.528515;    0.0001;    01;
20:23 ;		 MultiViewCNN;    15;    1;    0;    3;    13;    0.6668;    0.6620    0.8019;    0.556247;    0.0001;    02;
20:23 ;		 MultiViewCNN;    15;    1;    0;    3;    14;    0.6646;    0.6597    0.8050;    0.555512;    0.0001;    03;
20:24 ;		 MultiViewCNN;    15;    1;    0;    3;    15;    0.6669;    0.6581    0.7957;    0.555688;    0.0001;    04;
20:24 ;		 MultiViewCNN;    16;    1;    0;    4;    00;    0.7005;    0.6988    0.2632;    inf;    0.0001;    00;
20:25 ;		 MultiViewCNN;    16;    1;    0;    4;    01;    0.6938;    0.6971    0.3808;    0.488643;    0.0001;    00;
20:25 ;		 MultiViewCNN;    16;    1;    0;    4;    02;    0.6864;    0.6943    0.5232;    0.491787;    0.0001;    00;
20:26 ;		 MultiViewCNN;    16;    1;    0;    4;    03;    0.6896;    0.6913    0.5697;    0.495243;    0.0001;    00;
20:26 ;		 MultiViewCNN;    16;    1;    0;    4;    04;    0.6919;    0.6885    0.6130;    0.497403;    0.0001;    00;
20:27 ;		 MultiViewCNN;    16;    1;    0;    4;    05;    0.6849;    0.6857    0.6347;    0.524404;    0.0001;    00;
20:27 ;		 MultiViewCNN;    16;    1;    0;    4;    06;    0.6760;    0.6831    0.6625;    0.532343;    0.0001;    00;
20:28 ;		 MultiViewCNN;    16;    1;    0;    4;    07;    0.6795;    0.6807    0.6811;    0.542744;    0.0001;    00;
20:28 ;		 MultiViewCNN;    16;    1;    0;    4;    08;    0.6857;    0.6784    0.7059;    0.542129;    0.0001;    00;
20:29 ;		 MultiViewCNN;    16;    1;    0;    4;    09;    0.6691;    0.6759    0.7152;    0.539784;    0.0001;    00;
20:29 ;		 MultiViewCNN;    16;    1;    0;    4;    10;    0.6726;    0.6734    0.7214;    0.542524;    0.0001;    00;
20:30 ;		 MultiViewCNN;    16;    1;    0;    4;    11;    0.6767;    0.6708    0.7245;    0.547450;    0.0001;    00;
20:30 ;		 MultiViewCNN;    16;    1;    0;    4;    12;    0.6689;    0.6679    0.7461;    0.538613;    0.0001;    00;
20:31 ;		 MultiViewCNN;    16;    1;    0;    4;    13;    0.6677;    0.6659    0.7523;    0.541201;    0.0001;    00;
20:32 ;		 MultiViewCNN;    16;    1;    0;    4;    14;    0.6563;    0.6636    0.7554;    0.547218;    0.0001;    00;
20:32 ;		 MultiViewCNN;    16;    1;    0;    4;    15;    0.6636;    0.6611    0.7585;    0.553508;    0.0001;    00;
20:33 ;		 MultiViewCNN;    16;    1;    0;    4;    16;    0.6574;    0.6592    0.7585;    0.559420;    0.0001;    00;
20:33 ;		 MultiViewCNN;    16;    1;    0;    4;    17;    0.6616;    0.6566    0.7616;    0.565880;    0.0001;    01;
20:34 ;		 MultiViewCNN;    16;    1;    0;    4;    18;    0.6532;    0.6543    0.7647;    0.569926;    0.0001;    00;
20:34 ;		 MultiViewCNN;    16;    1;    0;    4;    19;    0.6607;    0.6524    0.7771;    0.571510;    0.0001;    00;
20:35 ;		 MultiViewCNN;    16;    1;    0;    4;    20;    0.6416;    0.6503    0.7771;    0.579723;    0.0001;    00;
20:35 ;		 MultiViewCNN;    16;    1;    0;    4;    21;    0.6464;    0.6474    0.7771;    0.576987;    0.0001;    01;
20:36 ;		 MultiViewCNN;    16;    1;    0;    4;    22;    0.6428;    0.6448    0.7957;    0.573285;    0.0001;    02;
20:36 ;		 MultiViewCNN;    16;    1;    0;    4;    23;    0.6516;    0.6428    0.7957;    0.582806;    0.0001;    00;
20:37 ;		 MultiViewCNN;    16;    1;    0;    4;    24;    0.6323;    0.6399    0.7957;    0.585129;    0.0001;    01;
20:37 ;		 MultiViewCNN;    16;    1;    0;    4;    25;    0.6399;    0.6376    0.7926;    0.592962;    0.0001;    02;
20:38 ;		 MultiViewCNN;    16;    1;    0;    4;    26;    0.6278;    0.6347    0.7926;    0.593170;    0.0001;    03;
20:38 ;		 MultiViewCNN;    16;    1;    0;    4;    27;    0.6240;    0.6323    0.7957;    0.590904;    0.0001;    04;
20:39 ;		 MultiViewCNN;    17;    1;    1;    1;    00;    0.7029;    0.6899    0.7647;    0.509289;    0.0005;    00;
20:39 ;		 MultiViewCNN;    17;    1;    1;    1;    01;    0.6828;    0.6841    0.8638;    0.510074;    0.0005;    00;
20:40 ;		 MultiViewCNN;    17;    1;    1;    1;    02;    0.6878;    0.6748    0.8607;    0.515601;    0.0005;    00;
20:41 ;		 MultiViewCNN;    17;    1;    1;    1;    03;    0.6614;    0.6626    0.8390;    0.536730;    0.0005;    01;
20:41 ;		 MultiViewCNN;    17;    1;    1;    1;    04;    0.6585;    0.6528    0.8452;    0.532863;    0.0005;    02;
20:42 ;		 MultiViewCNN;    17;    1;    1;    1;    05;    0.6530;    0.6427    0.8452;    0.556419;    0.0005;    03;
20:42 ;		 MultiViewCNN;    17;    1;    1;    1;    06;    0.6433;    0.6308    0.8421;    0.557611;    0.0005;    04;
20:43 ;		 MultiViewCNN;    18;    1;    1;    2;    00;    0.7018;    0.6881    0.8019;    0.513884;    0.0005;    00;
20:43 ;		 MultiViewCNN;    18;    1;    1;    2;    01;    0.6909;    0.6816    0.7492;    0.516969;    0.0005;    00;
20:44 ;		 MultiViewCNN;    18;    1;    1;    2;    02;    0.6701;    0.6746    0.7523;    0.519772;    0.0005;    01;
20:44 ;		 MultiViewCNN;    18;    1;    1;    2;    03;    0.6673;    0.6665    0.7585;    0.527920;    0.0005;    02;
20:45 ;		 MultiViewCNN;    18;    1;    1;    2;    04;    0.6637;    0.6595    0.7368;    0.549058;    0.0005;    03;
20:46 ;		 MultiViewCNN;    18;    1;    1;    2;    05;    0.6396;    0.6533    0.7368;    0.548393;    0.0005;    04;
20:46 ;		 MultiViewCNN;    19;    1;    1;    3;    00;    0.7030;    0.6919    0.5666;    0.515243;    0.0001;    00;
20:47 ;		 MultiViewCNN;    19;    1;    1;    3;    01;    0.7000;    0.6904    0.6625;    0.523699;    0.0001;    00;
20:47 ;		 MultiViewCNN;    19;    1;    1;    3;    02;    0.6915;    0.6882    0.7585;    0.531825;    0.0001;    00;
20:48 ;		 MultiViewCNN;    19;    1;    1;    3;    03;    0.6885;    0.6859    0.7678;    0.532137;    0.0001;    00;
20:48 ;		 MultiViewCNN;    19;    1;    1;    3;    04;    0.6821;    0.6840    0.7740;    0.533554;    0.0001;    00;
20:49 ;		 MultiViewCNN;    19;    1;    1;    3;    05;    0.6909;    0.6816    0.7926;    0.533240;    0.0001;    00;
20:49 ;		 MultiViewCNN;    19;    1;    1;    3;    06;    0.6686;    0.6797    0.8111;    0.532223;    0.0001;    00;
20:50 ;		 MultiViewCNN;    19;    1;    1;    3;    07;    0.6724;    0.6776    0.8019;    0.535459;    0.0001;    00;
20:50 ;		 MultiViewCNN;    19;    1;    1;    3;    08;    0.6747;    0.6755    0.8080;    0.537297;    0.0001;    01;
20:51 ;		 MultiViewCNN;    19;    1;    1;    3;    09;    0.6856;    0.6737    0.8204;    0.531667;    0.0001;    02;
20:51 ;		 MultiViewCNN;    19;    1;    1;    3;    10;    0.6782;    0.6719    0.8173;    0.534018;    0.0001;    00;
20:52 ;		 MultiViewCNN;    19;    1;    1;    3;    11;    0.6735;    0.6703    0.8204;    0.528769;    0.0001;    01;
20:53 ;		 MultiViewCNN;    19;    1;    1;    3;    12;    0.6628;    0.6683    0.8173;    0.534072;    0.0001;    02;
20:53 ;		 MultiViewCNN;    19;    1;    1;    3;    13;    0.6589;    0.6665    0.8050;    0.535651;    0.0001;    03;
20:54 ;		 MultiViewCNN;    19;    1;    1;    3;    14;    0.6657;    0.6647    0.8142;    0.530111;    0.0001;    04;
20:54 ;		 MultiViewCNN;    20;    1;    1;    4;    00;    0.6911;    0.6920    0.6594;    0.499970;    0.0001;    00;
20:55 ;		 MultiViewCNN;    20;    1;    1;    4;    01;    0.6938;    0.6890    0.7833;    0.508963;    0.0001;    00;
20:55 ;		 MultiViewCNN;    20;    1;    1;    4;    02;    0.6921;    0.6851    0.8514;    0.512459;    0.0001;    00;
20:56 ;		 MultiViewCNN;    20;    1;    1;    4;    03;    0.6804;    0.6809    0.8421;    0.519395;    0.0001;    00;
20:56 ;		 MultiViewCNN;    20;    1;    1;    4;    04;    0.6893;    0.6768    0.8266;    0.525811;    0.0001;    01;
20:57 ;		 MultiViewCNN;    20;    1;    1;    4;    05;    0.6675;    0.6734    0.8142;    0.528033;    0.0001;    02;
20:57 ;		 MultiViewCNN;    20;    1;    1;    4;    06;    0.6664;    0.6705    0.8111;    0.530889;    0.0001;    03;
20:58 ;		 MultiViewCNN;    20;    1;    1;    4;    07;    0.6681;    0.6678    0.8111;    0.529799;    0.0001;    04;
20:58 ;		 MultiViewCNN;    21;    1;    2;    1;    00;    0.6912;    0.6911    0.6006;    0.500410;    0.0005;    00;
20:59 ;		 MultiViewCNN;    21;    1;    2;    1;    01;    0.6771;    0.6846    0.7121;    0.509114;    0.0005;    00;
21:00 ;		 MultiViewCNN;    21;    1;    2;    1;    02;    0.6735;    0.6744    0.7833;    0.528134;    0.0005;    00;
21:00 ;		 MultiViewCNN;    21;    1;    2;    1;    03;    0.6612;    0.6641    0.8266;    0.545812;    0.0005;    00;
21:01 ;		 MultiViewCNN;    21;    1;    2;    1;    04;    0.6513;    0.6550    0.8019;    0.587157;    0.0005;    00;
21:01 ;		 MultiViewCNN;    21;    1;    2;    1;    05;    0.6434;    0.6405    0.8390;    0.579765;    0.0005;    01;
21:02 ;		 MultiViewCNN;    21;    1;    2;    1;    06;    0.6249;    0.6303    0.8266;    0.571718;    0.0005;    00;
21:02 ;		 MultiViewCNN;    21;    1;    2;    1;    07;    0.6260;    0.6223    0.8359;    0.569382;    0.0005;    01;
21:03 ;		 MultiViewCNN;    21;    1;    2;    1;    08;    0.6121;    0.6146    0.8514;    0.523070;    0.0005;    02;
21:03 ;		 MultiViewCNN;    21;    1;    2;    1;    09;    0.5991;    0.6030    0.8731;    0.524641;    0.0005;    00;
21:04 ;		 MultiViewCNN;    21;    1;    2;    1;    10;    0.5995;    0.5980    0.8638;    0.535882;    0.0005;    00;
21:04 ;		 MultiViewCNN;    21;    1;    2;    1;    11;    0.5715;    0.5859    0.8762;    0.575364;    0.0005;    01;
21:05 ;		 MultiViewCNN;    21;    1;    2;    1;    12;    0.5478;    0.5929    0.8483;    0.677147;    0.0005;    00;
21:06 ;		 MultiViewCNN;    21;    1;    2;    1;    13;    0.5402;    0.5593    0.8545;    0.654112;    0.0005;    01;
21:06 ;		 MultiViewCNN;    21;    1;    2;    1;    14;    0.5336;    0.5503    0.8916;    0.484553;    0.0005;    02;
21:07 ;		 MultiViewCNN;    21;    1;    2;    1;    15;    0.5194;    0.6541    0.9009;    0.292571;    0.0005;    00;
21:07 ;		 MultiViewCNN;    21;    1;    2;    1;    16;    0.4890;    0.5440    0.8793;    0.581112;    0.0005;    00;
21:08 ;		 MultiViewCNN;    21;    1;    2;    1;    17;    0.4867;    0.5022    0.8854;    0.698053;    0.0005;    01;
21:08 ;		 MultiViewCNN;    21;    1;    2;    1;    18;    0.4957;    0.5538    0.9071;    0.381366;    0.0005;    02;
21:09 ;		 MultiViewCNN;    21;    1;    2;    1;    19;    0.4425;    0.5441    0.8731;    0.420007;    0.0005;    00;
21:09 ;		 MultiViewCNN;    21;    1;    2;    1;    20;    0.4345;    0.5296    0.8916;    0.430098;    0.00025;    01;
21:10 ;		 MultiViewCNN;    21;    1;    2;    1;    21;    0.4400;    0.5223    0.9071;    0.380671;    0.00025;    02;
21:10 ;		 MultiViewCNN;    21;    1;    2;    1;    22;    0.4687;    0.4925    0.8978;    0.536947;    0.00025;    03;
21:11 ;		 MultiViewCNN;    21;    1;    2;    1;    23;    0.4148;    0.5094    0.8762;    0.531333;    0.00025;    04;
21:12 ;		 MultiViewCNN;    22;    1;    2;    2;    00;    0.6803;    0.6859    0.8297;    0.521915;    0.0005;    00;
21:12 ;		 MultiViewCNN;    22;    1;    2;    2;    01;    0.6685;    0.6722    0.8545;    0.534813;    0.0005;    00;
21:13 ;		 MultiViewCNN;    22;    1;    2;    2;    02;    0.6626;    0.6536    0.8514;    0.557012;    0.0005;    00;
21:13 ;		 MultiViewCNN;    22;    1;    2;    2;    03;    0.6428;    0.6350    0.8514;    0.584263;    0.0005;    01;
21:14 ;		 MultiViewCNN;    22;    1;    2;    2;    04;    0.6393;    0.6131    0.8638;    0.595954;    0.0005;    02;
21:14 ;		 MultiViewCNN;    22;    1;    2;    2;    05;    0.6172;    0.6046    0.8854;    0.559058;    0.0005;    00;
21:15 ;		 MultiViewCNN;    22;    1;    2;    2;    06;    0.6208;    0.6025    0.8916;    0.532456;    0.0005;    00;
21:15 ;		 MultiViewCNN;    22;    1;    2;    2;    07;    0.6112;    0.5913    0.8762;    0.477300;    0.0005;    00;
21:16 ;		 MultiViewCNN;    22;    1;    2;    2;    08;    0.6060;    0.5644    0.8947;    0.651193;    0.0005;    01;
21:16 ;		 MultiViewCNN;    22;    1;    2;    2;    09;    0.5695;    0.5477    0.8978;    0.632808;    0.0005;    00;
21:17 ;		 MultiViewCNN;    22;    1;    2;    2;    10;    0.5602;    0.5326    0.9009;    0.500745;    0.0005;    00;
21:17 ;		 MultiViewCNN;    22;    1;    2;    2;    11;    0.5714;    0.5492    0.8916;    0.453385;    0.0005;    00;
21:18 ;		 MultiViewCNN;    22;    1;    2;    2;    12;    0.4864;    0.5101    0.8824;    0.494858;    0.0005;    01;
21:18 ;		 MultiViewCNN;    22;    1;    2;    2;    13;    0.4878;    0.6002    0.8359;    0.403570;    0.0005;    02;
21:19 ;		 MultiViewCNN;    22;    1;    2;    2;    14;    0.5268;    0.4927    0.8793;    0.546319;    0.0005;    03;
21:19 ;		 MultiViewCNN;    22;    1;    2;    2;    15;    0.4829;    0.4657    0.8978;    0.539283;    0.0005;    04;
21:20 ;		 MultiViewCNN;    23;    1;    2;    3;    00;    0.6925;    0.6924    0.5263;    0.500726;    0.0001;    00;
21:20 ;		 MultiViewCNN;    23;    1;    2;    3;    01;    0.6839;    0.6914    0.5232;    0.506378;    0.0001;    00;
21:21 ;		 MultiViewCNN;    23;    1;    2;    3;    02;    0.6905;    0.6897    0.5728;    0.515923;    0.0001;    01;
21:22 ;		 MultiViewCNN;    23;    1;    2;    3;    03;    0.6853;    0.6869    0.7430;    0.520950;    0.0001;    00;
21:22 ;		 MultiViewCNN;    23;    1;    2;    3;    04;    0.6805;    0.6845    0.8050;    0.525664;    0.0001;    00;
21:23 ;		 MultiViewCNN;    23;    1;    2;    3;    05;    0.6794;    0.6822    0.8173;    0.524387;    0.0001;    00;
21:23 ;		 MultiViewCNN;    23;    1;    2;    3;    06;    0.6807;    0.6798    0.8142;    0.526246;    0.0001;    00;
21:24 ;		 MultiViewCNN;    23;    1;    2;    3;    07;    0.6794;    0.6777    0.8204;    0.525753;    0.0001;    01;
21:24 ;		 MultiViewCNN;    23;    1;    2;    3;    08;    0.6734;    0.6752    0.8204;    0.528806;    0.0001;    00;
21:25 ;		 MultiViewCNN;    23;    1;    2;    3;    09;    0.6757;    0.6730    0.8328;    0.530377;    0.0001;    01;
21:25 ;		 MultiViewCNN;    23;    1;    2;    3;    10;    0.6749;    0.6713    0.7988;    0.533143;    0.0001;    00;
21:26 ;		 MultiViewCNN;    23;    1;    2;    3;    11;    0.6663;    0.6696    0.7926;    0.546327;    0.0001;    01;
21:26 ;		 MultiViewCNN;    23;    1;    2;    3;    12;    0.6642;    0.6669    0.7988;    0.544592;    0.0001;    02;
21:27 ;		 MultiViewCNN;    23;    1;    2;    3;    13;    0.6537;    0.6650    0.7988;    0.547441;    0.0001;    03;
21:27 ;		 MultiViewCNN;    23;    1;    2;    3;    14;    0.6636;    0.6623    0.8019;    0.547588;    0.0001;    04;
21:28 ;		 MultiViewCNN;    24;    1;    2;    4;    00;    0.6917;    0.6887    0.7090;    0.516473;    0.0001;    00;
21:28 ;		 MultiViewCNN;    24;    1;    2;    4;    01;    0.6805;    0.6867    0.7183;    0.518667;    0.0001;    00;
21:29 ;		 MultiViewCNN;    24;    1;    2;    4;    02;    0.6832;    0.6844    0.7523;    0.519955;    0.0001;    00;
21:29 ;		 MultiViewCNN;    24;    1;    2;    4;    03;    0.6753;    0.6819    0.7740;    0.518203;    0.0001;    00;
21:30 ;		 MultiViewCNN;    24;    1;    2;    4;    04;    0.6723;    0.6791    0.7895;    0.522972;    0.0001;    00;
21:30 ;		 MultiViewCNN;    24;    1;    2;    4;    05;    0.6781;    0.6764    0.7957;    0.526794;    0.0001;    00;
21:31 ;		 MultiViewCNN;    24;    1;    2;    4;    06;    0.6735;    0.6740    0.7926;    0.527681;    0.0001;    00;
21:31 ;		 MultiViewCNN;    24;    1;    2;    4;    07;    0.6774;    0.6718    0.7895;    0.530586;    0.0001;    01;
21:32 ;		 MultiViewCNN;    24;    1;    2;    4;    08;    0.6695;    0.6697    0.7957;    0.525973;    0.0001;    02;
21:32 ;		 MultiViewCNN;    24;    1;    2;    4;    09;    0.6673;    0.6673    0.7957;    0.525215;    0.0001;    03;
21:33 ;		 MultiViewCNN;    24;    1;    2;    4;    10;    0.6580;    0.6645    0.8080;    0.521749;    0.0001;    04;
21:34 ;		 MultiViewCNN;    24;    1;    2;    4;    11;    0.6632;    0.6620    0.8080;    0.532644;    0.0001;    00;
21:34 ;		 MultiViewCNN;    24;    1;    2;    4;    12;    0.6664;    0.6600    0.7957;    0.547053;    0.0001;    01;
21:35 ;		 MultiViewCNN;    24;    1;    2;    4;    13;    0.6500;    0.6573    0.8111;    0.545079;    0.0001;    02;
21:35 ;		 MultiViewCNN;    24;    1;    2;    4;    14;    0.6518;    0.6551    0.8204;    0.544224;    0.0001;    00;
21:36 ;		 MultiViewCNN;    24;    1;    2;    4;    15;    0.6474;    0.6533    0.8235;    0.544946;    0.0001;    00;
21:36 ;		 MultiViewCNN;    24;    1;    2;    4;    16;    0.6578;    0.6516    0.8235;    0.548013;    0.0001;    00;
21:37 ;		 MultiViewCNN;    24;    1;    2;    4;    17;    0.6536;    0.6493    0.8266;    0.540512;    0.0001;    01;
21:37 ;		 MultiViewCNN;    24;    1;    2;    4;    18;    0.6473;    0.6474    0.8359;    0.536336;    0.0001;    00;
21:38 ;		 MultiViewCNN;    24;    1;    2;    4;    19;    0.6513;    0.6458    0.8359;    0.539754;    0.0001;    00;
21:38 ;		 MultiViewCNN;    24;    1;    2;    4;    20;    0.6397;    0.6440    0.8390;    0.543241;    0.0001;    01;
21:39 ;		 MultiViewCNN;    24;    1;    2;    4;    21;    0.6410;    0.6422    0.8390;    0.536608;    0.0001;    00;
21:39 ;		 MultiViewCNN;    24;    1;    2;    4;    22;    0.6361;    0.6415    0.8359;    0.540741;    0.0001;    01;
21:40 ;		 MultiViewCNN;    24;    1;    2;    4;    23;    0.6359;    0.6399    0.8421;    0.548315;    0.0001;    02;
21:40 ;		 MultiViewCNN;    24;    1;    2;    4;    24;    0.6351;    0.6379    0.8390;    0.534426;    0.0001;    00;
21:41 ;		 MultiViewCNN;    24;    1;    2;    4;    25;    0.6279;    0.6362    0.8390;    0.542205;    0.0001;    01;
21:41 ;		 MultiViewCNN;    24;    1;    2;    4;    26;    0.6205;    0.6348    0.8421;    0.552229;    0.0001;    02;
21:42 ;		 MultiViewCNN;    24;    1;    2;    4;    27;    0.6277;    0.6322    0.8452;    0.559409;    0.0001;    03;
21:42 ;		 MultiViewCNN;    24;    1;    2;    4;    28;    0.6288;    0.6293    0.8483;    0.567771;    0.0001;    00;
21:43 ;		 MultiViewCNN;    24;    1;    2;    4;    29;    0.6353;    0.6274    0.8483;    0.569934;    0.0001;    00;
23:28 ;		 META+MLP;    61;    0;    0;    1;    00;    0.6389;    0.6853    0.6548;    0.499515;    0.0003;    00;
23:28 ;		 META+MLP;    61;    0;    0;    1;    01;    0.6658;    0.6766    0.6703;    0.514408;    0.0003;    00;
23:28 ;		 META+MLP;    61;    0;    0;    1;    02;    0.6594;    0.6639    0.6734;    0.477112;    0.0003;    00;
23:28 ;		 META+MLP;    61;    0;    0;    1;    03;    0.6534;    0.6534    0.6734;    0.485114;    0.0003;    00;
23:28 ;		 META+MLP;    61;    0;    0;    1;    04;    0.6902;    0.6483    0.6765;    0.489121;    0.0003;    01;
23:28 ;		 META+MLP;    61;    0;    0;    1;    05;    0.6739;    0.6386    0.6796;    0.504420;    0.0003;    00;
23:28 ;		 META+MLP;    61;    0;    0;    1;    06;    0.6125;    0.6339    0.6827;    0.505776;    0.0003;    00;
23:28 ;		 META+MLP;    61;    0;    0;    1;    07;    0.7224;    0.6317    0.6889;    0.444852;    0.0003;    00;
23:28 ;		 META+MLP;    61;    0;    0;    1;    08;    0.6192;    0.6277    0.6889;    0.464689;    0.0003;    00;
23:28 ;		 META+MLP;    61;    0;    0;    1;    09;    0.6480;    0.6312    0.6827;    0.511533;    0.0003;    01;
23:28 ;		 META+MLP;    61;    0;    0;    1;    10;    0.6184;    0.6325    0.6827;    0.501695;    0.0003;    02;
23:28 ;		 META+MLP;    61;    0;    0;    1;    11;    0.6557;    0.6322    0.6796;    0.502734;    0.00015;    03;
23:28 ;		 META+MLP;    61;    0;    0;    1;    12;    0.6501;    0.6311    0.6827;    0.506217;    0.00015;    04;
23:28 ;		 META+MLP;    62;    0;    0;    2;    00;    0.7428;    0.6918    0.6672;    0.430367;    0.0003;    00;
23:28 ;		 META+MLP;    62;    0;    0;    2;    01;    0.7204;    0.6962    0.6517;    0.403538;    0.0003;    00;
23:28 ;		 META+MLP;    62;    0;    0;    2;    02;    0.6771;    0.6893    0.6827;    0.396063;    0.0003;    01;
23:28 ;		 META+MLP;    62;    0;    0;    2;    03;    0.6853;    0.6888    0.6827;    0.394496;    0.0003;    00;
23:28 ;		 META+MLP;    62;    0;    0;    2;    04;    0.7204;    0.6837    0.6796;    0.398563;    0.0003;    01;
23:28 ;		 META+MLP;    62;    0;    0;    2;    05;    0.7224;    0.6785    0.6734;    0.405580;    0.0003;    02;
23:28 ;		 META+MLP;    62;    0;    0;    2;    06;    0.7091;    0.6760    0.6641;    0.409579;    0.0003;    03;
23:28 ;		 META+MLP;    62;    0;    0;    2;    07;    0.6612;    0.6718    0.6703;    0.411881;    0.0003;    04;
23:28 ;		 META+MLP;    63;    0;    0;    3;    00;    0.6522;    0.6747    0.6579;    0.551960;    0.001;    00;
23:28 ;		 META+MLP;    63;    0;    0;    3;    01;    0.6558;    0.6623    0.6672;    0.526302;    0.001;    00;
23:28 ;		 META+MLP;    63;    0;    0;    3;    02;    0.6863;    0.6525    0.6734;    0.534467;    0.001;    00;
23:28 ;		 META+MLP;    63;    0;    0;    3;    03;    0.6834;    0.6445    0.6796;    0.551021;    0.001;    00;
23:28 ;		 META+MLP;    63;    0;    0;    3;    04;    0.6549;    0.6440    0.6734;    0.548834;    0.001;    00;
23:28 ;		 META+MLP;    63;    0;    0;    3;    05;    0.6275;    0.6433    0.6765;    0.546791;    0.001;    01;
23:28 ;		 META+MLP;    63;    0;    0;    3;    06;    0.6594;    0.6471    0.6734;    0.548789;    0.001;    02;
23:28 ;		 META+MLP;    63;    0;    0;    3;    07;    0.5907;    0.6499    0.6703;    0.550570;    0.001;    03;
23:28 ;		 META+MLP;    63;    0;    0;    3;    08;    0.6118;    0.6471    0.6734;    0.551759;    0.0005;    04;
23:28 ;		 META+MLP;    64;    0;    0;    4;    00;    0.6734;    0.6838    0.5402;    0.495194;    0.001;    00;
23:28 ;		 META+MLP;    64;    0;    0;    4;    01;    0.6356;    0.6739    0.5774;    0.518520;    0.001;    00;
23:28 ;		 META+MLP;    64;    0;    0;    4;    02;    0.6534;    0.6617    0.6207;    0.556986;    0.001;    00;
23:28 ;		 META+MLP;    64;    0;    0;    4;    03;    0.6448;    0.6560    0.6796;    0.557287;    0.001;    00;
23:28 ;		 META+MLP;    64;    0;    0;    4;    04;    0.6310;    0.6524    0.6796;    0.563385;    0.001;    00;
23:28 ;		 META+MLP;    64;    0;    0;    4;    05;    0.6223;    0.6530    0.6765;    0.569858;    0.001;    01;
23:28 ;		 META+MLP;    64;    0;    0;    4;    06;    0.6156;    0.6591    0.6765;    0.570436;    0.001;    02;
23:28 ;		 META+MLP;    64;    0;    0;    4;    07;    0.6462;    0.6572    0.6734;    0.583399;    0.0005;    03;
23:28 ;		 META+MLP;    64;    0;    0;    4;    08;    0.6118;    0.6544    0.6765;    0.582379;    0.0005;    04;
23:28 ;		 META+MLP;    65;    0;    1;    1;    00;    0.6722;    0.6860    0.6703;    0.524109;    0.0003;    00;
23:28 ;		 META+MLP;    65;    0;    1;    1;    01;    0.7257;    0.6822    0.7291;    0.508227;    0.0003;    00;
23:28 ;		 META+MLP;    65;    0;    1;    1;    02;    0.6722;    0.6744    0.7322;    0.503025;    0.0003;    00;
23:28 ;		 META+MLP;    65;    0;    1;    1;    03;    0.6860;    0.6640    0.7693;    0.523465;    0.0003;    00;
23:28 ;		 META+MLP;    65;    0;    1;    1;    04;    0.7117;    0.6580    0.7632;    0.480106;    0.0003;    00;
23:28 ;		 META+MLP;    65;    0;    1;    1;    05;    0.6730;    0.6504    0.6950;    0.520980;    0.0003;    01;
23:28 ;		 META+MLP;    65;    0;    1;    1;    06;    0.6547;    0.6502    0.6981;    0.515836;    0.0003;    02;
23:28 ;		 META+MLP;    65;    0;    1;    1;    07;    0.6886;    0.6463    0.7260;    0.491306;    0.0003;    03;
23:28 ;		 META+MLP;    65;    0;    1;    1;    08;    0.7150;    0.6458    0.7074;    0.532582;    0.0003;    04;
23:28 ;		 META+MLP;    66;    0;    1;    2;    00;    0.6971;    0.6615    0.7198;    0.505242;    0.0003;    00;
23:28 ;		 META+MLP;    66;    0;    1;    2;    01;    0.6892;    0.6472    0.7198;    0.501330;    0.0003;    00;
23:28 ;		 META+MLP;    66;    0;    1;    2;    02;    0.6960;    0.6350    0.7477;    0.510430;    0.0003;    01;
23:28 ;		 META+MLP;    66;    0;    1;    2;    03;    0.6922;    0.6286    0.7508;    0.522059;    0.0003;    00;
23:28 ;		 META+MLP;    66;    0;    1;    2;    04;    0.6340;    0.6292    0.7446;    0.517732;    0.0003;    00;
23:28 ;		 META+MLP;    66;    0;    1;    2;    05;    0.6616;    0.6248    0.7508;    0.519063;    0.0003;    01;
23:28 ;		 META+MLP;    66;    0;    1;    2;    06;    0.6403;    0.6259    0.7446;    0.526840;    0.0003;    02;
23:28 ;		 META+MLP;    66;    0;    1;    2;    07;    0.6639;    0.6247    0.7291;    0.531908;    0.0003;    03;
23:28 ;		 META+MLP;    66;    0;    1;    2;    08;    0.6861;    0.6206    0.7229;    0.541309;    0.0003;    04;
23:28 ;		 META+MLP;    67;    0;    1;    3;    00;    0.7189;    0.6745    0.6424;    0.517111;    0.001;    00;
23:28 ;		 META+MLP;    67;    0;    1;    3;    01;    0.7370;    0.6561    0.6579;    0.529271;    0.001;    00;
23:28 ;		 META+MLP;    67;    0;    1;    3;    02;    0.7379;    0.6336    0.7198;    0.532724;    0.001;    00;
23:28 ;		 META+MLP;    67;    0;    1;    3;    03;    0.7104;    0.6185    0.7229;    0.544599;    0.001;    00;
23:28 ;		 META+MLP;    67;    0;    1;    3;    04;    0.6930;    0.6097    0.7353;    0.554064;    0.001;    00;
23:28 ;		 META+MLP;    67;    0;    1;    3;    05;    0.6499;    0.6106    0.7508;    0.545867;    0.001;    00;
23:28 ;		 META+MLP;    67;    0;    1;    3;    06;    0.6316;    0.6094    0.7446;    0.552420;    0.001;    00;
23:28 ;		 META+MLP;    67;    0;    1;    3;    07;    0.6360;    0.5996    0.7446;    0.557977;    0.001;    01;
23:28 ;		 META+MLP;    67;    0;    1;    3;    08;    0.6852;    0.6058    0.7446;    0.554635;    0.001;    02;
23:28 ;		 META+MLP;    67;    0;    1;    3;    09;    0.6463;    0.6037    0.7446;    0.549474;    0.001;    03;
23:28 ;		 META+MLP;    67;    0;    1;    3;    10;    0.6508;    0.5995    0.7415;    0.564624;    0.0005;    04;
23:28 ;		 META+MLP;    68;    0;    1;    4;    00;    0.7399;    0.6843    0.7353;    0.444817;    0.001;    00;
23:28 ;		 META+MLP;    68;    0;    1;    4;    01;    0.6896;    0.6674    0.7477;    0.431814;    0.001;    00;
23:28 ;		 META+MLP;    68;    0;    1;    4;    02;    0.7122;    0.6524    0.7508;    0.438716;    0.001;    00;
23:28 ;		 META+MLP;    68;    0;    1;    4;    03;    0.7318;    0.6348    0.7601;    0.442559;    0.001;    00;
23:28 ;		 META+MLP;    68;    0;    1;    4;    04;    0.6043;    0.6200    0.7415;    0.479686;    0.001;    00;
23:28 ;		 META+MLP;    68;    0;    1;    4;    05;    0.5947;    0.6172    0.7260;    0.492393;    0.001;    01;
23:28 ;		 META+MLP;    68;    0;    1;    4;    06;    0.6824;    0.6120    0.7229;    0.507196;    0.001;    02;
23:28 ;		 META+MLP;    68;    0;    1;    4;    07;    0.6450;    0.6073    0.7167;    0.511045;    0.001;    03;
23:28 ;		 META+MLP;    68;    0;    1;    4;    08;    0.6557;    0.6084    0.7136;    0.511747;    0.001;    04;
23:28 ;		 META+MLP;    69;    0;    2;    1;    00;    0.7102;    0.6936    0.6889;    0.438664;    0.0003;    00;
23:28 ;		 META+MLP;    69;    0;    2;    1;    01;    0.6705;    0.6878    0.6734;    0.428677;    0.0003;    00;
23:28 ;		 META+MLP;    69;    0;    2;    1;    02;    0.7258;    0.6855    0.5619;    0.462420;    0.0003;    01;
23:28 ;		 META+MLP;    69;    0;    2;    1;    03;    0.6257;    0.6822    0.5433;    0.468120;    0.0003;    02;
23:28 ;		 META+MLP;    69;    0;    2;    1;    04;    0.7054;    0.6749    0.5681;    0.477989;    0.0003;    03;
23:28 ;		 META+MLP;    69;    0;    2;    1;    05;    0.7014;    0.6774    0.5712;    0.473958;    0.0003;    04;
23:28 ;		 META+MLP;    70;    0;    2;    2;    00;    0.6846;    0.6817    0.6084;    0.502186;    0.0003;    00;
23:28 ;		 META+MLP;    70;    0;    2;    2;    01;    0.7025;    0.6682    0.6269;    0.505291;    0.0003;    00;
23:28 ;		 META+MLP;    70;    0;    2;    2;    02;    0.7291;    0.6594    0.6146;    0.492735;    0.0003;    00;
23:28 ;		 META+MLP;    70;    0;    2;    2;    03;    0.6751;    0.6497    0.6981;    0.468629;    0.0003;    01;
23:28 ;		 META+MLP;    70;    0;    2;    2;    04;    0.6445;    0.6458    0.7167;    0.461031;    0.0003;    00;
23:28 ;		 META+MLP;    70;    0;    2;    2;    05;    0.6440;    0.6409    0.7322;    0.434479;    0.0003;    00;
23:28 ;		 META+MLP;    70;    0;    2;    2;    06;    0.6746;    0.6321    0.7322;    0.503807;    0.0003;    00;
23:28 ;		 META+MLP;    70;    0;    2;    2;    07;    0.6630;    0.6374    0.7229;    0.484898;    0.0003;    01;
23:28 ;		 META+MLP;    70;    0;    2;    2;    08;    0.6833;    0.6367    0.7136;    0.495283;    0.0003;    02;
23:28 ;		 META+MLP;    70;    0;    2;    2;    09;    0.6407;    0.6343    0.7198;    0.487288;    0.00015;    03;
23:28 ;		 META+MLP;    70;    0;    2;    2;    10;    0.6884;    0.6302    0.7291;    0.486731;    0.00015;    04;
23:28 ;		 META+MLP;    71;    0;    2;    3;    00;    0.7550;    0.6766    0.7260;    0.533388;    0.001;    00;
23:28 ;		 META+MLP;    71;    0;    2;    3;    01;    0.7132;    0.6612    0.7136;    0.523556;    0.001;    00;
23:28 ;		 META+MLP;    71;    0;    2;    3;    02;    0.6870;    0.6497    0.7043;    0.520239;    0.001;    01;
23:28 ;		 META+MLP;    71;    0;    2;    3;    03;    0.6590;    0.6495    0.6950;    0.512772;    0.001;    02;
23:28 ;		 META+MLP;    71;    0;    2;    3;    04;    0.6552;    0.6462    0.6950;    0.513270;    0.001;    03;
23:28 ;		 META+MLP;    71;    0;    2;    3;    05;    0.6206;    0.6368    0.6950;    0.514050;    0.001;    04;
23:28 ;		 META+MLP;    72;    0;    2;    4;    00;    0.7140;    0.6830    0.6765;    0.491679;    0.001;    00;
23:28 ;		 META+MLP;    72;    0;    2;    4;    01;    0.6777;    0.6655    0.7198;    0.534983;    0.001;    00;
23:28 ;		 META+MLP;    72;    0;    2;    4;    02;    0.6517;    0.6573    0.6827;    0.561510;    0.001;    00;
23:28 ;		 META+MLP;    72;    0;    2;    4;    03;    0.6409;    0.6536    0.6796;    0.566147;    0.001;    01;
23:28 ;		 META+MLP;    72;    0;    2;    4;    04;    0.6488;    0.6509    0.6827;    0.564251;    0.001;    02;
23:28 ;		 META+MLP;    72;    0;    2;    4;    05;    0.5965;    0.6511    0.6796;    0.563545;    0.001;    03;
23:28 ;		 META+MLP;    72;    0;    2;    4;    06;    0.6364;    0.6482    0.6703;    0.569541;    0.001;    04;
20:04 ;		 META+MLP;    73;    1;    0;    1;    00;    0.7835;    0.6978    0.4180;    0.477457;    0.0003;    00;
20:04 ;		 META+MLP;    73;    1;    0;    1;    01;    0.7784;    0.7025    0.3839;    0.525430;    0.0003;    00;
20:04 ;		 META+MLP;    73;    1;    0;    1;    02;    0.7449;    0.7019    0.3653;    0.481684;    0.0003;    01;
20:04 ;		 META+MLP;    73;    1;    0;    1;    03;    0.7177;    0.6900    0.5356;    0.496103;    0.0003;    02;
20:04 ;		 META+MLP;    73;    1;    0;    1;    04;    0.7199;    0.6786    0.6656;    0.495004;    0.0003;    00;
20:04 ;		 META+MLP;    73;    1;    0;    1;    05;    0.7022;    0.6760    0.6811;    0.504546;    0.0003;    00;
20:04 ;		 META+MLP;    73;    1;    0;    1;    06;    0.6966;    0.6705    0.6625;    0.494551;    0.0003;    00;
20:04 ;		 META+MLP;    73;    1;    0;    1;    07;    0.6901;    0.6599    0.7307;    0.509617;    0.0003;    01;
20:04 ;		 META+MLP;    73;    1;    0;    1;    08;    0.6716;    0.6527    0.7337;    0.527862;    0.0003;    00;
20:04 ;		 META+MLP;    73;    1;    0;    1;    09;    0.7088;    0.6528    0.7399;    0.516819;    0.0003;    00;
20:04 ;		 META+MLP;    73;    1;    0;    1;    10;    0.6684;    0.6469    0.7368;    0.518553;    0.0003;    00;
20:04 ;		 META+MLP;    73;    1;    0;    1;    11;    0.7034;    0.6448    0.7430;    0.464477;    0.0003;    01;
20:04 ;		 META+MLP;    73;    1;    0;    1;    12;    0.6696;    0.6411    0.7430;    0.513886;    0.0003;    00;
20:04 ;		 META+MLP;    73;    1;    0;    1;    13;    0.6417;    0.6338    0.7368;    0.511473;    0.0003;    01;
20:04 ;		 META+MLP;    73;    1;    0;    1;    14;    0.7038;    0.6337    0.7492;    0.510438;    0.0003;    02;
20:04 ;		 META+MLP;    73;    1;    0;    1;    15;    0.6825;    0.6296    0.7430;    0.504222;    0.0003;    00;
20:04 ;		 META+MLP;    73;    1;    0;    1;    16;    0.6907;    0.6268    0.7461;    0.501578;    0.0003;    01;
20:04 ;		 META+MLP;    73;    1;    0;    1;    17;    0.6215;    0.6245    0.7430;    0.510239;    0.0003;    02;
20:04 ;		 META+MLP;    74;    1;    0;    2;    00;    0.7193;    0.7134    0.3189;    0.459829;    0.0003;    00;
20:04 ;		 META+MLP;    74;    1;    0;    2;    01;    0.7008;    0.7092    0.3096;    0.456011;    0.0003;    00;
20:04 ;		 META+MLP;    74;    1;    0;    2;    02;    0.6829;    0.7034    0.4520;    0.484464;    0.0003;    01;
20:04 ;		 META+MLP;    74;    1;    0;    2;    03;    0.6829;    0.6947    0.5387;    0.487122;    0.0003;    00;
20:04 ;		 META+MLP;    74;    1;    0;    2;    04;    0.7325;    0.6774    0.6285;    0.497764;    0.0003;    00;
20:04 ;		 META+MLP;    74;    1;    0;    2;    05;    0.6756;    0.6565    0.6780;    0.467198;    0.0003;    00;
20:04 ;		 META+MLP;    74;    1;    0;    2;    06;    0.6672;    0.6472    0.7090;    0.454444;    0.0003;    00;
20:04 ;		 META+MLP;    74;    1;    0;    2;    07;    0.6529;    0.6416    0.7059;    0.456426;    0.0003;    00;
20:04 ;		 META+MLP;    74;    1;    0;    2;    08;    0.6645;    0.6343    0.7152;    0.470188;    0.0003;    01;
20:04 ;		 META+MLP;    74;    1;    0;    2;    09;    0.6539;    0.6313    0.7183;    0.466307;    0.0003;    00;
20:04 ;		 META+MLP;    74;    1;    0;    2;    10;    0.6292;    0.6258    0.7461;    0.414649;    0.0003;    00;
20:04 ;		 META+MLP;    74;    1;    0;    2;    11;    0.6935;    0.6233    0.7399;    0.419878;    0.0003;    00;
20:04 ;		 META+MLP;    74;    1;    0;    2;    12;    0.6625;    0.6244    0.7368;    0.477267;    0.0003;    01;
20:04 ;		 META+MLP;    74;    1;    0;    2;    13;    0.6850;    0.6227    0.7399;    0.471417;    0.0003;    02;
20:04 ;		 META+MLP;    75;    1;    0;    3;    00;    0.7572;    0.6981    0.4396;    0.466004;    0.001;    00;
20:04 ;		 META+MLP;    75;    1;    0;    3;    01;    0.7384;    0.6804    0.6161;    0.486841;    0.001;    00;
20:04 ;		 META+MLP;    75;    1;    0;    3;    02;    0.6571;    0.6547    0.6873;    0.482929;    0.001;    00;
20:04 ;		 META+MLP;    75;    1;    0;    3;    03;    0.6558;    0.6252    0.7492;    0.410163;    0.001;    00;
20:04 ;		 META+MLP;    75;    1;    0;    3;    04;    0.6503;    0.6070    0.7554;    0.427002;    0.001;    00;
20:04 ;		 META+MLP;    75;    1;    0;    3;    05;    0.6196;    0.6040    0.7585;    0.453713;    0.001;    00;
20:04 ;		 META+MLP;    75;    1;    0;    3;    06;    0.6146;    0.6011    0.7585;    0.449969;    0.001;    00;
20:04 ;		 META+MLP;    75;    1;    0;    3;    07;    0.6313;    0.5974    0.7585;    0.455424;    0.001;    01;
20:04 ;		 META+MLP;    75;    1;    0;    3;    08;    0.5986;    0.5969    0.7585;    0.465527;    0.001;    02;
20:04 ;		 META+MLP;    76;    1;    0;    4;    00;    0.7230;    0.6745    0.6749;    0.515106;    0.001;    00;
20:04 ;		 META+MLP;    76;    1;    0;    4;    01;    0.6694;    0.6458    0.7399;    0.529460;    0.001;    00;
20:04 ;		 META+MLP;    76;    1;    0;    4;    02;    0.6729;    0.6145    0.7214;    0.423037;    0.001;    00;
20:04 ;		 META+MLP;    76;    1;    0;    4;    03;    0.6713;    0.5963    0.7492;    0.437337;    0.001;    01;
20:04 ;		 META+MLP;    76;    1;    0;    4;    04;    0.6805;    0.5888    0.7461;    0.521761;    0.001;    00;
20:04 ;		 META+MLP;    76;    1;    0;    4;    05;    0.6810;    0.5872    0.7461;    0.521335;    0.001;    01;
20:04 ;		 META+MLP;    76;    1;    0;    4;    06;    0.6623;    0.5829    0.7461;    0.523217;    0.001;    02;
20:04 ;		 META+MLP;    77;    1;    1;    1;    00;    0.7125;    0.6964    0.4783;    0.485254;    0.0003;    00;
20:04 ;		 META+MLP;    77;    1;    1;    1;    01;    0.7254;    0.6870    0.5248;    0.501474;    0.0003;    00;
20:04 ;		 META+MLP;    77;    1;    1;    1;    02;    0.6758;    0.6800    0.6424;    0.506167;    0.0003;    00;
20:04 ;		 META+MLP;    77;    1;    1;    1;    03;    0.6694;    0.6747    0.6889;    0.498457;    0.0003;    00;
20:04 ;		 META+MLP;    77;    1;    1;    1;    04;    0.7374;    0.6833    0.7043;    0.499183;    0.0003;    00;
20:04 ;		 META+MLP;    77;    1;    1;    1;    05;    0.6818;    0.6698    0.7043;    0.504403;    0.0003;    00;
20:04 ;		 META+MLP;    77;    1;    1;    1;    06;    0.6914;    0.6625    0.7136;    0.496949;    0.0003;    01;
20:04 ;		 META+MLP;    77;    1;    1;    1;    07;    0.6668;    0.6624    0.7167;    0.509989;    0.0003;    00;
20:04 ;		 META+MLP;    77;    1;    1;    1;    08;    0.6492;    0.6573    0.7136;    0.515539;    0.0003;    00;
20:04 ;		 META+MLP;    77;    1;    1;    1;    09;    0.6860;    0.6580    0.7167;    0.513731;    0.0003;    01;
20:04 ;		 META+MLP;    77;    1;    1;    1;    10;    0.6327;    0.6552    0.7167;    0.507370;    0.0003;    02;
20:04 ;		 META+MLP;    78;    1;    1;    2;    00;    0.7141;    0.6866    0.5898;    0.468648;    0.0003;    00;
20:04 ;		 META+MLP;    78;    1;    1;    2;    01;    0.7021;    0.6790    0.6424;    0.449583;    0.0003;    00;
20:04 ;		 META+MLP;    78;    1;    1;    2;    02;    0.7012;    0.6737    0.6053;    0.504972;    0.0003;    00;
20:04 ;		 META+MLP;    78;    1;    1;    2;    03;    0.7086;    0.6661    0.6146;    0.510862;    0.0003;    01;
20:04 ;		 META+MLP;    78;    1;    1;    2;    04;    0.6792;    0.6582    0.6889;    0.419784;    0.0003;    02;
20:04 ;		 META+MLP;    78;    1;    1;    2;    05;    0.6983;    0.6561    0.6796;    0.506747;    0.0003;    00;
20:04 ;		 META+MLP;    78;    1;    1;    2;    06;    0.6666;    0.6535    0.6796;    0.525388;    0.0003;    01;
20:04 ;		 META+MLP;    78;    1;    1;    2;    07;    0.6633;    0.6477    0.7012;    0.410911;    0.0003;    02;
20:04 ;		 META+MLP;    78;    1;    1;    2;    08;    0.6574;    0.6423    0.7353;    0.554095;    0.0003;    00;
20:04 ;		 META+MLP;    78;    1;    1;    2;    09;    0.6327;    0.6367    0.7415;    0.566031;    0.0003;    00;
20:04 ;		 META+MLP;    78;    1;    1;    2;    10;    0.6219;    0.6305    0.7384;    0.571686;    0.0003;    00;
20:04 ;		 META+MLP;    78;    1;    1;    2;    11;    0.6976;    0.6285    0.7508;    0.563312;    0.0003;    01;
20:04 ;		 META+MLP;    78;    1;    1;    2;    12;    0.6871;    0.6230    0.7601;    0.563475;    0.0003;    00;
20:04 ;		 META+MLP;    78;    1;    1;    2;    13;    0.6422;    0.6200    0.7539;    0.558120;    0.0003;    00;
20:04 ;		 META+MLP;    78;    1;    1;    2;    14;    0.6334;    0.6208    0.7539;    0.566737;    0.0003;    01;
20:04 ;		 META+MLP;    78;    1;    1;    2;    15;    0.6368;    0.6173    0.7415;    0.571328;    0.0003;    02;
20:04 ;		 META+MLP;    79;    1;    1;    3;    00;    0.7512;    0.6945    0.4907;    0.478655;    0.001;    00;
20:04 ;		 META+MLP;    79;    1;    1;    3;    01;    0.7296;    0.6823    0.6331;    0.514033;    0.001;    00;
20:04 ;		 META+MLP;    79;    1;    1;    3;    02;    0.7100;    0.6699    0.6765;    0.524869;    0.001;    00;
20:04 ;		 META+MLP;    79;    1;    1;    3;    03;    0.6705;    0.6457    0.7570;    0.500618;    0.001;    00;
20:04 ;		 META+MLP;    79;    1;    1;    3;    04;    0.6654;    0.6296    0.7724;    0.496295;    0.001;    00;
20:04 ;		 META+MLP;    79;    1;    1;    3;    05;    0.7011;    0.6208    0.7786;    0.503442;    0.001;    00;
20:04 ;		 META+MLP;    79;    1;    1;    3;    06;    0.6669;    0.6126    0.7724;    0.520893;    0.001;    00;
20:04 ;		 META+MLP;    79;    1;    1;    3;    07;    0.6364;    0.6126    0.7724;    0.530601;    0.001;    01;
20:04 ;		 META+MLP;    79;    1;    1;    3;    08;    0.6369;    0.6125    0.7693;    0.522852;    0.001;    02;
20:04 ;		 META+MLP;    80;    1;    1;    4;    00;    0.7290;    0.7008    0.2307;    inf;    0.001;    00;
20:04 ;		 META+MLP;    80;    1;    1;    4;    01;    0.6609;    0.6899    0.5712;    0.541162;    0.001;    00;
20:04 ;		 META+MLP;    80;    1;    1;    4;    02;    0.6526;    0.6739    0.7043;    0.534958;    0.001;    00;
20:04 ;		 META+MLP;    80;    1;    1;    4;    03;    0.6914;    0.6522    0.7446;    0.529879;    0.001;    00;
20:04 ;		 META+MLP;    80;    1;    1;    4;    04;    0.6515;    0.6360    0.7384;    0.545137;    0.001;    00;
20:04 ;		 META+MLP;    80;    1;    1;    4;    05;    0.6463;    0.6240    0.7446;    0.537009;    0.001;    01;
20:04 ;		 META+MLP;    80;    1;    1;    4;    06;    0.5890;    0.6171    0.7446;    0.535202;    0.001;    02;
20:04 ;		 META+MLP;    81;    1;    2;    1;    00;    0.7041;    0.6807    0.6935;    0.483724;    0.0003;    00;
20:04 ;		 META+MLP;    81;    1;    2;    1;    01;    0.6860;    0.6882    0.6780;    0.498604;    0.0003;    00;
20:04 ;		 META+MLP;    81;    1;    2;    1;    02;    0.6860;    0.6954    0.6873;    0.492130;    0.0003;    01;
20:04 ;		 META+MLP;    81;    1;    2;    1;    03;    0.7018;    0.6940    0.7276;    0.429334;    0.00015;    02;
20:04 ;		 META+MLP;    81;    1;    2;    1;    04;    0.6522;    0.6953    0.7183;    0.447606;    0.00015;    00;
20:04 ;		 META+MLP;    81;    1;    2;    1;    05;    0.6469;    0.6947    0.7307;    0.452853;    0.00015;    01;
20:04 ;		 META+MLP;    81;    1;    2;    1;    06;    0.6320;    0.6961    0.7307;    0.455973;    7.5e-05;    00;
20:04 ;		 META+MLP;    81;    1;    2;    1;    07;    0.6521;    0.6981    0.7152;    0.454530;    7.5e-05;    01;
20:04 ;		 META+MLP;    81;    1;    2;    1;    08;    0.6858;    0.6973    0.7183;    0.449413;    7.5e-05;    02;
20:04 ;		 META+MLP;    82;    1;    2;    2;    00;    0.6793;    0.6842    0.6873;    0.500288;    0.0003;    00;
20:04 ;		 META+MLP;    82;    1;    2;    2;    01;    0.6826;    0.6846    0.6440;    0.505234;    0.0003;    00;
20:04 ;		 META+MLP;    82;    1;    2;    2;    02;    0.6520;    0.6831    0.6873;    0.471718;    0.0003;    01;
20:04 ;		 META+MLP;    82;    1;    2;    2;    03;    0.6752;    0.6812    0.7121;    0.468696;    0.0003;    02;
20:04 ;		 META+MLP;    82;    1;    2;    2;    04;    0.6701;    0.6730    0.7214;    0.477580;    0.0003;    00;
20:04 ;		 META+MLP;    82;    1;    2;    2;    05;    0.6412;    0.6690    0.7307;    0.482556;    0.0003;    00;
20:04 ;		 META+MLP;    82;    1;    2;    2;    06;    0.6504;    0.6697    0.7307;    0.482926;    0.0003;    00;
20:04 ;		 META+MLP;    82;    1;    2;    2;    07;    0.6795;    0.6708    0.7307;    0.482523;    0.0003;    01;
20:04 ;		 META+MLP;    82;    1;    2;    2;    08;    0.6814;    0.6674    0.7307;    0.490755;    0.0003;    02;
20:04 ;		 META+MLP;    83;    1;    2;    3;    00;    0.6898;    0.6847    0.7214;    0.511882;    0.001;    00;
20:04 ;		 META+MLP;    83;    1;    2;    3;    01;    0.6513;    0.6806    0.7245;    0.499930;    0.001;    00;
20:04 ;		 META+MLP;    83;    1;    2;    3;    02;    0.6298;    0.6728    0.7245;    0.504098;    0.001;    00;
20:04 ;		 META+MLP;    83;    1;    2;    3;    03;    0.6152;    0.6644    0.7430;    0.506219;    0.001;    01;
20:04 ;		 META+MLP;    83;    1;    2;    3;    04;    0.5937;    0.6594    0.7337;    0.501359;    0.001;    00;
20:04 ;		 META+MLP;    83;    1;    2;    3;    05;    0.6190;    0.6614    0.7307;    0.500821;    0.001;    01;
20:04 ;		 META+MLP;    83;    1;    2;    3;    06;    0.6214;    0.6634    0.7399;    0.502480;    0.001;    02;
20:04 ;		 META+MLP;    84;    1;    2;    4;    00;    0.6796;    0.6774    0.7492;    0.495057;    0.001;    00;
20:04 ;		 META+MLP;    84;    1;    2;    4;    01;    0.7203;    0.6679    0.7492;    0.499630;    0.001;    00;
20:04 ;		 META+MLP;    84;    1;    2;    4;    02;    0.6722;    0.6621    0.7492;    0.512273;    0.001;    01;
20:04 ;		 META+MLP;    84;    1;    2;    4;    03;    0.6026;    0.6618    0.7492;    0.526317;    0.001;    02;
20:04 ;		 META+MLP;    85;    2;    0;    1;    00;    0.7457;    0.6960    0.3684;    0.496436;    0.0003;    00;
20:04 ;		 META+MLP;    85;    2;    0;    1;    01;    0.7307;    0.7041    0.3220;    0.490917;    0.0003;    00;
20:04 ;		 META+MLP;    85;    2;    0;    1;    02;    0.7442;    0.7035    0.4520;    0.475972;    0.0003;    01;
20:04 ;		 META+MLP;    85;    2;    0;    1;    03;    0.7058;    0.6961    0.5542;    0.457195;    0.00015;    00;
20:04 ;		 META+MLP;    85;    2;    0;    1;    04;    0.7094;    0.6933    0.5573;    0.464156;    0.00015;    00;
20:04 ;		 META+MLP;    85;    2;    0;    1;    05;    0.7378;    0.6908    0.5480;    0.479113;    0.00015;    00;
20:04 ;		 META+MLP;    85;    2;    0;    1;    06;    0.6453;    0.6832    0.6099;    0.479847;    0.00015;    01;
20:04 ;		 META+MLP;    85;    2;    0;    1;    07;    0.6905;    0.6757    0.6440;    0.485767;    0.00015;    00;
20:04 ;		 META+MLP;    85;    2;    0;    1;    08;    0.6769;    0.6733    0.6563;    0.491898;    0.00015;    00;
20:04 ;		 META+MLP;    85;    2;    0;    1;    09;    0.6923;    0.6704    0.6811;    0.491975;    0.00015;    00;
20:04 ;		 META+MLP;    85;    2;    0;    1;    10;    0.6884;    0.6646    0.7152;    0.476577;    0.00015;    00;
20:04 ;		 META+MLP;    85;    2;    0;    1;    11;    0.6697;    0.6631    0.7059;    0.486482;    0.00015;    00;
20:04 ;		 META+MLP;    85;    2;    0;    1;    12;    0.6658;    0.6637    0.7059;    0.466974;    0.00015;    01;
20:04 ;		 META+MLP;    85;    2;    0;    1;    13;    0.6731;    0.6644    0.6966;    0.499987;    0.00015;    02;
20:04 ;		 META+MLP;    86;    2;    0;    2;    00;    0.7083;    0.6930    0.5851;    0.485512;    0.0003;    00;
20:04 ;		 META+MLP;    86;    2;    0;    2;    01;    0.7408;    0.6884    0.7090;    0.468697;    0.0003;    00;
20:04 ;		 META+MLP;    86;    2;    0;    2;    02;    0.6415;    0.6774    0.6873;    0.476725;    0.0003;    00;
20:04 ;		 META+MLP;    86;    2;    0;    2;    03;    0.7206;    0.6713    0.6780;    0.485142;    0.0003;    01;
20:04 ;		 META+MLP;    86;    2;    0;    2;    04;    0.7295;    0.6715    0.6780;    0.479715;    0.0003;    02;
20:04 ;		 META+MLP;    87;    2;    0;    3;    00;    0.7265;    0.6872    0.6656;    0.549251;    0.001;    00;
20:04 ;		 META+MLP;    87;    2;    0;    3;    01;    0.7402;    0.6780    0.6749;    0.559438;    0.001;    00;
20:04 ;		 META+MLP;    87;    2;    0;    3;    02;    0.7072;    0.6685    0.7090;    0.571343;    0.001;    00;
20:04 ;		 META+MLP;    87;    2;    0;    3;    03;    0.6977;    0.6655    0.7090;    0.580893;    0.001;    00;
20:04 ;		 META+MLP;    87;    2;    0;    3;    04;    0.6641;    0.6580    0.7152;    0.582667;    0.001;    01;
20:04 ;		 META+MLP;    87;    2;    0;    3;    05;    0.6541;    0.6511    0.7152;    0.595513;    0.001;    00;
20:04 ;		 META+MLP;    87;    2;    0;    3;    06;    0.6330;    0.6472    0.7152;    0.600595;    0.001;    01;
20:04 ;		 META+MLP;    87;    2;    0;    3;    07;    0.6516;    0.6392    0.7152;    0.599878;    0.001;    02;
20:04 ;		 META+MLP;    88;    2;    0;    4;    00;    0.7914;    0.7079    0.2724;    inf;    0.001;    00;
20:04 ;		 META+MLP;    88;    2;    0;    4;    01;    0.7514;    0.7096    0.3963;    0.468834;    0.001;    00;
20:04 ;		 META+MLP;    88;    2;    0;    4;    02;    0.7232;    0.7008    0.4799;    0.464793;    0.001;    00;
20:04 ;		 META+MLP;    88;    2;    0;    4;    03;    0.7202;    0.6809    0.6378;    0.488032;    0.001;    00;
20:04 ;		 META+MLP;    88;    2;    0;    4;    04;    0.6999;    0.6650    0.7121;    0.503770;    0.001;    00;
20:04 ;		 META+MLP;    88;    2;    0;    4;    05;    0.7240;    0.6539    0.7183;    0.531207;    0.001;    00;
20:04 ;		 META+MLP;    88;    2;    0;    4;    06;    0.6502;    0.6494    0.7121;    0.538832;    0.001;    00;
20:04 ;		 META+MLP;    88;    2;    0;    4;    07;    0.6676;    0.6455    0.7152;    0.552592;    0.001;    01;
20:04 ;		 META+MLP;    88;    2;    0;    4;    08;    0.6484;    0.6376    0.7152;    0.559311;    0.001;    02;
20:04 ;		 META+MLP;    89;    2;    1;    1;    00;    0.7252;    0.6835    0.6269;    0.527382;    0.0003;    00;
20:04 ;		 META+MLP;    89;    2;    1;    1;    01;    0.7133;    0.6759    0.6610;    0.475083;    0.0003;    00;
20:04 ;		 META+MLP;    89;    2;    1;    1;    02;    0.6879;    0.6623    0.7322;    0.487031;    0.0003;    00;
20:04 ;		 META+MLP;    89;    2;    1;    1;    03;    0.6972;    0.6516    0.7570;    0.422611;    0.0003;    00;
20:04 ;		 META+MLP;    89;    2;    1;    1;    04;    0.6838;    0.6444    0.7755;    0.439176;    0.0003;    00;
20:04 ;		 META+MLP;    89;    2;    1;    1;    05;    0.7494;    0.6381    0.8189;    0.444608;    0.0003;    00;
20:04 ;		 META+MLP;    89;    2;    1;    1;    06;    0.7055;    0.6290    0.8251;    0.450532;    0.0003;    00;
20:04 ;		 META+MLP;    89;    2;    1;    1;    07;    0.7359;    0.6263    0.8251;    0.454141;    0.0003;    00;
20:04 ;		 META+MLP;    89;    2;    1;    1;    08;    0.6868;    0.6207    0.8158;    0.434184;    0.0003;    01;
20:04 ;		 META+MLP;    89;    2;    1;    1;    09;    0.7007;    0.6229    0.8282;    0.418286;    0.0003;    02;
20:04 ;		 META+MLP;    89;    2;    1;    1;    10;    0.6982;    0.6210    0.8189;    0.432265;    0.0003;    00;
20:04 ;		 META+MLP;    89;    2;    1;    1;    11;    0.7322;    0.6203    0.8127;    0.427934;    0.00015;    01;
20:04 ;		 META+MLP;    89;    2;    1;    1;    12;    0.6830;    0.6194    0.8251;    0.432393;    0.00015;    02;
20:04 ;		 META+MLP;    90;    2;    1;    2;    00;    0.7077;    0.6794    0.6889;    0.502148;    0.0003;    00;
20:04 ;		 META+MLP;    90;    2;    1;    2;    01;    0.6864;    0.6752    0.6517;    0.524874;    0.0003;    00;
20:04 ;		 META+MLP;    90;    2;    1;    2;    02;    0.6765;    0.6608    0.7415;    0.508076;    0.0003;    01;
20:04 ;		 META+MLP;    90;    2;    1;    2;    03;    0.6546;    0.6560    0.7291;    0.521216;    0.0003;    00;
20:04 ;		 META+MLP;    90;    2;    1;    2;    04;    0.6824;    0.6490    0.7601;    0.500905;    0.0003;    01;
20:04 ;		 META+MLP;    90;    2;    1;    2;    05;    0.6766;    0.6429    0.7848;    0.492847;    0.0003;    00;
20:04 ;		 META+MLP;    90;    2;    1;    2;    06;    0.7263;    0.6432    0.7724;    0.503263;    0.0003;    00;
20:04 ;		 META+MLP;    90;    2;    1;    2;    07;    0.6910;    0.6414    0.7415;    0.503840;    0.0003;    01;
20:04 ;		 META+MLP;    90;    2;    1;    2;    08;    0.7020;    0.6350    0.7724;    0.493564;    0.0003;    02;
20:04 ;		 META+MLP;    91;    2;    1;    3;    00;    0.7387;    0.6821    0.4907;    0.477623;    0.001;    00;
20:04 ;		 META+MLP;    91;    2;    1;    3;    01;    0.6636;    0.6672    0.5557;    0.466866;    0.001;    00;
20:04 ;		 META+MLP;    91;    2;    1;    3;    02;    0.6869;    0.6455    0.6610;    0.472950;    0.001;    00;
20:04 ;		 META+MLP;    91;    2;    1;    3;    03;    0.6781;    0.6262    0.7817;    0.550906;    0.001;    00;
20:04 ;		 META+MLP;    91;    2;    1;    3;    04;    0.6575;    0.6138    0.7817;    0.558572;    0.001;    00;
20:04 ;		 META+MLP;    91;    2;    1;    3;    05;    0.7016;    0.6039    0.7941;    0.519187;    0.001;    01;
20:04 ;		 META+MLP;    91;    2;    1;    3;    06;    0.6508;    0.5983    0.8065;    0.477252;    0.001;    00;
20:04 ;		 META+MLP;    91;    2;    1;    3;    07;    0.6827;    0.5948    0.8096;    0.482260;    0.001;    00;
20:04 ;		 META+MLP;    91;    2;    1;    3;    08;    0.6933;    0.5930    0.8096;    0.476807;    0.001;    00;
20:04 ;		 META+MLP;    91;    2;    1;    3;    09;    0.6488;    0.5954    0.7972;    0.454919;    0.001;    01;
20:04 ;		 META+MLP;    91;    2;    1;    3;    10;    0.6436;    0.5919    0.7972;    0.445427;    0.001;    02;
20:04 ;		 META+MLP;    92;    2;    1;    4;    00;    0.7321;    0.6801    0.6548;    0.534331;    0.001;    00;
20:04 ;		 META+MLP;    92;    2;    1;    4;    01;    0.7085;    0.6481    0.7167;    0.530641;    0.001;    00;
20:04 ;		 META+MLP;    92;    2;    1;    4;    02;    0.6514;    0.6276    0.7539;    0.529765;    0.001;    00;
20:04 ;		 META+MLP;    92;    2;    1;    4;    03;    0.7266;    0.6052    0.7848;    0.515914;    0.001;    00;
20:04 ;		 META+MLP;    92;    2;    1;    4;    04;    0.6710;    0.5904    0.7941;    0.329379;    0.001;    00;
20:04 ;		 META+MLP;    92;    2;    1;    4;    05;    0.7020;    0.5854    0.7941;    0.309044;    0.001;    00;
20:04 ;		 META+MLP;    92;    2;    1;    4;    06;    0.7195;    0.5807    0.7941;    0.305562;    0.001;    01;
20:04 ;		 META+MLP;    92;    2;    1;    4;    07;    0.6247;    0.5823    0.7910;    0.532499;    0.001;    02;
20:04 ;		 META+MLP;    93;    2;    2;    1;    00;    0.7872;    0.7108    0.3978;    0.476907;    0.0003;    00;
20:04 ;		 META+MLP;    93;    2;    2;    1;    01;    0.7327;    0.7147    0.3793;    0.483920;    0.0003;    00;
20:04 ;		 META+MLP;    93;    2;    2;    1;    02;    0.6856;    0.7109    0.3700;    0.524745;    0.0003;    01;
20:04 ;		 META+MLP;    93;    2;    2;    1;    03;    0.7147;    0.7086    0.4659;    0.446472;    0.0003;    02;
20:04 ;		 META+MLP;    93;    2;    2;    1;    04;    0.7311;    0.7054    0.4783;    0.453160;    0.0003;    00;
20:04 ;		 META+MLP;    93;    2;    2;    1;    05;    0.6534;    0.7057    0.5093;    0.478551;    0.0003;    00;
20:04 ;		 META+MLP;    93;    2;    2;    1;    06;    0.6888;    0.7001    0.5372;    0.478689;    0.0003;    00;
20:04 ;		 META+MLP;    93;    2;    2;    1;    07;    0.6714;    0.7001    0.5805;    0.477775;    0.0003;    00;
20:04 ;		 META+MLP;    93;    2;    2;    1;    08;    0.6684;    0.6959    0.6146;    0.482678;    0.0003;    00;
20:04 ;		 META+MLP;    93;    2;    2;    1;    09;    0.6519;    0.6947    0.5867;    0.518452;    0.0003;    00;
20:04 ;		 META+MLP;    93;    2;    2;    1;    10;    0.6581;    0.6912    0.6362;    0.485674;    0.0003;    01;
20:04 ;		 META+MLP;    93;    2;    2;    1;    11;    0.6859;    0.6917    0.6393;    0.483411;    0.0003;    00;
20:04 ;		 META+MLP;    93;    2;    2;    1;    12;    0.6355;    0.6926    0.6393;    0.482855;    0.0003;    00;
20:05 ;		 META+MLP;    93;    2;    2;    1;    13;    0.6531;    0.6874    0.6517;    0.492714;    0.0003;    01;
20:05 ;		 META+MLP;    93;    2;    2;    1;    14;    0.6827;    0.6890    0.6548;    0.497723;    0.0003;    00;
20:05 ;		 META+MLP;    93;    2;    2;    1;    15;    0.6826;    0.6924    0.6486;    0.497719;    0.0003;    00;
20:05 ;		 META+MLP;    93;    2;    2;    1;    16;    0.6539;    0.6945    0.6455;    0.488208;    0.00015;    01;
20:05 ;		 META+MLP;    93;    2;    2;    1;    17;    0.6219;    0.6927    0.6486;    0.488984;    0.00015;    02;
20:05 ;		 META+MLP;    94;    2;    2;    2;    00;    0.7153;    0.6868    0.5155;    0.496387;    0.0003;    00;
20:05 ;		 META+MLP;    94;    2;    2;    2;    01;    0.7308;    0.6829    0.6022;    0.490200;    0.0003;    00;
20:05 ;		 META+MLP;    94;    2;    2;    2;    02;    0.7187;    0.6805    0.6176;    0.480707;    0.0003;    00;
20:05 ;		 META+MLP;    94;    2;    2;    2;    03;    0.7277;    0.6788    0.6115;    0.453299;    0.0003;    00;
20:05 ;		 META+MLP;    94;    2;    2;    2;    04;    0.6690;    0.6739    0.6084;    0.460794;    0.0003;    01;
20:05 ;		 META+MLP;    94;    2;    2;    2;    05;    0.5910;    0.6705    0.6269;    0.451248;    0.0003;    02;
20:05 ;		 META+MLP;    94;    2;    2;    2;    06;    0.6669;    0.6694    0.6455;    0.461638;    0.0003;    00;
20:05 ;		 META+MLP;    94;    2;    2;    2;    07;    0.6125;    0.6719    0.6269;    0.453270;    0.0003;    00;
20:05 ;		 META+MLP;    94;    2;    2;    2;    08;    0.6107;    0.6729    0.6300;    0.459730;    0.0003;    01;
20:05 ;		 META+MLP;    94;    2;    2;    2;    09;    0.6698;    0.6711    0.6455;    0.466238;    0.00015;    02;
20:05 ;		 META+MLP;    95;    2;    2;    3;    00;    0.7406;    0.7015    0.5372;    0.484741;    0.001;    00;
20:05 ;		 META+MLP;    95;    2;    2;    3;    01;    0.7287;    0.7093    0.5743;    0.490885;    0.001;    00;
20:05 ;		 META+MLP;    95;    2;    2;    3;    02;    0.7374;    0.7176    0.6146;    0.475548;    0.001;    00;
20:05 ;		 META+MLP;    95;    2;    2;    3;    03;    0.6708;    0.7185    0.6269;    0.484472;    0.0005;    00;
20:05 ;		 META+MLP;    95;    2;    2;    3;    04;    0.6358;    0.7282    0.6300;    0.477826;    0.0005;    00;
20:05 ;		 META+MLP;    95;    2;    2;    3;    05;    0.6519;    0.7317    0.6300;    0.482352;    0.0005;    00;
20:05 ;		 META+MLP;    95;    2;    2;    3;    06;    0.5987;    0.7337    0.6331;    0.489528;    0.00025;    01;
20:05 ;		 META+MLP;    95;    2;    2;    3;    07;    0.6626;    0.7352    0.6331;    0.497275;    0.00025;    00;
20:05 ;		 META+MLP;    95;    2;    2;    3;    08;    0.6581;    0.7404    0.6362;    0.498382;    0.00025;    01;
20:05 ;		 META+MLP;    95;    2;    2;    3;    09;    0.6542;    0.7311    0.6362;    0.504757;    0.000125;    00;
20:05 ;		 META+MLP;    95;    2;    2;    3;    10;    0.6507;    0.7302    0.6362;    0.514366;    0.000125;    01;
20:05 ;		 META+MLP;    95;    2;    2;    3;    11;    0.6412;    0.7357    0.6362;    0.495807;    0.000125;    02;
20:05 ;		 META+MLP;    96;    2;    2;    4;    00;    0.7405;    0.6949    0.5341;    0.539776;    0.001;    00;
20:05 ;		 META+MLP;    96;    2;    2;    4;    01;    0.6642;    0.6944    0.6207;    0.561357;    0.001;    00;
20:05 ;		 META+MLP;    96;    2;    2;    4;    02;    0.6885;    0.6965    0.6269;    0.585574;    0.001;    00;
20:05 ;		 META+MLP;    96;    2;    2;    4;    03;    0.6195;    0.7008    0.6362;    0.596367;    0.0005;    00;
20:05 ;		 META+MLP;    96;    2;    2;    4;    04;    0.6511;    0.7035    0.6424;    0.594542;    0.0005;    00;
20:05 ;		 META+MLP;    96;    2;    2;    4;    05;    0.6441;    0.7019    0.6207;    0.581549;    0.0005;    00;
20:05 ;		 META+MLP;    96;    2;    2;    4;    06;    0.5957;    0.7044    0.6300;    0.581658;    0.00025;    01;
20:05 ;		 META+MLP;    96;    2;    2;    4;    07;    0.6454;    0.6993    0.6331;    0.572097;    0.00025;    02;
20:05 ;		 META+MLP;    97;    3;    0;    1;    00;    0.7699;    0.6997    0.6981;    0.446472;    0.0003;    00;
20:05 ;		 META+MLP;    97;    3;    0;    1;    01;    0.7734;    0.6974    0.7198;    0.436866;    0.0003;    00;
20:05 ;		 META+MLP;    97;    3;    0;    1;    02;    0.7504;    0.6903    0.6765;    0.427659;    0.0003;    00;
20:05 ;		 META+MLP;    97;    3;    0;    1;    03;    0.7486;    0.6886    0.6238;    0.414676;    0.0003;    01;
20:05 ;		 META+MLP;    97;    3;    0;    1;    04;    0.7313;    0.6850    0.5929;    0.418579;    0.0003;    02;
20:05 ;		 META+MLP;    98;    3;    0;    2;    00;    0.6622;    0.6834    0.6486;    0.510869;    0.0003;    00;
20:05 ;		 META+MLP;    98;    3;    0;    2;    01;    0.6557;    0.6672    0.7508;    0.518868;    0.0003;    00;
20:05 ;		 META+MLP;    98;    3;    0;    2;    02;    0.6784;    0.6470    0.7724;    0.514154;    0.0003;    00;
20:05 ;		 META+MLP;    98;    3;    0;    2;    03;    0.6464;    0.6381    0.7724;    0.514546;    0.0003;    00;
20:05 ;		 META+MLP;    98;    3;    0;    2;    04;    0.6967;    0.6261    0.7786;    0.522135;    0.0003;    01;
20:05 ;		 META+MLP;    98;    3;    0;    2;    05;    0.6705;    0.6161    0.8003;    0.520038;    0.0003;    00;
20:05 ;		 META+MLP;    98;    3;    0;    2;    06;    0.6474;    0.6139    0.7972;    0.532004;    0.0003;    00;
20:05 ;		 META+MLP;    98;    3;    0;    2;    07;    0.6310;    0.6179    0.7972;    0.536878;    0.0003;    01;
20:05 ;		 META+MLP;    98;    3;    0;    2;    08;    0.6554;    0.6071    0.7972;    0.534693;    0.0003;    02;
20:05 ;		 META+MLP;    99;    3;    0;    3;    00;    0.7259;    0.6779    0.7384;    0.465795;    0.001;    00;
20:05 ;		 META+MLP;    99;    3;    0;    3;    01;    0.6525;    0.6533    0.8220;    0.475218;    0.001;    00;
20:05 ;		 META+MLP;    99;    3;    0;    3;    02;    0.6378;    0.6264    0.8189;    0.479743;    0.001;    00;
20:05 ;		 META+MLP;    99;    3;    0;    3;    03;    0.6832;    0.5922    0.8189;    0.498977;    0.001;    01;
20:05 ;		 META+MLP;    99;    3;    0;    3;    04;    0.6580;    0.5756    0.8313;    0.518663;    0.001;    02;
20:05 ;		 META+MLP;    99;    3;    0;    3;    05;    0.6187;    0.5656    0.8313;    0.521799;    0.001;    00;
20:05 ;		 META+MLP;    99;    3;    0;    3;    06;    0.6466;    0.5546    0.8313;    0.530484;    0.001;    01;
20:05 ;		 META+MLP;    99;    3;    0;    3;    07;    0.7111;    0.5483    0.8313;    0.530907;    0.001;    02;
20:05 ;		 META+MLP;    100;    3;    0;    4;    00;    0.7033;    0.6789    0.7167;    0.446908;    0.001;    00;
20:05 ;		 META+MLP;    100;    3;    0;    4;    01;    0.7123;    0.6408    0.7539;    0.488794;    0.001;    00;
20:05 ;		 META+MLP;    100;    3;    0;    4;    02;    0.6446;    0.6017    0.7755;    0.482441;    0.001;    00;
20:05 ;		 META+MLP;    100;    3;    0;    4;    03;    0.7303;    0.5867    0.8065;    0.491626;    0.001;    00;
20:05 ;		 META+MLP;    100;    3;    0;    4;    04;    0.6456;    0.5698    0.8127;    0.499361;    0.001;    00;
20:05 ;		 META+MLP;    100;    3;    0;    4;    05;    0.6395;    0.5619    0.8127;    0.511048;    0.001;    00;
20:05 ;		 META+MLP;    100;    3;    0;    4;    06;    0.6293;    0.5544    0.8282;    0.526410;    0.001;    01;
20:05 ;		 META+MLP;    100;    3;    0;    4;    07;    0.6812;    0.5452    0.8313;    0.526311;    0.001;    00;
20:05 ;		 META+MLP;    100;    3;    0;    4;    08;    0.6424;    0.5472    0.8313;    0.535966;    0.001;    00;
20:05 ;		 META+MLP;    100;    3;    0;    4;    09;    0.6273;    0.5428    0.8313;    0.540214;    0.001;    01;
20:05 ;		 META+MLP;    100;    3;    0;    4;    10;    0.6475;    0.5406    0.8344;    0.536726;    0.001;    02;
20:05 ;		 META+MLP;    100;    3;    0;    4;    11;    0.6089;    0.5397    0.8313;    0.541374;    0.001;    00;
20:05 ;		 META+MLP;    100;    3;    0;    4;    12;    0.6600;    0.5352    0.8313;    0.546750;    0.001;    01;
20:05 ;		 META+MLP;    100;    3;    0;    4;    13;    0.5851;    0.5377    0.8313;    0.565932;    0.001;    02;
20:05 ;		 META+MLP;    101;    3;    1;    1;    00;    0.6833;    0.6871    0.6780;    0.482198;    0.0003;    00;
20:05 ;		 META+MLP;    101;    3;    1;    1;    01;    0.6885;    0.6761    0.7090;    0.497263;    0.0003;    00;
20:05 ;		 META+MLP;    101;    3;    1;    1;    02;    0.6722;    0.6670    0.7152;    0.518169;    0.0003;    00;
20:05 ;		 META+MLP;    101;    3;    1;    1;    03;    0.6674;    0.6536    0.7307;    0.504291;    0.0003;    00;
20:05 ;		 META+MLP;    101;    3;    1;    1;    04;    0.6709;    0.6457    0.7585;    0.455340;    0.0003;    00;
20:05 ;		 META+MLP;    101;    3;    1;    1;    05;    0.6422;    0.6417    0.7585;    0.457489;    0.0003;    00;
20:05 ;		 META+MLP;    101;    3;    1;    1;    06;    0.6407;    0.6418    0.7554;    0.458146;    0.0003;    01;
20:05 ;		 META+MLP;    101;    3;    1;    1;    07;    0.6640;    0.6387    0.7492;    0.457358;    0.0003;    02;
20:05 ;		 META+MLP;    102;    3;    1;    2;    00;    0.8314;    0.6930    0.5511;    0.476841;    0.0003;    00;
20:05 ;		 META+MLP;    102;    3;    1;    2;    01;    0.7634;    0.6868    0.6037;    0.484240;    0.0003;    00;
20:05 ;		 META+MLP;    102;    3;    1;    2;    02;    0.8033;    0.6810    0.6254;    0.482554;    0.0003;    00;
20:05 ;		 META+MLP;    102;    3;    1;    2;    03;    0.7021;    0.6769    0.6471;    0.436248;    0.0003;    00;
20:05 ;		 META+MLP;    102;    3;    1;    2;    04;    0.7058;    0.6742    0.6533;    0.438807;    0.0003;    00;
20:05 ;		 META+MLP;    102;    3;    1;    2;    05;    0.7291;    0.6646    0.6502;    0.445945;    0.0003;    00;
20:05 ;		 META+MLP;    102;    3;    1;    2;    06;    0.6769;    0.6634    0.6656;    0.450357;    0.0003;    01;
20:05 ;		 META+MLP;    102;    3;    1;    2;    07;    0.6950;    0.6577    0.6687;    0.458037;    0.0003;    00;
20:05 ;		 META+MLP;    102;    3;    1;    2;    08;    0.7132;    0.6562    0.6718;    0.459009;    0.0003;    00;
20:05 ;		 META+MLP;    102;    3;    1;    2;    09;    0.6337;    0.6438    0.6997;    0.470318;    0.0003;    00;
20:05 ;		 META+MLP;    102;    3;    1;    2;    10;    0.7166;    0.6398    0.7028;    0.516479;    0.0003;    00;
20:05 ;		 META+MLP;    102;    3;    1;    2;    11;    0.7186;    0.6342    0.7121;    0.357390;    0.0003;    00;
20:05 ;		 META+MLP;    102;    3;    1;    2;    12;    0.6564;    0.6320    0.7214;    0.352255;    0.0003;    00;
20:05 ;		 META+MLP;    102;    3;    1;    2;    13;    0.6369;    0.6247    0.7337;    0.348049;    0.0003;    00;
20:05 ;		 META+MLP;    102;    3;    1;    2;    14;    0.6555;    0.6244    0.7492;    0.347394;    0.0003;    00;
20:05 ;		 META+MLP;    102;    3;    1;    2;    15;    0.6461;    0.6213    0.7554;    0.354666;    0.0003;    00;
20:05 ;		 META+MLP;    102;    3;    1;    2;    16;    0.6822;    0.6167    0.7585;    0.335184;    0.0003;    00;
20:05 ;		 META+MLP;    102;    3;    1;    2;    17;    0.6839;    0.6186    0.7616;    0.349822;    0.0003;    00;
20:05 ;		 META+MLP;    102;    3;    1;    2;    18;    0.6561;    0.6157    0.7554;    0.358235;    0.0003;    00;
20:05 ;		 META+MLP;    102;    3;    1;    2;    19;    0.6694;    0.6148    0.7492;    0.351375;    0.0003;    01;
20:05 ;		 META+MLP;    102;    3;    1;    2;    20;    0.6651;    0.6127    0.7430;    0.359502;    0.0003;    02;
20:05 ;		 META+MLP;    103;    3;    1;    3;    00;    0.6957;    0.6782    0.7399;    0.483453;    0.001;    00;
20:05 ;		 META+MLP;    103;    3;    1;    3;    01;    0.6726;    0.6448    0.7740;    0.456617;    0.001;    00;
20:05 ;		 META+MLP;    103;    3;    1;    3;    02;    0.6269;    0.6223    0.7647;    0.464784;    0.001;    00;
20:05 ;		 META+MLP;    103;    3;    1;    3;    03;    0.6608;    0.6085    0.7647;    0.447834;    0.001;    01;
20:05 ;		 META+MLP;    103;    3;    1;    3;    04;    0.6142;    0.6033    0.7647;    0.452268;    0.001;    02;
20:05 ;		 META+MLP;    104;    3;    1;    4;    00;    0.7698;    0.7052    0.3963;    0.432966;    0.001;    00;
20:05 ;		 META+MLP;    104;    3;    1;    4;    01;    0.7623;    0.6842    0.6254;    0.464573;    0.001;    00;
20:05 ;		 META+MLP;    104;    3;    1;    4;    02;    0.7247;    0.6633    0.6780;    0.435977;    0.001;    00;
20:05 ;		 META+MLP;    104;    3;    1;    4;    03;    0.6937;    0.6459    0.7276;    0.417924;    0.001;    00;
20:05 ;		 META+MLP;    104;    3;    1;    4;    04;    0.6693;    0.6384    0.7337;    0.404513;    0.001;    00;
20:05 ;		 META+MLP;    104;    3;    1;    4;    05;    0.6840;    0.6308    0.7523;    0.319495;    0.001;    00;
20:05 ;		 META+MLP;    104;    3;    1;    4;    06;    0.6683;    0.6213    0.7430;    0.311426;    0.001;    00;
20:05 ;		 META+MLP;    104;    3;    1;    4;    07;    0.6670;    0.6145    0.7430;    0.345776;    0.001;    01;
20:05 ;		 META+MLP;    104;    3;    1;    4;    08;    0.6020;    0.6141    0.7430;    0.323183;    0.001;    02;
20:05 ;		 META+MLP;    105;    3;    2;    1;    00;    0.8341;    0.6809    0.7260;    0.553221;    0.0003;    00;
20:05 ;		 META+MLP;    105;    3;    2;    1;    01;    0.7279;    0.6732    0.7291;    0.563174;    0.0003;    00;
20:05 ;		 META+MLP;    105;    3;    2;    1;    02;    0.7215;    0.6648    0.7105;    0.566063;    0.0003;    00;
20:05 ;		 META+MLP;    105;    3;    2;    1;    03;    0.7061;    0.6595    0.7136;    0.573799;    0.0003;    01;
20:05 ;		 META+MLP;    105;    3;    2;    1;    04;    0.7150;    0.6575    0.6950;    0.577872;    0.0003;    02;
20:05 ;		 META+MLP;    106;    3;    2;    2;    00;    0.7466;    0.6985    0.3978;    0.450814;    0.0003;    00;
20:05 ;		 META+MLP;    106;    3;    2;    2;    01;    0.7237;    0.6913    0.5929;    0.468259;    0.0003;    00;
20:05 ;		 META+MLP;    106;    3;    2;    2;    02;    0.7129;    0.6876    0.5805;    0.481481;    0.0003;    00;
20:05 ;		 META+MLP;    106;    3;    2;    2;    03;    0.6798;    0.6819    0.7012;    0.491237;    0.0003;    01;
20:05 ;		 META+MLP;    106;    3;    2;    2;    04;    0.6613;    0.6827    0.7136;    0.488023;    0.0003;    00;
20:05 ;		 META+MLP;    106;    3;    2;    2;    05;    0.6869;    0.6811    0.7415;    0.487045;    0.0003;    00;
20:05 ;		 META+MLP;    106;    3;    2;    2;    06;    0.6866;    0.6799    0.7446;    0.486297;    0.0003;    00;
20:05 ;		 META+MLP;    106;    3;    2;    2;    07;    0.6399;    0.6758    0.7415;    0.491919;    0.0003;    00;
20:05 ;		 META+MLP;    106;    3;    2;    2;    08;    0.6721;    0.6782    0.7384;    0.491625;    0.0003;    01;
20:05 ;		 META+MLP;    106;    3;    2;    2;    09;    0.6176;    0.6795    0.7384;    0.490428;    0.0003;    02;
20:05 ;		 META+MLP;    107;    3;    2;    3;    00;    0.6692;    0.6948    0.5650;    0.522834;    0.001;    00;
20:05 ;		 META+MLP;    107;    3;    2;    3;    01;    0.6649;    0.6913    0.7105;    0.531839;    0.001;    00;
20:05 ;		 META+MLP;    107;    3;    2;    3;    02;    0.6667;    0.6808    0.7446;    0.535116;    0.001;    00;
20:05 ;		 META+MLP;    107;    3;    2;    3;    03;    0.6764;    0.6787    0.7508;    0.544668;    0.001;    00;
20:05 ;		 META+MLP;    107;    3;    2;    3;    04;    0.6081;    0.6780    0.7477;    0.559190;    0.001;    00;
20:05 ;		 META+MLP;    107;    3;    2;    3;    05;    0.6218;    0.6811    0.7477;    0.566209;    0.001;    01;
20:05 ;		 META+MLP;    107;    3;    2;    3;    06;    0.5973;    0.6825    0.7477;    0.574666;    0.001;    02;
20:05 ;		 META+MLP;    108;    3;    2;    4;    00;    0.7103;    0.6839    0.7198;    0.532244;    0.001;    00;
20:05 ;		 META+MLP;    108;    3;    2;    4;    01;    0.5895;    0.6777    0.7043;    0.518538;    0.001;    00;
20:05 ;		 META+MLP;    108;    3;    2;    4;    02;    0.6354;    0.6697    0.6950;    0.537382;    0.001;    01;
20:05 ;		 META+MLP;    108;    3;    2;    4;    03;    0.6431;    0.6694    0.7322;    0.522783;    0.001;    02;
20:05 ;		 META+MLP;    108;    3;    2;    4;    04;    0.6263;    0.6722    0.7384;    0.528843;    0.001;    00;
20:05 ;		 META+MLP;    108;    3;    2;    4;    05;    0.6126;    0.6734    0.7384;    0.531561;    0.0005;    00;
20:05 ;		 META+MLP;    108;    3;    2;    4;    06;    0.6112;    0.6729    0.7353;    0.535348;    0.0005;    01;
20:05 ;		 META+MLP;    108;    3;    2;    4;    07;    0.6400;    0.6708    0.7415;    0.531622;    0.0005;    02;
20:05 ;		 META+MLP;    108;    3;    2;    4;    08;    0.6273;    0.6671    0.7446;    0.547040;    0.0005;    00;
20:05 ;		 META+MLP;    108;    3;    2;    4;    09;    0.5782;    0.6661    0.7477;    0.558486;    0.0005;    00;
20:05 ;		 META+MLP;    108;    3;    2;    4;    10;    0.6085;    0.6759    0.7477;    0.558056;    0.0005;    00;
20:05 ;		 META+MLP;    108;    3;    2;    4;    11;    0.6095;    0.6749    0.7446;    0.559591;    0.0005;    01;
20:05 ;		 META+MLP;    108;    3;    2;    4;    12;    0.6206;    0.6749    0.7415;    0.547147;    0.00025;    02;
20:05 ;		 META+MLP;    109;    4;    0;    1;    00;    0.8104;    0.6913    0.5851;    0.466620;    0.0003;    00;
20:05 ;		 META+MLP;    109;    4;    0;    1;    01;    0.7736;    0.6922    0.5789;    0.480083;    0.0003;    00;
20:05 ;		 META+MLP;    109;    4;    0;    1;    02;    0.8012;    0.6906    0.5728;    0.497876;    0.0003;    01;
20:05 ;		 META+MLP;    109;    4;    0;    1;    03;    0.7683;    0.6822    0.5697;    0.508357;    0.0003;    02;
20:05 ;		 META+MLP;    110;    4;    0;    2;    00;    0.7405;    0.6919    0.6068;    0.510140;    0.0003;    00;
20:05 ;		 META+MLP;    110;    4;    0;    2;    01;    0.7310;    0.6879    0.6966;    0.497392;    0.0003;    00;
20:05 ;		 META+MLP;    110;    4;    0;    2;    02;    0.7068;    0.6816    0.7059;    0.487446;    0.0003;    00;
20:05 ;		 META+MLP;    110;    4;    0;    2;    03;    0.6896;    0.6808    0.6533;    0.531895;    0.0003;    00;
20:05 ;		 META+MLP;    110;    4;    0;    2;    04;    0.7188;    0.6807    0.6533;    0.547587;    0.0003;    01;
20:05 ;		 META+MLP;    110;    4;    0;    2;    05;    0.6756;    0.6795    0.6378;    0.560642;    0.0003;    02;
20:05 ;		 META+MLP;    111;    4;    0;    3;    00;    0.7745;    0.7149    0.2817;    inf;    0.001;    00;
20:05 ;		 META+MLP;    111;    4;    0;    3;    01;    0.7365;    0.6976    0.4303;    0.527334;    0.001;    00;
20:05 ;		 META+MLP;    111;    4;    0;    3;    02;    0.7252;    0.6795    0.6687;    0.559969;    0.001;    00;
20:05 ;		 META+MLP;    111;    4;    0;    3;    03;    0.6692;    0.6712    0.6811;    0.553581;    0.001;    00;
20:05 ;		 META+MLP;    111;    4;    0;    3;    04;    0.7033;    0.6651    0.6842;    0.539330;    0.001;    00;
20:05 ;		 META+MLP;    111;    4;    0;    3;    05;    0.6678;    0.6734    0.6533;    0.628705;    0.001;    00;
20:05 ;		 META+MLP;    111;    4;    0;    3;    06;    0.6707;    0.6835    0.6409;    0.631975;    0.001;    01;
20:05 ;		 META+MLP;    111;    4;    0;    3;    07;    0.6364;    0.6794    0.6409;    0.645391;    0.0005;    02;
20:05 ;		 META+MLP;    112;    4;    0;    4;    00;    0.7813;    0.7224    0.3437;    0.715101;    0.001;    00;
20:05 ;		 META+MLP;    112;    4;    0;    4;    01;    0.7134;    0.7128    0.4923;    0.534185;    0.001;    00;
20:05 ;		 META+MLP;    112;    4;    0;    4;    02;    0.7050;    0.7073    0.4365;    0.566001;    0.001;    00;
20:05 ;		 META+MLP;    112;    4;    0;    4;    03;    0.7000;    0.6886    0.5387;    0.597504;    0.001;    01;
20:05 ;		 META+MLP;    112;    4;    0;    4;    04;    0.6148;    0.6794    0.5697;    0.621298;    0.001;    00;
20:05 ;		 META+MLP;    112;    4;    0;    4;    05;    0.6535;    0.6781    0.5944;    0.653524;    0.001;    00;
20:05 ;		 META+MLP;    112;    4;    0;    4;    06;    0.6304;    0.6731    0.6223;    0.665492;    0.001;    00;
20:05 ;		 META+MLP;    112;    4;    0;    4;    07;    0.6828;    0.6692    0.6254;    0.684169;    0.001;    00;
20:05 ;		 META+MLP;    112;    4;    0;    4;    08;    0.6199;    0.6731    0.6192;    0.698691;    0.001;    00;
20:05 ;		 META+MLP;    112;    4;    0;    4;    09;    0.6287;    0.6733    0.6192;    0.706305;    0.001;    01;
20:05 ;		 META+MLP;    112;    4;    0;    4;    10;    0.6256;    0.6767    0.6192;    0.708324;    0.0005;    02;
20:05 ;		 META+MLP;    113;    4;    1;    1;    00;    0.7977;    0.6825    0.6192;    0.550123;    0.0003;    00;
20:05 ;		 META+MLP;    113;    4;    1;    1;    01;    0.7561;    0.6730    0.6594;    0.548665;    0.0003;    00;
20:05 ;		 META+MLP;    113;    4;    1;    1;    02;    0.7675;    0.6631    0.7152;    0.542432;    0.0003;    00;
20:05 ;		 META+MLP;    113;    4;    1;    1;    03;    0.7187;    0.6601    0.7430;    0.530507;    0.0003;    00;
20:05 ;		 META+MLP;    113;    4;    1;    1;    04;    0.7291;    0.6518    0.7337;    0.526595;    0.0003;    00;
20:05 ;		 META+MLP;    113;    4;    1;    1;    05;    0.7574;    0.6456    0.7492;    0.526757;    0.0003;    01;
20:05 ;		 META+MLP;    113;    4;    1;    1;    06;    0.7087;    0.6438    0.7461;    0.528210;    0.0003;    00;
20:05 ;		 META+MLP;    113;    4;    1;    1;    07;    0.7063;    0.6441    0.7461;    0.524939;    0.0003;    01;
20:05 ;		 META+MLP;    113;    4;    1;    1;    08;    0.6729;    0.6414    0.7492;    0.527935;    0.0003;    02;
20:05 ;		 META+MLP;    114;    4;    1;    2;    00;    0.6903;    0.6736    0.6533;    0.543514;    0.0003;    00;
20:05 ;		 META+MLP;    114;    4;    1;    2;    01;    0.6586;    0.6694    0.6161;    0.547917;    0.0003;    00;
20:06 ;		 META+MLP;    114;    4;    1;    2;    02;    0.7027;    0.6655    0.6223;    0.541181;    0.0003;    01;
20:06 ;		 META+MLP;    114;    4;    1;    2;    03;    0.6799;    0.6639    0.6192;    0.557513;    0.0003;    02;
20:06 ;		 META+MLP;    115;    4;    1;    3;    00;    0.7447;    0.7098    0.3158;    0.426964;    0.001;    00;
20:06 ;		 META+MLP;    115;    4;    1;    3;    01;    0.7357;    0.6993    0.3653;    0.429867;    0.001;    00;
20:06 ;		 META+MLP;    115;    4;    1;    3;    02;    0.6796;    0.6843    0.6718;    0.452557;    0.001;    00;
20:06 ;		 META+MLP;    115;    4;    1;    3;    03;    0.7184;    0.6658    0.7307;    0.470389;    0.001;    00;
20:06 ;		 META+MLP;    115;    4;    1;    3;    04;    0.7062;    0.6521    0.7492;    0.479342;    0.001;    00;
20:06 ;		 META+MLP;    115;    4;    1;    3;    05;    0.7183;    0.6497    0.7461;    0.473572;    0.001;    00;
20:06 ;		 META+MLP;    115;    4;    1;    3;    06;    0.6731;    0.6411    0.7492;    0.491196;    0.001;    01;
20:06 ;		 META+MLP;    115;    4;    1;    3;    07;    0.6725;    0.6395    0.7523;    0.480087;    0.001;    02;
20:06 ;		 META+MLP;    115;    4;    1;    3;    08;    0.6838;    0.6402    0.7492;    0.473554;    0.001;    00;
20:06 ;		 META+MLP;    115;    4;    1;    3;    09;    0.6854;    0.6412    0.7492;    0.469473;    0.001;    01;
20:06 ;		 META+MLP;    115;    4;    1;    3;    10;    0.6301;    0.6364    0.7554;    0.468926;    0.001;    02;
20:06 ;		 META+MLP;    115;    4;    1;    3;    11;    0.6815;    0.6323    0.7616;    0.479200;    0.001;    00;
20:06 ;		 META+MLP;    115;    4;    1;    3;    12;    0.6675;    0.6288    0.7647;    0.484167;    0.001;    00;
20:06 ;		 META+MLP;    115;    4;    1;    3;    13;    0.6634;    0.6250    0.7554;    0.496592;    0.001;    00;
20:06 ;		 META+MLP;    115;    4;    1;    3;    14;    0.6556;    0.6278    0.7616;    0.494965;    0.001;    01;
20:06 ;		 META+MLP;    115;    4;    1;    3;    15;    0.6835;    0.6256    0.7616;    0.499983;    0.001;    02;
20:06 ;		 META+MLP;    116;    4;    1;    4;    00;    0.7158;    0.6862    0.6161;    0.506962;    0.001;    00;
20:06 ;		 META+MLP;    116;    4;    1;    4;    01;    0.7136;    0.6732    0.7337;    0.512403;    0.001;    00;
20:06 ;		 META+MLP;    116;    4;    1;    4;    02;    0.6712;    0.6612    0.7554;    0.517884;    0.001;    00;
20:06 ;		 META+MLP;    116;    4;    1;    4;    03;    0.6580;    0.6496    0.7307;    0.512443;    0.001;    00;
20:06 ;		 META+MLP;    116;    4;    1;    4;    04;    0.6818;    0.6405    0.7492;    0.514724;    0.001;    01;
20:06 ;		 META+MLP;    116;    4;    1;    4;    05;    0.6923;    0.6364    0.7492;    0.514344;    0.001;    02;
20:06 ;		 META+MLP;    117;    4;    2;    1;    00;    0.7737;    0.6962    0.4491;    0.523825;    0.0003;    00;
20:06 ;		 META+MLP;    117;    4;    2;    1;    01;    0.7391;    0.6899    0.5448;    0.499758;    0.0003;    00;
20:06 ;		 META+MLP;    117;    4;    2;    1;    02;    0.6713;    0.6895    0.5478;    0.494862;    0.0003;    00;
20:06 ;		 META+MLP;    117;    4;    2;    1;    03;    0.7016;    0.6917    0.5540;    0.499983;    0.0003;    00;
20:06 ;		 META+MLP;    117;    4;    2;    1;    04;    0.7153;    0.6888    0.6157;    0.562749;    0.0003;    00;
20:06 ;		 META+MLP;    117;    4;    2;    1;    05;    0.7399;    0.6837    0.6466;    0.539627;    0.0003;    00;
20:06 ;		 META+MLP;    117;    4;    2;    1;    06;    0.6944;    0.6839    0.6806;    0.544617;    0.0003;    00;
20:06 ;		 META+MLP;    117;    4;    2;    1;    07;    0.6555;    0.6859    0.6744;    0.564825;    0.0003;    00;
20:06 ;		 META+MLP;    117;    4;    2;    1;    08;    0.6760;    0.6879    0.6682;    0.567586;    0.00015;    01;
20:06 ;		 META+MLP;    117;    4;    2;    1;    09;    0.7374;    0.6903    0.6651;    0.568123;    0.00015;    02;
20:06 ;		 META+MLP;    118;    4;    2;    2;    00;    0.7500;    0.6827    0.7361;    0.576970;    0.0003;    00;
20:06 ;		 META+MLP;    118;    4;    2;    2;    01;    0.7035;    0.6755    0.7392;    0.570033;    0.0003;    00;
20:06 ;		 META+MLP;    118;    4;    2;    2;    02;    0.7105;    0.6712    0.7577;    0.569092;    0.0003;    00;
20:06 ;		 META+MLP;    118;    4;    2;    2;    03;    0.7379;    0.6632    0.7886;    0.540557;    0.0003;    00;
20:06 ;		 META+MLP;    118;    4;    2;    2;    04;    0.6746;    0.6614    0.7670;    0.558433;    0.0003;    00;
20:06 ;		 META+MLP;    118;    4;    2;    2;    05;    0.7162;    0.6615    0.7423;    0.570472;    0.0003;    01;
20:06 ;		 META+MLP;    118;    4;    2;    2;    06;    0.7052;    0.6613    0.7361;    0.568184;    0.0003;    02;
20:06 ;		 META+MLP;    119;    4;    2;    3;    00;    0.7220;    0.6913    0.5108;    0.503908;    0.001;    00;
20:06 ;		 META+MLP;    119;    4;    2;    3;    01;    0.6781;    0.6778    0.7052;    0.524452;    0.001;    00;
20:06 ;		 META+MLP;    119;    4;    2;    3;    02;    0.6761;    0.6665    0.7176;    0.542898;    0.001;    00;
20:06 ;		 META+MLP;    119;    4;    2;    3;    03;    0.7105;    0.6571    0.7114;    0.547176;    0.001;    00;
20:06 ;		 META+MLP;    119;    4;    2;    3;    04;    0.6329;    0.6529    0.7145;    0.557199;    0.001;    01;
20:06 ;		 META+MLP;    119;    4;    2;    3;    05;    0.6468;    0.6512    0.7022;    0.562992;    0.001;    02;
20:06 ;		 META+MLP;    120;    4;    2;    4;    00;    0.7257;    0.7107    0.2886;    inf;    0.001;    00;
20:06 ;		 META+MLP;    120;    4;    2;    4;    01;    0.6632;    0.6990    0.3873;    inf;    0.001;    00;
20:06 ;		 META+MLP;    120;    4;    2;    4;    02;    0.7131;    0.6791    0.6898;    0.522315;    0.001;    00;
20:06 ;		 META+MLP;    120;    4;    2;    4;    03;    0.7100;    0.6628    0.6806;    0.532501;    0.001;    00;
20:06 ;		 META+MLP;    120;    4;    2;    4;    04;    0.6280;    0.6456    0.7361;    0.538093;    0.001;    01;
20:06 ;		 META+MLP;    120;    4;    2;    4;    05;    0.6531;    0.6373    0.7392;    0.552945;    0.001;    00;
20:06 ;		 META+MLP;    120;    4;    2;    4;    06;    0.6042;    0.6346    0.7299;    0.564116;    0.001;    00;
20:06 ;		 META+MLP;    120;    4;    2;    4;    07;    0.6515;    0.6306    0.7207;    0.552739;    0.001;    01;
20:06 ;		 META+MLP;    120;    4;    2;    4;    08;    0.6512;    0.6289    0.7238;    0.548225;    0.001;    02;
22:13 ;		 MultiViewCNN;    25;    2;    0;    1;    00;    0.6884;    0.6845    0.8297;    0.525639;    0.0005;    00;
22:14 ;		 MultiViewCNN;    25;    2;    0;    1;    01;    0.6664;    0.6720    0.8452;    0.548045;    0.0005;    00;
22:14 ;		 MultiViewCNN;    25;    2;    0;    1;    02;    0.6659;    0.6583    0.8359;    0.564780;    0.0005;    00;
22:15 ;		 MultiViewCNN;    25;    2;    0;    1;    03;    0.6568;    0.6436    0.8669;    0.533089;    0.0005;    01;
22:16 ;		 MultiViewCNN;    25;    2;    0;    1;    04;    0.6468;    0.6269    0.8793;    0.521087;    0.0005;    00;
22:16 ;		 MultiViewCNN;    25;    2;    0;    1;    05;    0.6284;    0.6188    0.8762;    0.535878;    0.0005;    00;
22:17 ;		 MultiViewCNN;    25;    2;    0;    1;    06;    0.6325;    0.6049    0.8669;    0.500257;    0.0005;    01;
22:17 ;		 MultiViewCNN;    25;    2;    0;    1;    07;    0.6089;    0.5989    0.8824;    0.463541;    0.0005;    02;
22:18 ;		 MultiViewCNN;    25;    2;    0;    1;    08;    0.5933;    0.5851    0.8947;    0.476660;    0.0005;    00;
22:18 ;		 MultiViewCNN;    25;    2;    0;    1;    09;    0.5830;    0.5718    0.8731;    0.478877;    0.0005;    00;
22:19 ;		 MultiViewCNN;    25;    2;    0;    1;    10;    0.5759;    0.6033    0.8854;    0.405825;    0.0005;    01;
22:19 ;		 MultiViewCNN;    25;    2;    0;    1;    11;    0.5576;    0.5526    0.8762;    0.422041;    0.0005;    02;
22:20 ;		 MultiViewCNN;    25;    2;    0;    1;    12;    0.5203;    0.5403    0.8916;    0.462464;    0.0005;    03;
22:20 ;		 MultiViewCNN;    25;    2;    0;    1;    13;    0.4727;    0.5048    0.8638;    0.527577;    0.0005;    04;
22:21 ;		 MultiViewCNN;    26;    2;    0;    2;    00;    0.7064;    0.6914    0.7461;    0.493664;    0.0005;    00;
22:21 ;		 MultiViewCNN;    26;    2;    0;    2;    01;    0.6870;    0.6879    0.8142;    0.498839;    0.0005;    00;
22:22 ;		 MultiViewCNN;    26;    2;    0;    2;    02;    0.6884;    0.6817    0.8483;    0.504190;    0.0005;    00;
22:23 ;		 MultiViewCNN;    26;    2;    0;    2;    03;    0.6845;    0.6741    0.8514;    0.515030;    0.0005;    00;
22:23 ;		 MultiViewCNN;    26;    2;    0;    2;    04;    0.6741;    0.6677    0.8762;    0.539088;    0.0005;    00;
22:24 ;		 MultiViewCNN;    26;    2;    0;    2;    05;    0.6654;    0.6598    0.8731;    0.529720;    0.0005;    00;
22:24 ;		 MultiViewCNN;    26;    2;    0;    2;    06;    0.6601;    0.6554    0.8514;    0.554589;    0.0005;    01;
22:25 ;		 MultiViewCNN;    26;    2;    0;    2;    07;    0.6473;    0.6435    0.8700;    0.533836;    0.0005;    02;
22:25 ;		 MultiViewCNN;    26;    2;    0;    2;    08;    0.6537;    0.6347    0.8638;    0.545033;    0.0005;    03;
22:26 ;		 MultiViewCNN;    26;    2;    0;    2;    09;    0.6300;    0.6301    0.8421;    0.560295;    0.0005;    04;
22:26 ;		 MultiViewCNN;    27;    2;    0;    3;    00;    0.6947;    0.6941    0.3715;    0.523395;    0.0001;    00;
22:27 ;		 MultiViewCNN;    27;    2;    0;    3;    01;    0.6942;    0.6928    0.4675;    0.523311;    0.0001;    00;
22:27 ;		 MultiViewCNN;    27;    2;    0;    3;    02;    0.6880;    0.6888    0.6594;    0.534131;    0.0001;    00;
22:28 ;		 MultiViewCNN;    27;    2;    0;    3;    03;    0.6818;    0.6836    0.7585;    0.532971;    0.0001;    00;
22:29 ;		 MultiViewCNN;    27;    2;    0;    3;    04;    0.6849;    0.6801    0.7709;    0.536214;    0.0001;    00;
22:29 ;		 MultiViewCNN;    27;    2;    0;    3;    05;    0.6861;    0.6771    0.7802;    0.536835;    0.0001;    00;
22:30 ;		 MultiViewCNN;    27;    2;    0;    3;    06;    0.6740;    0.6732    0.8111;    0.531053;    0.0001;    00;
22:30 ;		 MultiViewCNN;    27;    2;    0;    3;    07;    0.6877;    0.6687    0.8297;    0.513153;    0.0001;    00;
22:31 ;		 MultiViewCNN;    27;    2;    0;    3;    08;    0.6796;    0.6660    0.8297;    0.514017;    0.0001;    00;
22:32 ;		 MultiViewCNN;    27;    2;    0;    3;    09;    0.6692;    0.6642    0.8359;    0.512782;    0.0001;    01;
22:32 ;		 MultiViewCNN;    27;    2;    0;    3;    10;    0.6649;    0.6613    0.8452;    0.506839;    0.0001;    00;
22:33 ;		 MultiViewCNN;    27;    2;    0;    3;    11;    0.6736;    0.6581    0.8576;    0.505541;    0.0001;    00;
22:33 ;		 MultiViewCNN;    27;    2;    0;    3;    12;    0.6594;    0.6555    0.8607;    0.506542;    0.0001;    00;
22:34 ;		 MultiViewCNN;    27;    2;    0;    3;    13;    0.6585;    0.6535    0.8607;    0.508568;    0.0001;    00;
22:34 ;		 MultiViewCNN;    27;    2;    0;    3;    14;    0.6673;    0.6508    0.8607;    0.506601;    0.0001;    01;
22:35 ;		 MultiViewCNN;    27;    2;    0;    3;    15;    0.6532;    0.6482    0.8607;    0.506668;    0.0001;    02;
22:36 ;		 MultiViewCNN;    27;    2;    0;    3;    16;    0.6656;    0.6458    0.8576;    0.511228;    0.0001;    03;
22:36 ;		 MultiViewCNN;    27;    2;    0;    3;    17;    0.6659;    0.6425    0.8638;    0.509632;    0.0001;    04;
22:37 ;		 MultiViewCNN;    27;    2;    0;    3;    18;    0.6446;    0.6409    0.8669;    0.509921;    0.0001;    00;
22:37 ;		 MultiViewCNN;    27;    2;    0;    3;    19;    0.6539;    0.6383    0.8731;    0.501528;    0.0001;    00;
22:38 ;		 MultiViewCNN;    27;    2;    0;    3;    20;    0.6529;    0.6362    0.8700;    0.506797;    0.0001;    00;
22:38 ;		 MultiViewCNN;    27;    2;    0;    3;    21;    0.6515;    0.6350    0.8731;    0.505156;    0.0001;    01;
22:39 ;		 MultiViewCNN;    27;    2;    0;    3;    22;    0.6391;    0.6321    0.8731;    0.505291;    0.0001;    02;
22:40 ;		 MultiViewCNN;    27;    2;    0;    3;    23;    0.6360;    0.6277    0.8731;    0.506956;    0.0001;    03;
22:40 ;		 MultiViewCNN;    27;    2;    0;    3;    24;    0.6464;    0.6237    0.8731;    0.503681;    0.0001;    04;
22:41 ;		 MultiViewCNN;    28;    2;    0;    4;    00;    0.6949;    0.6892    0.7121;    0.498122;    0.0001;    00;
22:41 ;		 MultiViewCNN;    28;    2;    0;    4;    01;    0.6977;    0.6886    0.7307;    0.496449;    0.0001;    00;
22:42 ;		 MultiViewCNN;    28;    2;    0;    4;    02;    0.6889;    0.6872    0.7337;    0.501326;    0.0001;    00;
22:42 ;		 MultiViewCNN;    28;    2;    0;    4;    03;    0.6872;    0.6851    0.7461;    0.505009;    0.0001;    00;
22:43 ;		 MultiViewCNN;    28;    2;    0;    4;    04;    0.6892;    0.6830    0.7647;    0.506511;    0.0001;    00;
22:43 ;		 MultiViewCNN;    28;    2;    0;    4;    05;    0.6842;    0.6806    0.7802;    0.506668;    0.0001;    00;
22:44 ;		 MultiViewCNN;    28;    2;    0;    4;    06;    0.6798;    0.6789    0.7740;    0.510794;    0.0001;    00;
22:45 ;		 MultiViewCNN;    28;    2;    0;    4;    07;    0.6774;    0.6765    0.7802;    0.508755;    0.0001;    01;
22:45 ;		 MultiViewCNN;    28;    2;    0;    4;    08;    0.6807;    0.6743    0.7833;    0.515484;    0.0001;    02;
22:46 ;		 MultiViewCNN;    28;    2;    0;    4;    09;    0.6819;    0.6719    0.7988;    0.511965;    0.0001;    00;
22:46 ;		 MultiViewCNN;    28;    2;    0;    4;    10;    0.6781;    0.6704    0.7988;    0.514006;    0.0001;    00;
22:47 ;		 MultiViewCNN;    28;    2;    0;    4;    11;    0.6750;    0.6691    0.7957;    0.506039;    0.0001;    01;
22:47 ;		 MultiViewCNN;    28;    2;    0;    4;    12;    0.6805;    0.6675    0.7957;    0.503650;    0.0001;    02;
22:48 ;		 MultiViewCNN;    28;    2;    0;    4;    13;    0.6744;    0.6654    0.8019;    0.500085;    0.0001;    03;
22:48 ;		 MultiViewCNN;    28;    2;    0;    4;    14;    0.6726;    0.6635    0.8019;    0.498203;    0.0001;    00;
22:49 ;		 MultiViewCNN;    28;    2;    0;    4;    15;    0.6662;    0.6618    0.8204;    0.508545;    0.0001;    01;
22:49 ;		 MultiViewCNN;    28;    2;    0;    4;    16;    0.6770;    0.6602    0.8173;    0.512677;    0.0001;    00;
22:50 ;		 MultiViewCNN;    28;    2;    0;    4;    17;    0.6744;    0.6589    0.8266;    0.509855;    0.0001;    01;
22:50 ;		 MultiViewCNN;    28;    2;    0;    4;    18;    0.6788;    0.6572    0.8297;    0.513523;    0.0001;    00;
22:51 ;		 MultiViewCNN;    28;    2;    0;    4;    19;    0.6632;    0.6560    0.8359;    0.507080;    0.0001;    00;
22:51 ;		 MultiViewCNN;    28;    2;    0;    4;    20;    0.6738;    0.6545    0.8421;    0.511674;    0.0001;    00;
22:52 ;		 MultiViewCNN;    28;    2;    0;    4;    21;    0.6726;    0.6527    0.8421;    0.511250;    0.0001;    00;
22:53 ;		 MultiViewCNN;    28;    2;    0;    4;    22;    0.6607;    0.6510    0.8545;    0.511910;    0.0001;    01;
22:53 ;		 MultiViewCNN;    28;    2;    0;    4;    23;    0.6606;    0.6486    0.8390;    0.519542;    0.0001;    00;
22:54 ;		 MultiViewCNN;    28;    2;    0;    4;    24;    0.6614;    0.6463    0.8421;    0.521779;    0.0001;    01;
22:54 ;		 MultiViewCNN;    28;    2;    0;    4;    25;    0.6606;    0.6442    0.8452;    0.523244;    0.0001;    02;
22:55 ;		 MultiViewCNN;    28;    2;    0;    4;    26;    0.6514;    0.6427    0.8483;    0.522423;    0.0001;    03;
22:55 ;		 MultiViewCNN;    28;    2;    0;    4;    27;    0.6396;    0.6413    0.8514;    0.522845;    0.0001;    04;
21:12 ;		 RN18+MLP;    121;    0;    0;    1;    00;    0.6180;    1.0109    0.5263;    0.976402;    0.001;    00;
21:12 ;		 RN18+MLP;    121;    0;    0;    1;    01;    0.2426;    0.7927    0.6966;    0.944000;    0.001;    00;
21:12 ;		 RN18+MLP;    121;    0;    0;    1;    02;    0.1357;    0.7750    0.7864;    0.951169;    0.001;    00;
21:12 ;		 RN18+MLP;    121;    0;    0;    1;    03;    0.1393;    0.9096    0.7771;    0.819205;    0.001;    00;
21:12 ;		 RN18+MLP;    121;    0;    0;    1;    04;    0.1713;    0.9799    0.7740;    0.915556;    0.001;    01;
21:13 ;		 RN18+MLP;    121;    0;    0;    1;    05;    0.0360;    1.1346    0.7585;    0.969865;    0.0005;    02;
21:13 ;		 RN18+MLP;    122;    0;    0;    2;    00;    0.6053;    0.6755    0.6656;    0.727395;    0.0005;    00;
21:13 ;		 RN18+MLP;    122;    0;    0;    2;    01;    0.3965;    0.8446    0.6223;    0.837237;    0.0005;    00;
21:13 ;		 RN18+MLP;    122;    0;    0;    2;    02;    0.2346;    0.8941    0.6563;    0.815606;    0.0005;    01;
21:13 ;		 RN18+MLP;    122;    0;    0;    2;    03;    0.2733;    0.8828    0.6873;    0.953025;    0.00025;    02;
21:13 ;		 RN18+MLP;    122;    0;    0;    2;    04;    0.1833;    0.8953    0.6966;    0.950089;    0.00025;    00;
21:14 ;		 RN18+MLP;    122;    0;    0;    2;    05;    0.1521;    0.9027    0.6966;    0.961469;    0.00025;    00;
21:14 ;		 RN18+MLP;    122;    0;    0;    2;    06;    0.1572;    0.9049    0.7059;    0.970459;    0.000125;    01;
21:14 ;		 RN18+MLP;    122;    0;    0;    2;    07;    0.1635;    0.8829    0.7028;    0.967643;    0.000125;    00;
21:14 ;		 RN18+MLP;    122;    0;    0;    2;    08;    0.1462;    0.8855    0.7121;    0.958193;    0.000125;    01;
21:14 ;		 RN18+MLP;    122;    0;    0;    2;    09;    0.1072;    0.8799    0.7337;    0.945575;    6.25e-05;    00;
21:14 ;		 RN18+MLP;    122;    0;    0;    2;    10;    0.1893;    0.9067    0.7090;    0.975250;    6.25e-05;    00;
21:15 ;		 RN18+MLP;    122;    0;    0;    2;    11;    0.1511;    0.9057    0.7121;    0.977053;    6.25e-05;    01;
21:15 ;		 RN18+MLP;    122;    0;    0;    2;    12;    0.0770;    0.8862    0.7214;    0.955567;    3.125e-05;    02;
21:15 ;		 RN18+MLP;    123;    0;    1;    1;    00;    0.5832;    0.7652    0.6997;    0.918994;    0.001;    00;
21:15 ;		 RN18+MLP;    123;    0;    1;    1;    01;    0.3643;    0.6849    0.7647;    0.932097;    0.001;    00;
21:15 ;		 RN18+MLP;    123;    0;    1;    1;    02;    0.1985;    0.5692    0.7678;    0.855860;    0.001;    00;
21:15 ;		 RN18+MLP;    123;    0;    1;    1;    03;    0.1691;    0.5471    0.8019;    0.736354;    0.001;    00;
21:15 ;		 RN18+MLP;    123;    0;    1;    1;    04;    0.1194;    0.5392    0.8297;    0.718622;    0.001;    00;
21:16 ;		 RN18+MLP;    123;    0;    1;    1;    05;    0.1150;    0.5769    0.8111;    0.708013;    0.001;    00;
21:16 ;		 RN18+MLP;    123;    0;    1;    1;    06;    0.0869;    0.6552    0.7771;    0.578491;    0.001;    01;
21:16 ;		 RN18+MLP;    123;    0;    1;    1;    07;    0.0795;    0.7421    0.7647;    0.797125;    0.0005;    02;
21:16 ;		 RN18+MLP;    124;    0;    1;    2;    00;    0.6405;    0.5681    0.8483;    0.419911;    0.0005;    00;
21:16 ;		 RN18+MLP;    124;    0;    1;    2;    01;    0.3854;    0.5185    0.8142;    0.593520;    0.0005;    00;
21:16 ;		 RN18+MLP;    124;    0;    1;    2;    02;    0.2472;    0.5243    0.8080;    0.466006;    0.0005;    01;
21:16 ;		 RN18+MLP;    124;    0;    1;    2;    03;    0.2156;    0.5259    0.8019;    0.427079;    0.0005;    02;
21:17 ;		 RN18+MLP;    125;    0;    2;    1;    00;    0.6279;    0.7036    0.7307;    0.844693;    0.001;    00;
21:17 ;		 RN18+MLP;    125;    0;    2;    1;    01;    0.4770;    0.5345    0.8050;    0.723170;    0.001;    00;
21:17 ;		 RN18+MLP;    125;    0;    2;    1;    02;    0.2592;    0.4921    0.8390;    0.343343;    0.001;    00;
21:17 ;		 RN18+MLP;    125;    0;    2;    1;    03;    0.2561;    0.4963    0.8390;    0.277551;    0.001;    00;
21:17 ;		 RN18+MLP;    125;    0;    2;    1;    04;    0.1523;    0.5609    0.8235;    0.349725;    0.001;    01;
21:17 ;		 RN18+MLP;    125;    0;    2;    1;    05;    0.1150;    0.5823    0.8173;    0.330292;    0.0005;    02;
21:17 ;		 RN18+MLP;    126;    0;    2;    2;    00;    0.6974;    0.4652    0.9226;    0.664621;    0.0005;    00;
21:17 ;		 RN18+MLP;    126;    0;    2;    2;    01;    0.4505;    0.4024    0.9133;    0.675200;    0.0005;    00;
21:18 ;		 RN18+MLP;    126;    0;    2;    2;    02;    0.3469;    0.3836    0.9164;    0.679662;    0.0005;    01;
21:18 ;		 RN18+MLP;    126;    0;    2;    2;    03;    0.2786;    0.3832    0.9102;    0.314453;    0.0005;    02;
21:19 ;		 RN18+MLP;    127;    1;    0;    1;    00;    0.5874;    0.5534    0.8019;    0.452622;    0.001;    00;
21:19 ;		 RN18+MLP;    127;    1;    0;    1;    01;    0.3524;    0.5760    0.8266;    0.274653;    0.001;    00;
21:19 ;		 RN18+MLP;    127;    1;    0;    1;    02;    0.1682;    0.6222    0.8173;    0.229046;    0.001;    00;
21:19 ;		 RN18+MLP;    127;    1;    0;    1;    03;    0.2588;    0.5935    0.8266;    0.196609;    0.0005;    01;
21:19 ;		 RN18+MLP;    127;    1;    0;    1;    04;    0.1947;    0.6164    0.8235;    0.230935;    0.0005;    02;
21:19 ;		 RN18+MLP;    128;    1;    0;    2;    00;    0.6549;    0.5403    0.8142;    0.483983;    0.0005;    00;
21:20 ;		 RN18+MLP;    128;    1;    0;    2;    01;    0.4363;    0.4693    0.8576;    0.405595;    0.0005;    00;
21:20 ;		 RN18+MLP;    128;    1;    0;    2;    02;    0.2859;    0.4665    0.8483;    0.343053;    0.0005;    00;
21:20 ;		 RN18+MLP;    128;    1;    0;    2;    03;    0.2546;    0.4773    0.8483;    0.317809;    0.0005;    01;
21:20 ;		 RN18+MLP;    128;    1;    0;    2;    04;    0.2062;    0.5145    0.8514;    0.197575;    0.0005;    02;
21:20 ;		 RN18+MLP;    129;    1;    1;    1;    00;    0.6257;    0.6817    0.7059;    0.681786;    0.001;    00;
21:20 ;		 RN18+MLP;    129;    1;    1;    1;    01;    0.4826;    0.6345    0.8204;    0.755544;    0.001;    00;
21:20 ;		 RN18+MLP;    129;    1;    1;    1;    02;    0.2966;    0.5653    0.7957;    0.601656;    0.001;    00;
21:20 ;		 RN18+MLP;    129;    1;    1;    1;    03;    0.2132;    0.5506    0.7895;    0.633354;    0.001;    01;
21:21 ;		 RN18+MLP;    129;    1;    1;    1;    04;    0.1538;    0.5284    0.8359;    0.446684;    0.001;    02;
21:21 ;		 RN18+MLP;    129;    1;    1;    1;    05;    0.1294;    0.5411    0.8204;    0.507257;    0.001;    00;
21:21 ;		 RN18+MLP;    129;    1;    1;    1;    06;    0.0948;    0.5425    0.8080;    0.545698;    0.001;    01;
21:21 ;		 RN18+MLP;    129;    1;    1;    1;    07;    0.0840;    0.5468    0.8421;    0.561970;    0.0005;    02;
21:21 ;		 RN18+MLP;    129;    1;    1;    1;    08;    0.1175;    0.6021    0.8359;    0.637675;    0.0005;    00;
21:21 ;		 RN18+MLP;    129;    1;    1;    1;    09;    0.0815;    0.6423    0.8297;    0.625526;    0.0005;    01;
21:21 ;		 RN18+MLP;    129;    1;    1;    1;    10;    0.1150;    0.5871    0.8421;    0.655625;    0.00025;    02;
21:22 ;		 RN18+MLP;    130;    1;    1;    2;    00;    0.6376;    0.5889    0.7802;    0.515101;    0.0005;    00;
21:22 ;		 RN18+MLP;    130;    1;    1;    2;    01;    0.4401;    0.5343    0.8390;    0.537986;    0.0005;    00;
21:22 ;		 RN18+MLP;    130;    1;    1;    2;    02;    0.3123;    0.5121    0.8235;    0.626925;    0.0005;    00;
21:22 ;		 RN18+MLP;    130;    1;    1;    2;    03;    0.3256;    0.5120    0.8204;    0.658861;    0.0005;    01;
21:22 ;		 RN18+MLP;    130;    1;    1;    2;    04;    0.2025;    0.5178    0.8050;    0.601400;    0.0005;    02;
21:22 ;		 RN18+MLP;    131;    1;    2;    1;    00;    0.6324;    0.5583    0.8854;    0.779672;    0.001;    00;
21:22 ;		 RN18+MLP;    131;    1;    2;    1;    01;    0.4383;    0.4731    0.9133;    0.579050;    0.001;    00;
21:22 ;		 RN18+MLP;    131;    1;    2;    1;    02;    0.3059;    0.4082    0.9319;    0.594165;    0.001;    00;
21:23 ;		 RN18+MLP;    131;    1;    2;    1;    03;    0.2527;    0.4240    0.9195;    0.772105;    0.001;    00;
21:23 ;		 RN18+MLP;    131;    1;    2;    1;    04;    0.1698;    0.3725    0.9195;    0.607045;    0.001;    01;
21:23 ;		 RN18+MLP;    131;    1;    2;    1;    05;    0.1439;    0.3508    0.9474;    0.611998;    0.001;    02;
21:23 ;		 RN18+MLP;    131;    1;    2;    1;    06;    0.1742;    0.3436    0.9474;    0.705831;    0.001;    00;
21:23 ;		 RN18+MLP;    131;    1;    2;    1;    07;    0.1166;    0.3220    0.9443;    0.654955;    0.001;    01;
21:23 ;		 RN18+MLP;    131;    1;    2;    1;    08;    0.0787;    0.3051    0.9443;    0.449894;    0.001;    02;
21:23 ;		 RN18+MLP;    132;    1;    2;    2;    00;    0.6585;    0.6300    0.7926;    0.683722;    0.0005;    00;
21:24 ;		 RN18+MLP;    132;    1;    2;    2;    01;    0.4219;    0.5256    0.8854;    0.717678;    0.0005;    00;
21:24 ;		 RN18+MLP;    132;    1;    2;    2;    02;    0.2953;    0.4681    0.9195;    0.632082;    0.0005;    00;
21:24 ;		 RN18+MLP;    132;    1;    2;    2;    03;    0.2506;    0.4878    0.9071;    0.614392;    0.0005;    00;
21:24 ;		 RN18+MLP;    132;    1;    2;    2;    04;    0.2076;    0.4690    0.9071;    0.856105;    0.0005;    01;
21:24 ;		 RN18+MLP;    132;    1;    2;    2;    05;    0.1313;    0.4693    0.9102;    0.808628;    0.00025;    02;
21:25 ;		 RN18+MLP;    133;    2;    0;    1;    00;    0.6585;    0.5248    0.8111;    0.700009;    0.001;    00;
21:25 ;		 RN18+MLP;    133;    2;    0;    1;    01;    0.3296;    0.4808    0.8514;    0.595286;    0.001;    00;
21:25 ;		 RN18+MLP;    133;    2;    0;    1;    02;    0.2299;    0.3877    0.9102;    0.521269;    0.001;    00;
21:25 ;		 RN18+MLP;    133;    2;    0;    1;    03;    0.1945;    0.3935    0.9133;    0.760266;    0.001;    00;
21:25 ;		 RN18+MLP;    133;    2;    0;    1;    04;    0.1633;    0.3443    0.9443;    0.710984;    0.001;    00;
21:25 ;		 RN18+MLP;    133;    2;    0;    1;    05;    0.0854;    0.3094    0.9474;    0.837966;    0.001;    00;
21:25 ;		 RN18+MLP;    133;    2;    0;    1;    06;    0.1156;    0.3053    0.9505;    0.659030;    0.001;    00;
21:26 ;		 RN18+MLP;    133;    2;    0;    1;    07;    0.0928;    0.3084    0.9443;    0.664352;    0.001;    00;
21:26 ;		 RN18+MLP;    133;    2;    0;    1;    08;    0.0678;    0.3049    0.9567;    0.814698;    0.001;    01;
21:26 ;		 RN18+MLP;    133;    2;    0;    1;    09;    0.0586;    0.3488    0.9257;    0.859659;    0.001;    00;
21:26 ;		 RN18+MLP;    133;    2;    0;    1;    10;    0.0657;    0.3714    0.9226;    0.934399;    0.001;    01;
21:26 ;		 RN18+MLP;    133;    2;    0;    1;    11;    0.0843;    0.3978    0.9133;    0.917696;    0.0005;    02;
21:26 ;		 RN18+MLP;    134;    2;    0;    2;    00;    0.6609;    0.5515    0.8359;    0.643398;    0.0005;    00;
21:26 ;		 RN18+MLP;    134;    2;    0;    2;    01;    0.4198;    0.4332    0.9195;    0.602479;    0.0005;    00;
21:27 ;		 RN18+MLP;    134;    2;    0;    2;    02;    0.3055;    0.3858    0.9319;    0.462506;    0.0005;    00;
21:27 ;		 RN18+MLP;    134;    2;    0;    2;    03;    0.2548;    0.3752    0.9164;    0.684398;    0.0005;    00;
21:27 ;		 RN18+MLP;    134;    2;    0;    2;    04;    0.2240;    0.3410    0.9381;    0.647636;    0.0005;    01;
21:27 ;		 RN18+MLP;    134;    2;    0;    2;    05;    0.1621;    0.3379    0.9288;    0.653704;    0.0005;    00;
21:27 ;		 RN18+MLP;    134;    2;    0;    2;    06;    0.1763;    0.3393    0.9288;    0.697819;    0.0005;    01;
21:27 ;		 RN18+MLP;    134;    2;    0;    2;    07;    0.1529;    0.3400    0.9226;    0.770617;    0.0005;    02;
21:27 ;		 RN18+MLP;    135;    2;    1;    1;    00;    0.6449;    0.4958    0.8762;    0.334080;    0.001;    00;
21:27 ;		 RN18+MLP;    135;    2;    1;    1;    01;    0.3711;    0.4266    0.8483;    0.663829;    0.001;    00;
21:28 ;		 RN18+MLP;    135;    2;    1;    1;    02;    0.2742;    0.4211    0.8669;    0.698252;    0.001;    01;
21:28 ;		 RN18+MLP;    135;    2;    1;    1;    03;    0.2398;    0.4119    0.8885;    0.848006;    0.001;    02;
21:28 ;		 RN18+MLP;    135;    2;    1;    1;    04;    0.1874;    0.3600    0.9071;    0.658753;    0.001;    00;
21:28 ;		 RN18+MLP;    135;    2;    1;    1;    05;    0.1993;    0.3612    0.9071;    0.633489;    0.001;    00;
21:28 ;		 RN18+MLP;    135;    2;    1;    1;    06;    0.0883;    0.4117    0.8947;    0.689029;    0.001;    01;
21:28 ;		 RN18+MLP;    135;    2;    1;    1;    07;    0.0777;    0.4791    0.8700;    0.953225;    0.0005;    02;
21:29 ;		 RN18+MLP;    136;    2;    1;    2;    00;    0.6467;    0.5285    0.8762;    0.435758;    0.0005;    00;
21:29 ;		 RN18+MLP;    136;    2;    1;    2;    01;    0.3809;    0.4160    0.9040;    0.631548;    0.0005;    00;
21:29 ;		 RN18+MLP;    136;    2;    1;    2;    02;    0.3342;    0.3621    0.9257;    0.746736;    0.0005;    00;
21:29 ;		 RN18+MLP;    136;    2;    1;    2;    03;    0.2898;    0.3457    0.9226;    0.720544;    0.0005;    00;
21:29 ;		 RN18+MLP;    136;    2;    1;    2;    04;    0.2062;    0.3422    0.9226;    0.778428;    0.0005;    01;
21:29 ;		 RN18+MLP;    136;    2;    1;    2;    05;    0.1749;    0.3391    0.9195;    0.715305;    0.0005;    02;
21:29 ;		 RN18+MLP;    137;    2;    2;    1;    00;    0.6358;    0.5597    0.7957;    0.633056;    0.001;    00;
21:29 ;		 RN18+MLP;    137;    2;    2;    1;    01;    0.3288;    0.5964    0.8266;    0.804376;    0.001;    00;
21:30 ;		 RN18+MLP;    137;    2;    2;    1;    02;    0.2085;    0.5976    0.8204;    0.598047;    0.001;    00;
21:30 ;		 RN18+MLP;    137;    2;    2;    1;    03;    0.1996;    0.6443    0.7957;    0.561026;    0.0005;    01;
21:30 ;		 RN18+MLP;    137;    2;    2;    1;    04;    0.0974;    0.6455    0.8080;    0.745984;    0.0005;    02;
21:30 ;		 RN18+MLP;    138;    2;    2;    2;    00;    0.6528;    0.5614    0.8142;    0.580637;    0.0005;    00;
21:30 ;		 RN18+MLP;    138;    2;    2;    2;    01;    0.3924;    0.5660    0.8204;    0.758967;    0.0005;    00;
21:30 ;		 RN18+MLP;    138;    2;    2;    2;    02;    0.2684;    0.5227    0.8359;    0.673337;    0.0005;    00;
21:30 ;		 RN18+MLP;    138;    2;    2;    2;    03;    0.2110;    0.4989    0.8390;    0.662195;    0.0005;    00;
21:31 ;		 RN18+MLP;    138;    2;    2;    2;    04;    0.1936;    0.4925    0.8576;    0.476212;    0.0005;    00;
21:31 ;		 RN18+MLP;    138;    2;    2;    2;    05;    0.1760;    0.4942    0.8638;    0.598885;    0.0005;    00;
21:31 ;		 RN18+MLP;    138;    2;    2;    2;    06;    0.1417;    0.5014    0.8607;    0.475025;    0.0005;    00;
21:31 ;		 RN18+MLP;    138;    2;    2;    2;    07;    0.1392;    0.5220    0.8607;    0.701669;    0.00025;    01;
21:31 ;		 RN18+MLP;    138;    2;    2;    2;    08;    0.1106;    0.5196    0.8514;    0.503920;    0.00025;    02;
21:32 ;		 RN18+MLP;    139;    3;    0;    1;    00;    0.6662;    0.8182    0.6718;    0.433734;    0.001;    00;
21:32 ;		 RN18+MLP;    139;    3;    0;    1;    01;    0.3369;    0.6427    0.6687;    0.764430;    0.001;    00;
21:33 ;		 RN18+MLP;    139;    3;    0;    1;    02;    0.2003;    0.6802    0.6935;    0.829072;    0.001;    01;
21:33 ;		 RN18+MLP;    139;    3;    0;    1;    03;    0.2505;    0.7069    0.7059;    0.900742;    0.001;    00;
21:33 ;		 RN18+MLP;    139;    3;    0;    1;    04;    0.1236;    0.6203    0.7399;    0.791030;    0.001;    00;
21:33 ;		 RN18+MLP;    139;    3;    0;    1;    05;    0.0822;    0.5959    0.7802;    0.423087;    0.001;    00;
21:33 ;		 RN18+MLP;    139;    3;    0;    1;    06;    0.0684;    0.6323    0.7926;    0.256185;    0.001;    00;
21:33 ;		 RN18+MLP;    139;    3;    0;    1;    07;    0.0653;    0.6378    0.7895;    0.299859;    0.001;    00;
21:33 ;		 RN18+MLP;    139;    3;    0;    1;    08;    0.0619;    0.6261    0.7771;    0.501193;    0.0005;    01;
21:33 ;		 RN18+MLP;    139;    3;    0;    1;    09;    0.0370;    0.6276    0.7833;    0.467271;    0.0005;    02;
21:34 ;		 RN18+MLP;    140;    3;    0;    2;    00;    0.6405;    0.6351    0.7307;    0.515145;    0.0005;    00;
21:34 ;		 RN18+MLP;    140;    3;    0;    2;    01;    0.4092;    0.5513    0.7740;    0.579896;    0.0005;    00;
21:34 ;		 RN18+MLP;    140;    3;    0;    2;    02;    0.2900;    0.5168    0.7802;    0.643481;    0.0005;    00;
21:34 ;		 RN18+MLP;    140;    3;    0;    2;    03;    0.2286;    0.5129    0.7926;    0.654650;    0.0005;    00;
21:34 ;		 RN18+MLP;    140;    3;    0;    2;    04;    0.2087;    0.5201    0.8019;    0.724440;    0.0005;    00;
21:34 ;		 RN18+MLP;    140;    3;    0;    2;    05;    0.1455;    0.5330    0.7988;    0.612869;    0.0005;    00;
21:34 ;		 RN18+MLP;    140;    3;    0;    2;    06;    0.1423;    0.5082    0.8204;    0.787508;    0.0005;    01;
21:35 ;		 RN18+MLP;    140;    3;    0;    2;    07;    0.1247;    0.5276    0.8235;    0.674931;    0.0005;    00;
21:35 ;		 RN18+MLP;    140;    3;    0;    2;    08;    0.0840;    0.5776    0.8111;    0.718191;    0.0005;    00;
21:35 ;		 RN18+MLP;    140;    3;    0;    2;    09;    0.0525;    0.5990    0.8019;    0.728569;    0.00025;    01;
21:35 ;		 RN18+MLP;    140;    3;    0;    2;    10;    0.0880;    0.6096    0.7988;    0.726021;    0.00025;    02;
21:35 ;		 RN18+MLP;    141;    3;    1;    1;    00;    0.6680;    0.5907    0.7864;    0.862740;    0.001;    00;
21:35 ;		 RN18+MLP;    141;    3;    1;    1;    01;    0.2340;    0.6334    0.7678;    0.948299;    0.001;    00;
21:35 ;		 RN18+MLP;    141;    3;    1;    1;    02;    0.1843;    0.5396    0.8452;    0.831473;    0.001;    01;
21:36 ;		 RN18+MLP;    141;    3;    1;    1;    03;    0.1332;    0.5302    0.8514;    0.879969;    0.001;    00;
21:36 ;		 RN18+MLP;    141;    3;    1;    1;    04;    0.1009;    0.5382    0.8483;    0.898511;    0.001;    00;
21:36 ;		 RN18+MLP;    141;    3;    1;    1;    05;    0.0952;    0.5260    0.8638;    0.797387;    0.001;    01;
21:36 ;		 RN18+MLP;    141;    3;    1;    1;    06;    0.0336;    0.5175    0.8669;    0.771225;    0.001;    00;
21:36 ;		 RN18+MLP;    141;    3;    1;    1;    07;    0.0578;    0.4759    0.8669;    0.909477;    0.001;    00;
21:36 ;		 RN18+MLP;    141;    3;    1;    1;    08;    0.1099;    0.5033    0.8793;    0.944563;    0.001;    01;
21:36 ;		 RN18+MLP;    141;    3;    1;    1;    09;    0.0441;    0.5222    0.8731;    0.931903;    0.001;    00;
21:36 ;		 RN18+MLP;    141;    3;    1;    1;    10;    0.0990;    0.5582    0.8607;    0.910609;    0.0005;    01;
21:37 ;		 RN18+MLP;    141;    3;    1;    1;    11;    0.0781;    0.5618    0.8452;    0.876752;    0.0005;    02;
21:37 ;		 RN18+MLP;    142;    3;    1;    2;    00;    0.6277;    0.6355    0.6656;    0.697230;    0.0005;    00;
21:37 ;		 RN18+MLP;    142;    3;    1;    2;    01;    0.3778;    0.5681    0.7616;    0.815627;    0.0005;    00;
21:37 ;		 RN18+MLP;    142;    3;    1;    2;    02;    0.2567;    0.5470    0.7957;    0.603689;    0.0005;    00;
21:37 ;		 RN18+MLP;    142;    3;    1;    2;    03;    0.1735;    0.5366    0.8173;    0.700892;    0.0005;    00;
21:37 ;		 RN18+MLP;    142;    3;    1;    2;    04;    0.1984;    0.5462    0.8173;    0.735459;    0.0005;    00;
21:37 ;		 RN18+MLP;    142;    3;    1;    2;    05;    0.1236;    0.5304    0.8204;    0.759957;    0.0005;    01;
21:38 ;		 RN18+MLP;    142;    3;    1;    2;    06;    0.1435;    0.5024    0.8390;    0.694848;    0.0005;    00;
21:38 ;		 RN18+MLP;    142;    3;    1;    2;    07;    0.1233;    0.4715    0.8514;    0.722150;    0.0005;    00;
21:38 ;		 RN18+MLP;    142;    3;    1;    2;    08;    0.1584;    0.4734    0.8514;    0.574852;    0.0005;    00;
21:38 ;		 RN18+MLP;    142;    3;    1;    2;    09;    0.1007;    0.4692    0.8545;    0.608929;    0.0005;    01;
21:38 ;		 RN18+MLP;    142;    3;    1;    2;    10;    0.0752;    0.4774    0.8452;    0.821542;    0.0005;    00;
21:38 ;		 RN18+MLP;    142;    3;    1;    2;    11;    0.0345;    0.4767    0.8514;    0.840121;    0.0005;    01;
21:38 ;		 RN18+MLP;    142;    3;    1;    2;    12;    0.0624;    0.4606    0.8669;    0.543841;    0.0005;    02;
21:38 ;		 RN18+MLP;    142;    3;    1;    2;    13;    0.1153;    0.4410    0.8700;    0.615842;    0.0005;    00;
21:39 ;		 RN18+MLP;    142;    3;    1;    2;    14;    0.0468;    0.4350    0.8793;    0.748090;    0.0005;    00;
21:39 ;		 RN18+MLP;    142;    3;    1;    2;    15;    0.0738;    0.4316    0.8824;    0.681038;    0.0005;    00;
21:39 ;		 RN18+MLP;    142;    3;    1;    2;    16;    0.0409;    0.4061    0.8978;    0.636924;    0.0005;    00;
21:39 ;		 RN18+MLP;    142;    3;    1;    2;    17;    0.0335;    0.4045    0.9102;    0.781754;    0.0005;    00;
21:39 ;		 RN18+MLP;    142;    3;    1;    2;    18;    0.0390;    0.4006    0.8978;    0.845008;    0.0005;    00;
21:39 ;		 RN18+MLP;    142;    3;    1;    2;    19;    0.0484;    0.3992    0.8978;    0.415793;    0.0005;    01;
21:39 ;		 RN18+MLP;    142;    3;    1;    2;    20;    0.0496;    0.3779    0.9009;    0.826413;    0.0005;    02;
21:40 ;		 RN18+MLP;    143;    3;    2;    1;    00;    0.6337;    0.5585    0.7988;    0.600324;    0.001;    00;
21:40 ;		 RN18+MLP;    143;    3;    2;    1;    01;    0.2609;    0.5476    0.8390;    0.647256;    0.001;    00;
21:40 ;		 RN18+MLP;    143;    3;    2;    1;    02;    0.1795;    0.5102    0.8483;    0.381999;    0.001;    00;
21:40 ;		 RN18+MLP;    143;    3;    2;    1;    03;    0.1005;    0.5197    0.8576;    0.314639;    0.001;    00;
21:40 ;		 RN18+MLP;    143;    3;    2;    1;    04;    0.0699;    0.5592    0.8545;    0.557362;    0.001;    00;
21:40 ;		 RN18+MLP;    143;    3;    2;    1;    05;    0.1222;    0.6293    0.8142;    0.356396;    0.0005;    01;
21:40 ;		 RN18+MLP;    143;    3;    2;    1;    06;    0.0478;    0.6247    0.8173;    0.256426;    0.0005;    02;
21:40 ;		 RN18+MLP;    144;    3;    2;    2;    00;    0.6814;    0.6093    0.7245;    0.548642;    0.0005;    00;
21:41 ;		 RN18+MLP;    144;    3;    2;    2;    01;    0.4305;    0.5167    0.8359;    0.520635;    0.0005;    00;
21:41 ;		 RN18+MLP;    144;    3;    2;    2;    02;    0.3838;    0.4757    0.8514;    0.626564;    0.0005;    00;
21:41 ;		 RN18+MLP;    144;    3;    2;    2;    03;    0.2137;    0.4783    0.8483;    0.327130;    0.0005;    00;
21:41 ;		 RN18+MLP;    144;    3;    2;    2;    04;    0.1886;    0.4821    0.8545;    0.249194;    0.0005;    01;
21:41 ;		 RN18+MLP;    144;    3;    2;    2;    05;    0.1718;    0.4995    0.8669;    0.684302;    0.00025;    00;
21:41 ;		 RN18+MLP;    144;    3;    2;    2;    06;    0.1530;    0.5000    0.8483;    0.717765;    0.00025;    00;
21:41 ;		 RN18+MLP;    144;    3;    2;    2;    07;    0.1131;    0.5180    0.8421;    0.722278;    0.00025;    01;
21:41 ;		 RN18+MLP;    144;    3;    2;    2;    08;    0.0647;    0.5272    0.8390;    0.776209;    0.000125;    02;
21:42 ;		 RN18+MLP;    145;    4;    0;    1;    00;    0.6792;    0.5767    0.7802;    0.809588;    0.001;    00;
21:42 ;		 RN18+MLP;    145;    4;    0;    1;    01;    0.3684;    0.4679    0.8638;    0.643505;    0.001;    00;
21:42 ;		 RN18+MLP;    145;    4;    0;    1;    02;    0.1991;    0.4363    0.8669;    0.466752;    0.001;    00;
21:42 ;		 RN18+MLP;    145;    4;    0;    1;    03;    0.1517;    0.4310    0.8793;    0.833278;    0.001;    00;
21:42 ;		 RN18+MLP;    145;    4;    0;    1;    04;    0.1013;    0.4270    0.8793;    0.783784;    0.001;    00;
21:43 ;		 RN18+MLP;    145;    4;    0;    1;    05;    0.0614;    0.4590    0.8793;    0.763935;    0.001;    01;
21:43 ;		 RN18+MLP;    145;    4;    0;    1;    06;    0.1030;    0.4799    0.8824;    0.509404;    0.001;    02;
21:43 ;		 RN18+MLP;    145;    4;    0;    1;    07;    0.1202;    0.4577    0.8978;    0.667560;    0.0005;    00;
21:43 ;		 RN18+MLP;    145;    4;    0;    1;    08;    0.0443;    0.4496    0.9071;    0.539182;    0.0005;    00;
21:43 ;		 RN18+MLP;    145;    4;    0;    1;    09;    0.0658;    0.4459    0.9102;    0.605640;    0.0005;    00;
21:43 ;		 RN18+MLP;    145;    4;    0;    1;    10;    0.0999;    0.4570    0.9009;    0.729637;    0.00025;    00;
21:43 ;		 RN18+MLP;    145;    4;    0;    1;    11;    0.0423;    0.4623    0.8947;    0.683002;    0.00025;    01;
21:43 ;		 RN18+MLP;    145;    4;    0;    1;    12;    0.0475;    0.4823    0.8885;    0.629725;    0.00025;    02;
21:44 ;		 RN18+MLP;    146;    4;    0;    2;    00;    0.6497;    0.5841    0.7988;    0.573554;    0.0005;    00;
21:44 ;		 RN18+MLP;    146;    4;    0;    2;    01;    0.4256;    0.4872    0.8514;    0.764812;    0.0005;    00;
21:44 ;		 RN18+MLP;    146;    4;    0;    2;    02;    0.4100;    0.4571    0.8607;    0.713722;    0.0005;    00;
21:44 ;		 RN18+MLP;    146;    4;    0;    2;    03;    0.2756;    0.4343    0.8700;    0.656218;    0.0005;    00;
21:44 ;		 RN18+MLP;    146;    4;    0;    2;    04;    0.2391;    0.4250    0.8793;    0.335846;    0.0005;    00;
21:44 ;		 RN18+MLP;    146;    4;    0;    2;    05;    0.1539;    0.4258    0.8700;    0.686154;    0.0005;    00;
21:44 ;		 RN18+MLP;    146;    4;    0;    2;    06;    0.1398;    0.4096    0.8762;    0.838736;    0.0005;    01;
21:45 ;		 RN18+MLP;    146;    4;    0;    2;    07;    0.1556;    0.3971    0.8916;    0.323110;    0.0005;    02;
21:45 ;		 RN18+MLP;    146;    4;    0;    2;    08;    0.1135;    0.3897    0.8916;    0.611831;    0.0005;    00;
21:45 ;		 RN18+MLP;    146;    4;    0;    2;    09;    0.1212;    0.4018    0.8885;    0.474565;    0.0005;    01;
21:45 ;		 RN18+MLP;    146;    4;    0;    2;    10;    0.1213;    0.4225    0.8854;    0.330266;    0.0005;    02;
21:45 ;		 RN18+MLP;    147;    4;    1;    1;    00;    0.6179;    0.5193    0.8173;    0.475109;    0.001;    00;
21:45 ;		 RN18+MLP;    147;    4;    1;    1;    01;    0.3602;    0.5788    0.7988;    0.744540;    0.001;    00;
21:45 ;		 RN18+MLP;    147;    4;    1;    1;    02;    0.2452;    0.5925    0.7771;    0.624609;    0.001;    01;
21:45 ;		 RN18+MLP;    147;    4;    1;    1;    03;    0.1700;    0.6277    0.7771;    0.662760;    0.0005;    02;
21:46 ;		 RN18+MLP;    148;    4;    1;    2;    00;    0.6528;    0.5822    0.7864;    0.575569;    0.0005;    00;
21:46 ;		 RN18+MLP;    148;    4;    1;    2;    01;    0.4278;    0.5707    0.7833;    0.612709;    0.0005;    00;
21:46 ;		 RN18+MLP;    148;    4;    1;    2;    02;    0.3509;    0.5348    0.8111;    0.568329;    0.0005;    01;
21:46 ;		 RN18+MLP;    148;    4;    1;    2;    03;    0.2197;    0.5221    0.8111;    0.599213;    0.0005;    00;
21:46 ;		 RN18+MLP;    148;    4;    1;    2;    04;    0.1584;    0.5271    0.8050;    0.607448;    0.0005;    01;
21:46 ;		 RN18+MLP;    148;    4;    1;    2;    05;    0.1610;    0.5473    0.7926;    0.719306;    0.0005;    02;
21:46 ;		 RN18+MLP;    149;    4;    2;    1;    00;    0.6710;    0.7853    0.7840;    0.297992;    0.001;    00;
21:46 ;		 RN18+MLP;    149;    4;    2;    1;    01;    0.3281;    0.4379    0.8704;    0.523667;    0.001;    00;
21:47 ;		 RN18+MLP;    149;    4;    2;    1;    02;    0.1978;    0.4097    0.8827;    0.332097;    0.001;    00;
21:47 ;		 RN18+MLP;    149;    4;    2;    1;    03;    0.2228;    0.4593    0.8704;    0.786253;    0.001;    00;
21:47 ;		 RN18+MLP;    149;    4;    2;    1;    04;    0.1115;    0.5485    0.8426;    0.757954;    0.001;    01;
21:47 ;		 RN18+MLP;    149;    4;    2;    1;    05;    0.1018;    0.5916    0.8395;    0.851048;    0.0005;    02;
21:47 ;		 RN18+MLP;    150;    4;    2;    2;    00;    0.6692;    0.6149    0.8086;    0.395642;    0.0005;    00;
21:47 ;		 RN18+MLP;    150;    4;    2;    2;    01;    0.4769;    0.4669    0.8889;    0.466718;    0.0005;    00;
21:47 ;		 RN18+MLP;    150;    4;    2;    2;    02;    0.3532;    0.4456    0.8920;    0.564520;    0.0005;    00;
21:47 ;		 RN18+MLP;    150;    4;    2;    2;    03;    0.2572;    0.4333    0.8889;    0.747232;    0.0005;    00;
21:48 ;		 RN18+MLP;    150;    4;    2;    2;    04;    0.1987;    0.4241    0.8858;    0.543818;    0.0005;    01;
21:48 ;		 RN18+MLP;    150;    4;    2;    2;    05;    0.1620;    0.4255    0.8858;    0.529886;    0.0005;    02;
22:11 ;		 MultiViewCNN;    29;    2;    1;    1;    00;    0.6993;    0.6865    0.8916;    0.525121;    0.0005;    00;
22:11 ;		 MultiViewCNN;    29;    2;    1;    1;    01;    0.6828;    0.6785    0.9288;    0.522276;    0.0005;    00;
22:11 ;		 MultiViewCNN;    29;    2;    1;    1;    02;    0.6684;    0.6671    0.9412;    0.509776;    0.0005;    00;
22:12 ;		 MultiViewCNN;    29;    2;    1;    1;    03;    0.6687;    0.6581    0.9443;    0.492553;    0.0005;    00;
22:12 ;		 MultiViewCNN;    29;    2;    1;    1;    04;    0.6658;    0.6456    0.9381;    0.509161;    0.0005;    00;
22:12 ;		 MultiViewCNN;    29;    2;    1;    1;    05;    0.6526;    0.6315    0.9288;    0.516353;    0.0005;    01;
22:12 ;		 MultiViewCNN;    29;    2;    1;    1;    06;    0.6419;    0.6193    0.9226;    0.490102;    0.0005;    02;
22:12 ;		 MultiViewCNN;    29;    2;    1;    1;    07;    0.6325;    0.6054    0.9195;    0.489164;    0.0005;    03;
22:12 ;		 MultiViewCNN;    29;    2;    1;    1;    08;    0.6294;    0.5890    0.9133;    0.512962;    0.0005;    04;
22:12 ;		 MultiViewCNN;    30;    2;    1;    2;    00;    0.7007;    0.6846    0.8390;    0.503156;    0.0005;    00;
22:13 ;		 MultiViewCNN;    30;    2;    1;    2;    01;    0.6878;    0.6760    0.8854;    0.511065;    0.0005;    00;
22:13 ;		 MultiViewCNN;    30;    2;    1;    2;    02;    0.6704;    0.6667    0.9381;    0.510406;    0.0005;    00;
22:13 ;		 MultiViewCNN;    30;    2;    1;    2;    03;    0.6719;    0.6555    0.9319;    0.522173;    0.0005;    00;
22:13 ;		 MultiViewCNN;    30;    2;    1;    2;    04;    0.6662;    0.6431    0.9226;    0.526638;    0.0005;    01;
22:13 ;		 MultiViewCNN;    30;    2;    1;    2;    05;    0.6594;    0.6326    0.9257;    0.527104;    0.0005;    02;
22:13 ;		 MultiViewCNN;    30;    2;    1;    2;    06;    0.6443;    0.6183    0.9257;    0.502031;    0.0005;    03;
22:13 ;		 MultiViewCNN;    30;    2;    1;    2;    07;    0.6433;    0.6050    0.9133;    0.516193;    0.0005;    04;
22:14 ;		 MultiViewCNN;    31;    2;    1;    3;    00;    0.6915;    0.6908    0.7585;    0.521168;    0.0001;    00;
22:14 ;		 MultiViewCNN;    31;    2;    1;    3;    01;    0.6893;    0.6894    0.7492;    0.523366;    0.0001;    00;
22:14 ;		 MultiViewCNN;    31;    2;    1;    3;    02;    0.6907;    0.6880    0.8111;    0.521347;    0.0001;    01;
22:14 ;		 MultiViewCNN;    31;    2;    1;    3;    03;    0.6914;    0.6854    0.8669;    0.518144;    0.0001;    00;
22:14 ;		 MultiViewCNN;    31;    2;    1;    3;    04;    0.6823;    0.6832    0.8947;    0.518938;    0.0001;    00;
22:14 ;		 MultiViewCNN;    31;    2;    1;    3;    05;    0.6900;    0.6821    0.8854;    0.516630;    0.0001;    00;
22:14 ;		 MultiViewCNN;    31;    2;    1;    3;    06;    0.6770;    0.6806    0.9040;    0.521052;    0.0001;    01;
22:15 ;		 MultiViewCNN;    31;    2;    1;    3;    07;    0.6837;    0.6794    0.8762;    0.515551;    0.0001;    00;
22:15 ;		 MultiViewCNN;    31;    2;    1;    3;    08;    0.6816;    0.6782    0.8731;    0.514316;    0.0001;    01;
22:15 ;		 MultiViewCNN;    31;    2;    1;    3;    09;    0.6809;    0.6769    0.8669;    0.513157;    0.0001;    02;
22:15 ;		 MultiViewCNN;    31;    2;    1;    3;    10;    0.6782;    0.6748    0.8916;    0.518623;    0.0001;    03;
22:15 ;		 MultiViewCNN;    31;    2;    1;    3;    11;    0.6759;    0.6729    0.8978;    0.516660;    0.0001;    04;
22:15 ;		 MultiViewCNN;    32;    2;    1;    4;    00;    0.6907;    0.6899    0.7926;    0.504306;    0.0001;    00;
22:15 ;		 MultiViewCNN;    32;    2;    1;    4;    01;    0.6868;    0.6883    0.7740;    0.507475;    0.0001;    00;
22:16 ;		 MultiViewCNN;    32;    2;    1;    4;    02;    0.6914;    0.6870    0.7307;    0.506806;    0.0001;    01;
22:16 ;		 MultiViewCNN;    32;    2;    1;    4;    03;    0.6882;    0.6856    0.6966;    0.506914;    0.0001;    02;
22:16 ;		 MultiViewCNN;    32;    2;    1;    4;    04;    0.6891;    0.6836    0.7028;    0.505639;    0.0001;    03;
22:16 ;		 MultiViewCNN;    32;    2;    1;    4;    05;    0.6799;    0.6813    0.7121;    0.502597;    0.0001;    04;
22:16 ;		 MultiViewCNN;    33;    2;    2;    1;    00;    0.6923;    0.6903    0.6594;    0.517319;    0.0005;    00;
22:16 ;		 MultiViewCNN;    33;    2;    2;    1;    01;    0.6720;    0.6862    0.6842;    0.514822;    0.0005;    00;
22:16 ;		 MultiViewCNN;    33;    2;    2;    1;    02;    0.6690;    0.6799    0.7430;    0.530080;    0.0005;    00;
22:17 ;		 MultiViewCNN;    33;    2;    2;    1;    03;    0.6652;    0.6723    0.7554;    0.535699;    0.0005;    00;
22:17 ;		 MultiViewCNN;    33;    2;    2;    1;    04;    0.6471;    0.6679    0.7430;    0.556499;    0.0005;    00;
22:17 ;		 MultiViewCNN;    33;    2;    2;    1;    05;    0.6422;    0.6637    0.7554;    0.545791;    0.0005;    01;
22:17 ;		 MultiViewCNN;    33;    2;    2;    1;    06;    0.6408;    0.6689    0.7337;    0.594079;    0.0005;    02;
22:17 ;		 MultiViewCNN;    33;    2;    2;    1;    07;    0.6220;    0.6503    0.7647;    0.572459;    0.0005;    03;
22:17 ;		 MultiViewCNN;    33;    2;    2;    1;    08;    0.6078;    0.6394    0.8050;    0.504258;    0.0005;    00;
22:17 ;		 MultiViewCNN;    33;    2;    2;    1;    09;    0.6029;    0.6340    0.8142;    0.536760;    0.0005;    00;
22:18 ;		 MultiViewCNN;    33;    2;    2;    1;    10;    0.5862;    0.6278    0.8173;    0.522970;    0.0005;    00;
22:18 ;		 MultiViewCNN;    33;    2;    2;    1;    11;    0.5548;    0.6137    0.8142;    0.525573;    0.0005;    00;
22:18 ;		 MultiViewCNN;    33;    2;    2;    1;    12;    0.5295;    0.6076    0.8359;    0.498264;    0.0005;    01;
22:18 ;		 MultiViewCNN;    33;    2;    2;    1;    13;    0.5156;    0.5943    0.8297;    0.582895;    0.0005;    00;
22:18 ;		 MultiViewCNN;    33;    2;    2;    1;    14;    0.4937;    0.5853    0.8204;    0.545913;    0.0005;    01;
22:18 ;		 MultiViewCNN;    33;    2;    2;    1;    15;    0.4589;    0.6104    0.8638;    0.369244;    0.0005;    02;
22:18 ;		 MultiViewCNN;    33;    2;    2;    1;    16;    0.4658;    0.5406    0.8607;    0.570780;    0.0005;    00;
22:19 ;		 MultiViewCNN;    33;    2;    2;    1;    17;    0.4267;    0.5643    0.8297;    0.567570;    0.0005;    01;
22:19 ;		 MultiViewCNN;    33;    2;    2;    1;    18;    0.4387;    0.5107    0.9040;    0.685896;    0.0005;    02;
22:19 ;		 MultiViewCNN;    33;    2;    2;    1;    19;    0.3897;    0.6044    0.8669;    0.782804;    0.0005;    00;
22:19 ;		 MultiViewCNN;    33;    2;    2;    1;    20;    0.3613;    0.6115    0.8297;    0.297216;    0.0005;    01;
22:19 ;		 MultiViewCNN;    33;    2;    2;    1;    21;    0.3358;    0.5072    0.8669;    0.467021;    0.0005;    02;
22:19 ;		 MultiViewCNN;    33;    2;    2;    1;    22;    0.3539;    0.5263    0.8390;    0.675325;    0.0005;    03;
22:19 ;		 MultiViewCNN;    33;    2;    2;    1;    23;    0.3041;    0.6411    0.8576;    0.868136;    0.0005;    04;
22:20 ;		 MultiViewCNN;    34;    2;    2;    2;    00;    0.6915;    0.6927    0.5820;    0.492682;    0.0005;    00;
22:20 ;		 MultiViewCNN;    34;    2;    2;    2;    01;    0.6840;    0.6830    0.7833;    0.500544;    0.0005;    00;
22:20 ;		 MultiViewCNN;    34;    2;    2;    2;    02;    0.6655;    0.6709    0.8173;    0.516987;    0.0005;    00;
22:20 ;		 MultiViewCNN;    34;    2;    2;    2;    03;    0.6442;    0.6621    0.7895;    0.565465;    0.0005;    00;
22:20 ;		 MultiViewCNN;    34;    2;    2;    2;    04;    0.6311;    0.6553    0.7771;    0.583034;    0.0005;    01;
22:20 ;		 MultiViewCNN;    34;    2;    2;    2;    05;    0.6279;    0.6443    0.7802;    0.579070;    0.0005;    02;
22:20 ;		 MultiViewCNN;    34;    2;    2;    2;    06;    0.6242;    0.6385    0.7771;    0.584814;    0.0005;    03;
22:20 ;		 MultiViewCNN;    34;    2;    2;    2;    07;    0.6056;    0.6182    0.8297;    0.544305;    0.0005;    04;
22:21 ;		 MultiViewCNN;    34;    2;    2;    2;    08;    0.5764;    0.6121    0.8514;    0.561719;    0.0005;    00;
22:21 ;		 MultiViewCNN;    34;    2;    2;    2;    09;    0.5803;    0.6132    0.8266;    0.646650;    0.0005;    00;
22:21 ;		 MultiViewCNN;    34;    2;    2;    2;    10;    0.5495;    0.5909    0.8483;    0.585149;    0.0005;    01;
22:21 ;		 MultiViewCNN;    34;    2;    2;    2;    11;    0.5712;    0.5889    0.8297;    0.566914;    0.0005;    02;
22:21 ;		 MultiViewCNN;    34;    2;    2;    2;    12;    0.5088;    0.6319    0.8421;    0.730171;    0.0005;    03;
22:21 ;		 MultiViewCNN;    34;    2;    2;    2;    13;    0.5120;    0.5697    0.8235;    0.615053;    0.0005;    04;
22:21 ;		 MultiViewCNN;    35;    2;    2;    3;    00;    0.6897;    0.6895    0.6563;    0.516529;    0.0001;    00;
22:22 ;		 MultiViewCNN;    35;    2;    2;    3;    01;    0.6874;    0.6883    0.6811;    0.520875;    0.0001;    00;
22:22 ;		 MultiViewCNN;    35;    2;    2;    3;    02;    0.6826;    0.6865    0.7152;    0.526177;    0.0001;    00;
22:22 ;		 MultiViewCNN;    35;    2;    2;    3;    03;    0.6854;    0.6845    0.7337;    0.533637;    0.0001;    00;
22:22 ;		 MultiViewCNN;    35;    2;    2;    3;    04;    0.6786;    0.6823    0.7616;    0.533511;    0.0001;    00;
22:22 ;		 MultiViewCNN;    35;    2;    2;    3;    05;    0.6814;    0.6803    0.7740;    0.533344;    0.0001;    00;
22:22 ;		 MultiViewCNN;    35;    2;    2;    3;    06;    0.6768;    0.6784    0.7771;    0.531354;    0.0001;    00;
22:22 ;		 MultiViewCNN;    35;    2;    2;    3;    07;    0.6786;    0.6770    0.7864;    0.533795;    0.0001;    00;
22:23 ;		 MultiViewCNN;    35;    2;    2;    3;    08;    0.6657;    0.6756    0.7895;    0.535390;    0.0001;    00;
22:23 ;		 MultiViewCNN;    35;    2;    2;    3;    09;    0.6718;    0.6741    0.7864;    0.532309;    0.0001;    00;
22:23 ;		 MultiViewCNN;    35;    2;    2;    3;    10;    0.6661;    0.6727    0.7771;    0.530865;    0.0001;    01;
22:23 ;		 MultiViewCNN;    35;    2;    2;    3;    11;    0.6603;    0.6708    0.7833;    0.532260;    0.0001;    02;
22:23 ;		 MultiViewCNN;    35;    2;    2;    3;    12;    0.6544;    0.6694    0.7926;    0.534859;    0.0001;    03;
22:23 ;		 MultiViewCNN;    35;    2;    2;    3;    13;    0.6628;    0.6676    0.7895;    0.534422;    0.0001;    00;
22:23 ;		 MultiViewCNN;    35;    2;    2;    3;    14;    0.6421;    0.6656    0.7895;    0.535922;    0.0001;    01;
22:23 ;		 MultiViewCNN;    35;    2;    2;    3;    15;    0.6408;    0.6636    0.7895;    0.527275;    0.0001;    02;
22:24 ;		 MultiViewCNN;    35;    2;    2;    3;    16;    0.6439;    0.6617    0.7988;    0.533266;    0.0001;    03;
22:24 ;		 MultiViewCNN;    35;    2;    2;    3;    17;    0.6386;    0.6597    0.8111;    0.536521;    0.0001;    00;
22:24 ;		 MultiViewCNN;    35;    2;    2;    3;    18;    0.6400;    0.6577    0.8173;    0.552623;    0.0001;    00;
22:24 ;		 MultiViewCNN;    35;    2;    2;    3;    19;    0.6392;    0.6545    0.8142;    0.554448;    0.0001;    00;
22:24 ;		 MultiViewCNN;    35;    2;    2;    3;    20;    0.6404;    0.6518    0.8359;    0.554170;    0.0001;    01;
22:24 ;		 MultiViewCNN;    35;    2;    2;    3;    21;    0.6202;    0.6491    0.8359;    0.558062;    0.0001;    00;
22:24 ;		 MultiViewCNN;    35;    2;    2;    3;    22;    0.6311;    0.6468    0.8359;    0.566988;    0.0001;    01;
22:25 ;		 MultiViewCNN;    35;    2;    2;    3;    23;    0.6157;    0.6434    0.8297;    0.573971;    0.0001;    02;
22:25 ;		 MultiViewCNN;    35;    2;    2;    3;    24;    0.6098;    0.6397    0.8390;    0.576209;    0.0001;    03;
22:25 ;		 MultiViewCNN;    35;    2;    2;    3;    25;    0.6222;    0.6372    0.8421;    0.580243;    0.0001;    00;
22:25 ;		 MultiViewCNN;    35;    2;    2;    3;    26;    0.5935;    0.6344    0.8514;    0.569016;    0.0001;    00;
22:25 ;		 MultiViewCNN;    35;    2;    2;    3;    27;    0.5994;    0.6325    0.8483;    0.591590;    0.0001;    00;
22:25 ;		 MultiViewCNN;    35;    2;    2;    3;    28;    0.6038;    0.6309    0.8390;    0.592677;    0.0001;    01;
22:25 ;		 MultiViewCNN;    35;    2;    2;    3;    29;    0.5843;    0.6262    0.8514;    0.580876;    0.0001;    02;
22:26 ;		 MultiViewCNN;    36;    2;    2;    4;    00;    0.7004;    0.6960    0.5542;    0.482856;    0.0001;    00;
22:26 ;		 MultiViewCNN;    36;    2;    2;    4;    01;    0.6917;    0.6950    0.5387;    0.480532;    0.0001;    00;
22:26 ;		 MultiViewCNN;    36;    2;    2;    4;    02;    0.7014;    0.6929    0.5820;    0.477459;    0.0001;    01;
22:26 ;		 MultiViewCNN;    36;    2;    2;    4;    03;    0.6878;    0.6907    0.6006;    0.477383;    0.0001;    00;
22:26 ;		 MultiViewCNN;    36;    2;    2;    4;    04;    0.6830;    0.6883    0.6223;    0.483473;    0.0001;    00;
22:26 ;		 MultiViewCNN;    36;    2;    2;    4;    05;    0.6783;    0.6866    0.6440;    0.485643;    0.0001;    00;
22:26 ;		 MultiViewCNN;    36;    2;    2;    4;    06;    0.6828;    0.6845    0.6502;    0.498187;    0.0001;    00;
22:27 ;		 MultiViewCNN;    36;    2;    2;    4;    07;    0.6696;    0.6827    0.6873;    0.501352;    0.0001;    00;
22:27 ;		 MultiViewCNN;    36;    2;    2;    4;    08;    0.6831;    0.6811    0.7152;    0.503344;    0.0001;    00;
22:27 ;		 MultiViewCNN;    36;    2;    2;    4;    09;    0.6688;    0.6792    0.7399;    0.507533;    0.0001;    00;
22:27 ;		 MultiViewCNN;    36;    2;    2;    4;    10;    0.6738;    0.6780    0.7492;    0.506845;    0.0001;    00;
22:27 ;		 MultiViewCNN;    36;    2;    2;    4;    11;    0.6701;    0.6769    0.7616;    0.503510;    0.0001;    00;
22:27 ;		 MultiViewCNN;    36;    2;    2;    4;    12;    0.6585;    0.6753    0.7678;    0.503725;    0.0001;    00;
22:28 ;		 MultiViewCNN;    36;    2;    2;    4;    13;    0.6539;    0.6736    0.7585;    0.512084;    0.0001;    00;
22:28 ;		 MultiViewCNN;    36;    2;    2;    4;    14;    0.6545;    0.6719    0.7492;    0.518642;    0.0001;    01;
22:28 ;		 MultiViewCNN;    36;    2;    2;    4;    15;    0.6551;    0.6702    0.7430;    0.515364;    0.0001;    02;
22:28 ;		 MultiViewCNN;    36;    2;    2;    4;    16;    0.6524;    0.6686    0.7461;    0.519369;    0.0001;    03;
22:28 ;		 MultiViewCNN;    36;    2;    2;    4;    17;    0.6488;    0.6676    0.7430;    0.520995;    0.0001;    04;
22:36 ;		 MultiViewCNN;    37;    3;    0;    1;    00;    0.6960;    0.6876    0.8359;    0.531464;    0.0005;    00;
22:37 ;		 MultiViewCNN;    37;    3;    0;    1;    01;    0.6838;    0.6788    0.9226;    0.534543;    0.0005;    00;
22:37 ;		 MultiViewCNN;    37;    3;    0;    1;    02;    0.6736;    0.6673    0.9381;    0.524919;    0.0005;    00;
22:37 ;		 MultiViewCNN;    37;    3;    0;    1;    03;    0.6680;    0.6602    0.9319;    0.516160;    0.0005;    00;
22:37 ;		 MultiViewCNN;    37;    3;    0;    1;    04;    0.6638;    0.6561    0.8947;    0.515878;    0.0005;    01;
22:37 ;		 MultiViewCNN;    37;    3;    0;    1;    05;    0.6626;    0.6528    0.8638;    0.506043;    0.0005;    02;
22:37 ;		 MultiViewCNN;    37;    3;    0;    1;    06;    0.6433;    0.6516    0.8607;    0.505397;    0.0005;    03;
22:37 ;		 MultiViewCNN;    37;    3;    0;    1;    07;    0.6493;    0.6394    0.8854;    0.532421;    0.0005;    04;
22:38 ;		 MultiViewCNN;    38;    3;    0;    2;    00;    0.6912;    0.6870    0.8916;    0.519394;    0.0005;    00;
22:38 ;		 MultiViewCNN;    38;    3;    0;    2;    01;    0.6930;    0.6814    0.9164;    0.520489;    0.0005;    00;
22:38 ;		 MultiViewCNN;    38;    3;    0;    2;    02;    0.6772;    0.6726    0.9226;    0.515116;    0.0005;    00;
22:38 ;		 MultiViewCNN;    38;    3;    0;    2;    03;    0.6719;    0.6753    0.7988;    0.490106;    0.0005;    00;
22:38 ;		 MultiViewCNN;    38;    3;    0;    2;    04;    0.6640;    0.6647    0.8359;    0.510100;    0.0005;    01;
22:38 ;		 MultiViewCNN;    38;    3;    0;    2;    05;    0.6458;    0.6625    0.8142;    0.504285;    0.0005;    02;
22:39 ;		 MultiViewCNN;    38;    3;    0;    2;    06;    0.6403;    0.6488    0.8638;    0.528411;    0.0005;    03;
22:39 ;		 MultiViewCNN;    38;    3;    0;    2;    07;    0.6452;    0.6589    0.8421;    0.462052;    0.0005;    04;
22:39 ;		 MultiViewCNN;    39;    3;    0;    3;    00;    0.6983;    0.6921    0.6378;    0.490640;    0.0001;    00;
22:39 ;		 MultiViewCNN;    39;    3;    0;    3;    01;    0.7030;    0.6920    0.6285;    0.479845;    0.0001;    00;
22:39 ;		 MultiViewCNN;    39;    3;    0;    3;    02;    0.6947;    0.6905    0.6935;    0.486408;    0.0001;    01;
22:39 ;		 MultiViewCNN;    39;    3;    0;    3;    03;    0.6862;    0.6871    0.7523;    0.487621;    0.0001;    00;
22:39 ;		 MultiViewCNN;    39;    3;    0;    3;    04;    0.6859;    0.6844    0.7802;    0.489602;    0.0001;    00;
22:40 ;		 MultiViewCNN;    39;    3;    0;    3;    05;    0.6927;    0.6814    0.8080;    0.492284;    0.0001;    00;
22:40 ;		 MultiViewCNN;    39;    3;    0;    3;    06;    0.6872;    0.6804    0.8111;    0.499035;    0.0001;    00;
22:40 ;		 MultiViewCNN;    39;    3;    0;    3;    07;    0.6909;    0.6793    0.8111;    0.498725;    0.0001;    00;
22:40 ;		 MultiViewCNN;    39;    3;    0;    3;    08;    0.6829;    0.6779    0.8204;    0.500861;    0.0001;    01;
22:40 ;		 MultiViewCNN;    39;    3;    0;    3;    09;    0.6822;    0.6761    0.8173;    0.501387;    0.0001;    00;
22:40 ;		 MultiViewCNN;    39;    3;    0;    3;    10;    0.6752;    0.6750    0.8080;    0.496616;    0.0001;    01;
22:40 ;		 MultiViewCNN;    39;    3;    0;    3;    11;    0.6766;    0.6745    0.8142;    0.499039;    0.0001;    02;
22:41 ;		 MultiViewCNN;    39;    3;    0;    3;    12;    0.6610;    0.6731    0.8173;    0.509682;    0.0001;    03;
22:41 ;		 MultiViewCNN;    39;    3;    0;    3;    13;    0.6671;    0.6719    0.8173;    0.511956;    0.0001;    04;
22:41 ;		 MultiViewCNN;    40;    3;    0;    4;    00;    0.7002;    0.6955    0.4985;    0.480011;    0.0001;    00;
22:41 ;		 MultiViewCNN;    40;    3;    0;    4;    01;    0.7044;    0.6960    0.4706;    0.479484;    0.0001;    00;
22:41 ;		 MultiViewCNN;    40;    3;    0;    4;    02;    0.6925;    0.6962    0.4458;    0.486615;    0.0001;    01;
22:41 ;		 MultiViewCNN;    40;    3;    0;    4;    03;    0.6965;    0.6957    0.4489;    0.489421;    5e-05;    02;
22:41 ;		 MultiViewCNN;    40;    3;    0;    4;    04;    0.6824;    0.6953    0.4365;    0.480827;    5e-05;    03;
22:42 ;		 MultiViewCNN;    40;    3;    0;    4;    05;    0.6935;    0.6946    0.4768;    0.480521;    5e-05;    04;
22:42 ;		 MultiViewCNN;    41;    3;    1;    1;    00;    0.6986;    0.6913    0.6006;    0.513020;    0.0005;    00;
22:42 ;		 MultiViewCNN;    41;    3;    1;    1;    01;    0.6788;    0.6845    0.7399;    0.513500;    0.0005;    00;
22:42 ;		 MultiViewCNN;    41;    3;    1;    1;    02;    0.6677;    0.6799    0.6687;    0.535201;    0.0005;    00;
22:42 ;		 MultiViewCNN;    41;    3;    1;    1;    03;    0.6674;    0.6802    0.6316;    0.542604;    0.0005;    01;
22:42 ;		 MultiViewCNN;    41;    3;    1;    1;    04;    0.6532;    0.6852    0.6130;    0.605572;    0.0005;    02;
22:42 ;		 MultiViewCNN;    41;    3;    1;    1;    05;    0.6346;    0.6881    0.5820;    0.614894;    0.00025;    03;
22:43 ;		 MultiViewCNN;    41;    3;    1;    1;    06;    0.6464;    0.6799    0.6037;    0.597278;    0.00025;    04;
22:43 ;		 MultiViewCNN;    42;    3;    1;    2;    00;    0.6922;    0.6971    0.4118;    0.485906;    0.0005;    00;
22:43 ;		 MultiViewCNN;    42;    3;    1;    2;    01;    0.6979;    0.6870    0.7957;    0.487340;    0.0005;    00;
22:43 ;		 MultiViewCNN;    42;    3;    1;    2;    02;    0.6803;    0.6774    0.7926;    0.511085;    0.0005;    00;
22:43 ;		 MultiViewCNN;    42;    3;    1;    2;    03;    0.6753;    0.6695    0.7616;    0.543473;    0.0005;    01;
22:43 ;		 MultiViewCNN;    42;    3;    1;    2;    04;    0.6675;    0.6678    0.7307;    0.571543;    0.0005;    02;
22:43 ;		 MultiViewCNN;    42;    3;    1;    2;    05;    0.6573;    0.6714    0.6935;    0.586360;    0.0005;    03;
22:43 ;		 MultiViewCNN;    42;    3;    1;    2;    06;    0.6500;    0.6621    0.6997;    0.614622;    0.0005;    04;
22:44 ;		 MultiViewCNN;    43;    3;    1;    3;    00;    0.6910;    0.6959    0.5046;    0.487356;    0.0001;    00;
22:44 ;		 MultiViewCNN;    43;    3;    1;    3;    01;    0.6981;    0.6937    0.4861;    0.494365;    0.0001;    00;
22:44 ;		 MultiViewCNN;    43;    3;    1;    3;    02;    0.6830;    0.6878    0.6347;    0.509041;    0.0001;    01;
22:44 ;		 MultiViewCNN;    43;    3;    1;    3;    03;    0.6836;    0.6829    0.6904;    0.533664;    0.0001;    00;
22:44 ;		 MultiViewCNN;    43;    3;    1;    3;    04;    0.6765;    0.6804    0.6904;    0.543577;    0.0001;    00;
22:44 ;		 MultiViewCNN;    43;    3;    1;    3;    05;    0.6864;    0.6781    0.7090;    0.556386;    0.0001;    01;
22:44 ;		 MultiViewCNN;    43;    3;    1;    3;    06;    0.6726;    0.6763    0.7121;    0.557415;    0.0001;    00;
22:45 ;		 MultiViewCNN;    43;    3;    1;    3;    07;    0.6734;    0.6750    0.7121;    0.565881;    0.0001;    00;
22:45 ;		 MultiViewCNN;    43;    3;    1;    3;    08;    0.6678;    0.6732    0.7121;    0.572848;    0.0001;    01;
22:45 ;		 MultiViewCNN;    43;    3;    1;    3;    09;    0.6656;    0.6708    0.7152;    0.571496;    0.0001;    02;
22:45 ;		 MultiViewCNN;    43;    3;    1;    3;    10;    0.6733;    0.6688    0.7183;    0.583876;    0.0001;    00;
22:45 ;		 MultiViewCNN;    43;    3;    1;    3;    11;    0.6775;    0.6662    0.7152;    0.589206;    0.0001;    00;
22:45 ;		 MultiViewCNN;    43;    3;    1;    3;    12;    0.6609;    0.6626    0.7492;    0.566142;    0.0001;    01;
22:45 ;		 MultiViewCNN;    43;    3;    1;    3;    13;    0.6615;    0.6606    0.7523;    0.566386;    0.0001;    00;
22:46 ;		 MultiViewCNN;    43;    3;    1;    3;    14;    0.6600;    0.6591    0.7554;    0.572266;    0.0001;    00;
22:46 ;		 MultiViewCNN;    43;    3;    1;    3;    15;    0.6609;    0.6564    0.7616;    0.577111;    0.0001;    00;
22:46 ;		 MultiViewCNN;    43;    3;    1;    3;    16;    0.6570;    0.6537    0.7647;    0.571891;    0.0001;    00;
22:46 ;		 MultiViewCNN;    43;    3;    1;    3;    17;    0.6532;    0.6529    0.7647;    0.577390;    0.0001;    00;
22:46 ;		 MultiViewCNN;    43;    3;    1;    3;    18;    0.6444;    0.6506    0.7709;    0.576642;    0.0001;    01;
22:46 ;		 MultiViewCNN;    43;    3;    1;    3;    19;    0.6489;    0.6492    0.7678;    0.580116;    0.0001;    00;
22:46 ;		 MultiViewCNN;    43;    3;    1;    3;    20;    0.6560;    0.6474    0.7678;    0.582122;    0.0001;    01;
22:47 ;		 MultiViewCNN;    43;    3;    1;    3;    21;    0.6588;    0.6462    0.7616;    0.586329;    0.0001;    02;
22:47 ;		 MultiViewCNN;    43;    3;    1;    3;    22;    0.6340;    0.6435    0.7678;    0.583467;    0.0001;    03;
22:47 ;		 MultiViewCNN;    43;    3;    1;    3;    23;    0.6448;    0.6391    0.7802;    0.579018;    0.0001;    04;
22:47 ;		 MultiViewCNN;    43;    3;    1;    3;    24;    0.6283;    0.6352    0.7833;    0.595228;    0.0001;    00;
22:47 ;		 MultiViewCNN;    43;    3;    1;    3;    25;    0.6272;    0.6336    0.7833;    0.599874;    0.0001;    00;
22:47 ;		 MultiViewCNN;    43;    3;    1;    3;    26;    0.6535;    0.6311    0.7833;    0.602536;    0.0001;    01;
22:47 ;		 MultiViewCNN;    43;    3;    1;    3;    27;    0.6515;    0.6274    0.7895;    0.594619;    0.0001;    02;
22:47 ;		 MultiViewCNN;    43;    3;    1;    3;    28;    0.6436;    0.6261    0.7957;    0.593312;    0.0001;    00;
22:48 ;		 MultiViewCNN;    43;    3;    1;    3;    29;    0.6440;    0.6244    0.7988;    0.594131;    0.0001;    00;
22:48 ;		 MultiViewCNN;    44;    3;    1;    4;    00;    0.7006;    0.6927    0.6780;    0.481330;    0.0001;    00;
22:48 ;		 MultiViewCNN;    44;    3;    1;    4;    01;    0.6925;    0.6911    0.7183;    0.481900;    0.0001;    00;
22:48 ;		 MultiViewCNN;    44;    3;    1;    4;    02;    0.6825;    0.6888    0.6842;    0.490268;    0.0001;    00;
22:48 ;		 MultiViewCNN;    44;    3;    1;    4;    03;    0.6893;    0.6871    0.6161;    0.504479;    0.0001;    01;
22:48 ;		 MultiViewCNN;    44;    3;    1;    4;    04;    0.6812;    0.6862    0.5975;    0.512908;    0.0001;    02;
22:48 ;		 MultiViewCNN;    44;    3;    1;    4;    05;    0.6742;    0.6852    0.5944;    0.543551;    0.0001;    03;
22:49 ;		 MultiViewCNN;    44;    3;    1;    4;    06;    0.6824;    0.6843    0.6006;    0.551461;    0.0001;    04;
22:49 ;		 MultiViewCNN;    45;    3;    2;    1;    00;    0.7002;    0.6913    0.5449;    0.522228;    0.0005;    00;
22:49 ;		 MultiViewCNN;    45;    3;    2;    1;    01;    0.6855;    0.6848    0.6254;    0.542517;    0.0005;    00;
22:49 ;		 MultiViewCNN;    45;    3;    2;    1;    02;    0.6656;    0.6814    0.6285;    0.579115;    0.0005;    00;
22:49 ;		 MultiViewCNN;    45;    3;    2;    1;    03;    0.6530;    0.6754    0.6502;    0.575682;    0.0005;    00;
22:49 ;		 MultiViewCNN;    45;    3;    2;    1;    04;    0.6496;    0.6738    0.6409;    0.607408;    0.0005;    00;
22:49 ;		 MultiViewCNN;    45;    3;    2;    1;    05;    0.6321;    0.6805    0.6378;    0.641660;    0.0005;    01;
22:49 ;		 MultiViewCNN;    45;    3;    2;    1;    06;    0.6384;    0.6797    0.6409;    0.657289;    0.0005;    02;
22:50 ;		 MultiViewCNN;    45;    3;    2;    1;    07;    0.6179;    0.6572    0.6687;    0.602948;    0.0005;    03;
22:50 ;		 MultiViewCNN;    45;    3;    2;    1;    08;    0.6005;    0.6496    0.6718;    0.598204;    0.0005;    00;
22:50 ;		 MultiViewCNN;    45;    3;    2;    1;    09;    0.6059;    0.6424    0.7183;    0.505712;    0.0005;    00;
22:50 ;		 MultiViewCNN;    45;    3;    2;    1;    10;    0.6028;    0.6339    0.7152;    0.600749;    0.0005;    00;
22:50 ;		 MultiViewCNN;    45;    3;    2;    1;    11;    0.5648;    0.6352    0.6997;    0.612716;    0.0005;    01;
22:50 ;		 MultiViewCNN;    45;    3;    2;    1;    12;    0.5191;    0.6246    0.7183;    0.579646;    0.0005;    02;
22:50 ;		 MultiViewCNN;    45;    3;    2;    1;    13;    0.5235;    0.6222    0.7585;    0.438143;    0.0005;    03;
22:50 ;		 MultiViewCNN;    45;    3;    2;    1;    14;    0.5036;    0.6051    0.7430;    0.577061;    0.0005;    00;
22:51 ;		 MultiViewCNN;    45;    3;    2;    1;    15;    0.4697;    0.6041    0.7523;    0.532136;    0.0005;    01;
22:51 ;		 MultiViewCNN;    45;    3;    2;    1;    16;    0.4662;    0.5888    0.7740;    0.531280;    0.0005;    02;
22:51 ;		 MultiViewCNN;    45;    3;    2;    1;    17;    0.4485;    0.5795    0.7740;    0.596490;    0.0005;    00;
22:51 ;		 MultiViewCNN;    45;    3;    2;    1;    18;    0.4043;    0.5829    0.7833;    0.506855;    0.0005;    01;
22:51 ;		 MultiViewCNN;    45;    3;    2;    1;    19;    0.4245;    0.5931    0.7957;    0.411026;    0.0005;    00;
22:51 ;		 MultiViewCNN;    45;    3;    2;    1;    20;    0.3298;    0.7557    0.7492;    0.884707;    0.00025;    00;
22:51 ;		 MultiViewCNN;    45;    3;    2;    1;    21;    0.4035;    0.5904    0.7616;    0.688857;    0.00025;    01;
22:51 ;		 MultiViewCNN;    45;    3;    2;    1;    22;    0.3579;    0.6170    0.8142;    0.377739;    0.00025;    02;
22:52 ;		 MultiViewCNN;    45;    3;    2;    1;    23;    0.2966;    0.5432    0.7988;    0.553506;    0.00025;    00;
22:52 ;		 MultiViewCNN;    45;    3;    2;    1;    24;    0.3529;    0.5480    0.8142;    0.519707;    0.00025;    01;
22:52 ;		 MultiViewCNN;    45;    3;    2;    1;    25;    0.2695;    0.6132    0.7988;    0.691075;    0.00025;    02;
22:52 ;		 MultiViewCNN;    45;    3;    2;    1;    26;    0.2979;    0.5503    0.8111;    0.455692;    0.000125;    03;
22:52 ;		 MultiViewCNN;    45;    3;    2;    1;    27;    0.3045;    0.5403    0.8080;    0.610211;    0.000125;    04;
22:52 ;		 MultiViewCNN;    46;    3;    2;    2;    00;    0.6988;    0.6929    0.5789;    0.495975;    0.0005;    00;
22:52 ;		 MultiViewCNN;    46;    3;    2;    2;    01;    0.6764;    0.6865    0.6625;    0.518581;    0.0005;    00;
22:52 ;		 MultiViewCNN;    46;    3;    2;    2;    02;    0.6659;    0.6802    0.6533;    0.556508;    0.0005;    00;
22:53 ;		 MultiViewCNN;    46;    3;    2;    2;    03;    0.6498;    0.6827    0.6347;    0.606969;    0.0005;    01;
22:53 ;		 MultiViewCNN;    46;    3;    2;    2;    04;    0.6513;    0.6759    0.6533;    0.615223;    0.0005;    02;
22:53 ;		 MultiViewCNN;    46;    3;    2;    2;    05;    0.6415;    0.6704    0.6563;    0.617441;    0.0005;    03;
22:53 ;		 MultiViewCNN;    46;    3;    2;    2;    06;    0.6410;    0.6643    0.6594;    0.620239;    0.0005;    04;
22:53 ;		 MultiViewCNN;    47;    3;    2;    3;    00;    0.6945;    0.6952    0.3344;    0.517930;    0.0001;    00;
22:53 ;		 MultiViewCNN;    47;    3;    2;    3;    01;    0.6958;    0.6932    0.4272;    0.509583;    0.0001;    00;
22:53 ;		 MultiViewCNN;    47;    3;    2;    3;    02;    0.6864;    0.6904    0.5449;    0.525832;    0.0001;    00;
22:53 ;		 MultiViewCNN;    47;    3;    2;    3;    03;    0.6764;    0.6887    0.6006;    0.540687;    0.0001;    00;
22:54 ;		 MultiViewCNN;    47;    3;    2;    3;    04;    0.6799;    0.6876    0.6223;    0.550016;    0.0001;    00;
22:54 ;		 MultiViewCNN;    47;    3;    2;    3;    05;    0.6740;    0.6862    0.6409;    0.546941;    0.0001;    00;
22:54 ;		 MultiViewCNN;    47;    3;    2;    3;    06;    0.6757;    0.6849    0.6409;    0.550424;    0.0001;    00;
22:54 ;		 MultiViewCNN;    47;    3;    2;    3;    07;    0.6670;    0.6840    0.6409;    0.552054;    0.0001;    01;
22:54 ;		 MultiViewCNN;    47;    3;    2;    3;    08;    0.6626;    0.6834    0.6502;    0.555057;    0.0001;    02;
22:54 ;		 MultiViewCNN;    47;    3;    2;    3;    09;    0.6592;    0.6829    0.6378;    0.561643;    0.0001;    00;
22:54 ;		 MultiViewCNN;    47;    3;    2;    3;    10;    0.6662;    0.6830    0.6285;    0.571125;    0.0001;    01;
22:55 ;		 MultiViewCNN;    47;    3;    2;    3;    11;    0.6438;    0.6829    0.6285;    0.579763;    0.0001;    02;
22:55 ;		 MultiViewCNN;    47;    3;    2;    3;    12;    0.6540;    0.6828    0.6316;    0.587310;    5e-05;    03;
22:55 ;		 MultiViewCNN;    47;    3;    2;    3;    13;    0.6570;    0.6804    0.6409;    0.581960;    5e-05;    04;
22:55 ;		 MultiViewCNN;    48;    3;    2;    4;    00;    0.6848;    0.6927    0.6471;    0.480223;    0.0001;    00;
22:55 ;		 MultiViewCNN;    48;    3;    2;    4;    01;    0.6812;    0.6909    0.6409;    0.484438;    0.0001;    00;
22:55 ;		 MultiViewCNN;    48;    3;    2;    4;    02;    0.6818;    0.6881    0.6563;    0.494579;    0.0001;    01;
22:55 ;		 MultiViewCNN;    48;    3;    2;    4;    03;    0.6808;    0.6863    0.6347;    0.505958;    0.0001;    00;
22:55 ;		 MultiViewCNN;    48;    3;    2;    4;    04;    0.6799;    0.6854    0.6192;    0.517836;    0.0001;    01;
22:56 ;		 MultiViewCNN;    48;    3;    2;    4;    05;    0.6740;    0.6849    0.6068;    0.526726;    0.0001;    02;
22:56 ;		 MultiViewCNN;    48;    3;    2;    4;    06;    0.6749;    0.6841    0.6161;    0.531401;    0.0001;    03;
22:56 ;		 MultiViewCNN;    48;    3;    2;    4;    07;    0.6642;    0.6843    0.6099;    0.539496;    0.0001;    04;
22:59 ;		 MultiViewCNN;    49;    4;    0;    1;    00;    0.6974;    0.6871    0.6502;    0.500616;    0.0005;    00;
22:59 ;		 MultiViewCNN;    49;    4;    0;    1;    01;    0.6915;    0.6818    0.7059;    0.501422;    0.0005;    00;
22:59 ;		 MultiViewCNN;    49;    4;    0;    1;    02;    0.6712;    0.6721    0.7399;    0.511038;    0.0005;    00;
22:59 ;		 MultiViewCNN;    49;    4;    0;    1;    03;    0.6669;    0.6626    0.7152;    0.509597;    0.0005;    00;
22:59 ;		 MultiViewCNN;    49;    4;    0;    1;    04;    0.6522;    0.6552    0.7183;    0.515911;    0.0005;    01;
22:59 ;		 MultiViewCNN;    49;    4;    0;    1;    05;    0.6542;    0.6496    0.7214;    0.557601;    0.0005;    02;
23:00 ;		 MultiViewCNN;    49;    4;    0;    1;    06;    0.6391;    0.6458    0.7121;    0.535063;    0.0005;    03;
23:00 ;		 MultiViewCNN;    49;    4;    0;    1;    07;    0.6400;    0.6368    0.7616;    0.493765;    0.0005;    04;
23:00 ;		 MultiViewCNN;    49;    4;    0;    1;    08;    0.6215;    0.6331    0.7245;    0.588019;    0.0005;    00;
23:00 ;		 MultiViewCNN;    49;    4;    0;    1;    09;    0.6137;    0.6265    0.7183;    0.563114;    0.0005;    01;
23:00 ;		 MultiViewCNN;    49;    4;    0;    1;    10;    0.6065;    0.6337    0.6873;    0.563898;    0.0005;    02;
23:00 ;		 MultiViewCNN;    49;    4;    0;    1;    11;    0.5868;    0.6154    0.7307;    0.565150;    0.0005;    03;
23:00 ;		 MultiViewCNN;    49;    4;    0;    1;    12;    0.6007;    0.6167    0.7276;    0.564920;    0.0005;    04;
23:01 ;		 MultiViewCNN;    50;    4;    0;    2;    00;    0.6873;    0.6896    0.8328;    0.500065;    0.0005;    00;
23:01 ;		 MultiViewCNN;    50;    4;    0;    2;    01;    0.7002;    0.6843    0.7214;    0.497503;    0.0005;    00;
23:01 ;		 MultiViewCNN;    50;    4;    0;    2;    02;    0.6804;    0.6777    0.6935;    0.506334;    0.0005;    01;
23:01 ;		 MultiViewCNN;    50;    4;    0;    2;    03;    0.6664;    0.6718    0.6749;    0.514011;    0.0005;    02;
23:01 ;		 MultiViewCNN;    50;    4;    0;    2;    04;    0.6712;    0.6653    0.7276;    0.505249;    0.0005;    03;
23:01 ;		 MultiViewCNN;    50;    4;    0;    2;    05;    0.6551;    0.6598    0.7152;    0.518631;    0.0005;    04;
23:01 ;		 MultiViewCNN;    51;    4;    0;    3;    00;    0.6905;    0.6898    0.6811;    0.493267;    0.0001;    00;
23:02 ;		 MultiViewCNN;    51;    4;    0;    3;    01;    0.6848;    0.6869    0.7214;    0.488309;    0.0001;    00;
23:02 ;		 MultiViewCNN;    51;    4;    0;    3;    02;    0.6893;    0.6848    0.7090;    0.504772;    0.0001;    00;
23:02 ;		 MultiViewCNN;    51;    4;    0;    3;    03;    0.6795;    0.6828    0.7121;    0.493374;    0.0001;    01;
23:02 ;		 MultiViewCNN;    51;    4;    0;    3;    04;    0.6763;    0.6809    0.7121;    0.497694;    0.0001;    02;
23:02 ;		 MultiViewCNN;    51;    4;    0;    3;    05;    0.6882;    0.6792    0.7121;    0.497432;    0.0001;    03;
23:02 ;		 MultiViewCNN;    51;    4;    0;    3;    06;    0.6867;    0.6779    0.7183;    0.496031;    0.0001;    04;
23:02 ;		 MultiViewCNN;    52;    4;    0;    4;    00;    0.6920;    0.6870    0.7523;    0.516406;    0.0001;    00;
23:03 ;		 MultiViewCNN;    52;    4;    0;    4;    01;    0.6854;    0.6858    0.7585;    0.516771;    0.0001;    00;
23:03 ;		 MultiViewCNN;    52;    4;    0;    4;    02;    0.6830;    0.6839    0.7864;    0.513384;    0.0001;    00;
23:03 ;		 MultiViewCNN;    52;    4;    0;    4;    03;    0.6789;    0.6820    0.7802;    0.506784;    0.0001;    00;
23:03 ;		 MultiViewCNN;    52;    4;    0;    4;    04;    0.6835;    0.6802    0.7864;    0.514992;    0.0001;    01;
23:03 ;		 MultiViewCNN;    52;    4;    0;    4;    05;    0.6868;    0.6787    0.7926;    0.515245;    0.0001;    02;
23:03 ;		 MultiViewCNN;    52;    4;    0;    4;    06;    0.6832;    0.6771    0.7802;    0.517186;    0.0001;    00;
23:03 ;		 MultiViewCNN;    52;    4;    0;    4;    07;    0.6781;    0.6749    0.7988;    0.517487;    0.0001;    01;
23:03 ;		 MultiViewCNN;    52;    4;    0;    4;    08;    0.6612;    0.6732    0.7957;    0.519295;    0.0001;    00;
23:04 ;		 MultiViewCNN;    52;    4;    0;    4;    09;    0.6739;    0.6714    0.7926;    0.517845;    0.0001;    01;
23:04 ;		 MultiViewCNN;    52;    4;    0;    4;    10;    0.6784;    0.6701    0.7833;    0.515477;    0.0001;    02;
23:04 ;		 MultiViewCNN;    52;    4;    0;    4;    11;    0.6718;    0.6682    0.7926;    0.516161;    0.0001;    03;
23:04 ;		 MultiViewCNN;    52;    4;    0;    4;    12;    0.6738;    0.6664    0.7926;    0.516437;    0.0001;    04;
23:04 ;		 MultiViewCNN;    53;    4;    1;    1;    00;    0.6921;    0.6891    0.8390;    0.495686;    0.0005;    00;
23:04 ;		 MultiViewCNN;    53;    4;    1;    1;    01;    0.6821;    0.6814    0.7988;    0.506486;    0.0005;    00;
23:04 ;		 MultiViewCNN;    53;    4;    1;    1;    02;    0.6731;    0.6724    0.7771;    0.524203;    0.0005;    01;
23:04 ;		 MultiViewCNN;    53;    4;    1;    1;    03;    0.6603;    0.6638    0.7709;    0.508366;    0.0005;    02;
23:05 ;		 MultiViewCNN;    53;    4;    1;    1;    04;    0.6464;    0.6570    0.7647;    0.579372;    0.0005;    03;
23:05 ;		 MultiViewCNN;    53;    4;    1;    1;    05;    0.6352;    0.6461    0.7740;    0.549322;    0.0005;    04;
23:05 ;		 MultiViewCNN;    54;    4;    1;    2;    00;    0.6907;    0.6880    0.7678;    0.501589;    0.0005;    00;
23:05 ;		 MultiViewCNN;    54;    4;    1;    2;    01;    0.6805;    0.6830    0.8050;    0.500524;    0.0005;    00;
23:05 ;		 MultiViewCNN;    54;    4;    1;    2;    02;    0.6745;    0.6771    0.7678;    0.514567;    0.0005;    00;
23:05 ;		 MultiViewCNN;    54;    4;    1;    2;    03;    0.6619;    0.6725    0.7430;    0.486334;    0.0005;    01;
23:05 ;		 MultiViewCNN;    54;    4;    1;    2;    04;    0.6502;    0.6685    0.7276;    0.486756;    0.0005;    02;
23:05 ;		 MultiViewCNN;    54;    4;    1;    2;    05;    0.6563;    0.6633    0.7523;    0.503828;    0.0005;    03;
23:06 ;		 MultiViewCNN;    54;    4;    1;    2;    06;    0.6431;    0.6553    0.7337;    0.513198;    0.0005;    04;
23:06 ;		 MultiViewCNN;    55;    4;    1;    3;    00;    0.6883;    0.6877    0.7059;    0.530599;    0.0001;    00;
23:06 ;		 MultiViewCNN;    55;    4;    1;    3;    01;    0.6882;    0.6857    0.7183;    0.528189;    0.0001;    00;
23:06 ;		 MultiViewCNN;    55;    4;    1;    3;    02;    0.6807;    0.6840    0.7461;    0.523720;    0.0001;    00;
23:06 ;		 MultiViewCNN;    55;    4;    1;    3;    03;    0.6841;    0.6826    0.7492;    0.521944;    0.0001;    00;
23:06 ;		 MultiViewCNN;    55;    4;    1;    3;    04;    0.6800;    0.6815    0.7399;    0.516686;    0.0001;    00;
23:06 ;		 MultiViewCNN;    55;    4;    1;    3;    05;    0.6752;    0.6807    0.7245;    0.508319;    0.0001;    01;
23:07 ;		 MultiViewCNN;    55;    4;    1;    3;    06;    0.7006;    0.6799    0.7276;    0.499422;    0.0001;    02;
23:07 ;		 MultiViewCNN;    55;    4;    1;    3;    07;    0.6685;    0.6790    0.7368;    0.499923;    0.0001;    03;
23:07 ;		 MultiViewCNN;    55;    4;    1;    3;    08;    0.6728;    0.6780    0.7461;    0.493805;    0.0001;    04;
23:07 ;		 MultiViewCNN;    56;    4;    1;    4;    00;    0.6970;    0.6891    0.6502;    0.529101;    0.0001;    00;
23:07 ;		 MultiViewCNN;    56;    4;    1;    4;    01;    0.6941;    0.6874    0.7307;    0.531872;    0.0001;    00;
23:07 ;		 MultiViewCNN;    56;    4;    1;    4;    02;    0.6966;    0.6869    0.7152;    0.533207;    0.0001;    00;
23:07 ;		 MultiViewCNN;    56;    4;    1;    4;    03;    0.6925;    0.6861    0.7028;    0.535001;    0.0001;    01;
23:08 ;		 MultiViewCNN;    56;    4;    1;    4;    04;    0.6926;    0.6850    0.7059;    0.532085;    0.0001;    02;
23:08 ;		 MultiViewCNN;    56;    4;    1;    4;    05;    0.6844;    0.6842    0.7090;    0.528419;    0.0001;    03;
23:08 ;		 MultiViewCNN;    56;    4;    1;    4;    06;    0.6864;    0.6833    0.7183;    0.526901;    0.0001;    04;
23:08 ;		 MultiViewCNN;    57;    4;    2;    1;    00;    0.6999;    0.6919    0.6358;    0.504523;    0.0005;    00;
23:08 ;		 MultiViewCNN;    57;    4;    2;    1;    01;    0.6877;    0.6855    0.7315;    0.509439;    0.0005;    00;
23:08 ;		 MultiViewCNN;    57;    4;    2;    1;    02;    0.6741;    0.6788    0.7963;    0.525972;    0.0005;    00;
23:08 ;		 MultiViewCNN;    57;    4;    2;    1;    03;    0.6679;    0.6720    0.8302;    0.538172;    0.0005;    00;
23:08 ;		 MultiViewCNN;    57;    4;    2;    1;    04;    0.6673;    0.6635    0.8519;    0.542831;    0.0005;    00;
23:09 ;		 MultiViewCNN;    57;    4;    2;    1;    05;    0.6530;    0.6565    0.8549;    0.524839;    0.0005;    00;
23:09 ;		 MultiViewCNN;    57;    4;    2;    1;    06;    0.6513;    0.6459    0.8426;    0.522826;    0.0005;    00;
23:09 ;		 MultiViewCNN;    57;    4;    2;    1;    07;    0.6379;    0.6380    0.8395;    0.529975;    0.0005;    01;
23:09 ;		 MultiViewCNN;    57;    4;    2;    1;    08;    0.6304;    0.6308    0.8426;    0.531208;    0.0005;    02;
23:09 ;		 MultiViewCNN;    57;    4;    2;    1;    09;    0.6358;    0.6141    0.8580;    0.512550;    0.0005;    03;
23:09 ;		 MultiViewCNN;    57;    4;    2;    1;    10;    0.6163;    0.6025    0.8642;    0.492580;    0.0005;    00;
23:09 ;		 MultiViewCNN;    57;    4;    2;    1;    11;    0.5973;    0.5922    0.8673;    0.515485;    0.0005;    00;
23:09 ;		 MultiViewCNN;    57;    4;    2;    1;    12;    0.5700;    0.5935    0.8488;    0.465000;    0.0005;    00;
23:10 ;		 MultiViewCNN;    57;    4;    2;    1;    13;    0.5619;    0.5767    0.8364;    0.505804;    0.0005;    01;
23:10 ;		 MultiViewCNN;    57;    4;    2;    1;    14;    0.5363;    0.5736    0.8395;    0.431054;    0.0005;    02;
23:10 ;		 MultiViewCNN;    57;    4;    2;    1;    15;    0.5644;    0.5489    0.8426;    0.495500;    0.0005;    03;
23:10 ;		 MultiViewCNN;    57;    4;    2;    1;    16;    0.5715;    0.5450    0.8611;    0.602941;    0.0005;    04;
23:10 ;		 MultiViewCNN;    58;    4;    2;    2;    00;    0.6897;    0.6888    0.7901;    0.487058;    0.0005;    00;
23:10 ;		 MultiViewCNN;    58;    4;    2;    2;    01;    0.6892;    0.6834    0.8765;    0.493996;    0.0005;    00;
23:10 ;		 MultiViewCNN;    58;    4;    2;    2;    02;    0.6806;    0.6767    0.8704;    0.512476;    0.0005;    00;
23:11 ;		 MultiViewCNN;    58;    4;    2;    2;    03;    0.6832;    0.6697    0.8580;    0.534668;    0.0005;    01;
23:11 ;		 MultiViewCNN;    58;    4;    2;    2;    04;    0.6804;    0.6628    0.8611;    0.551984;    0.0005;    02;
23:11 ;		 MultiViewCNN;    58;    4;    2;    2;    05;    0.6768;    0.6536    0.8673;    0.549151;    0.0005;    03;
23:11 ;		 MultiViewCNN;    58;    4;    2;    2;    06;    0.6520;    0.6434    0.8796;    0.534712;    0.0005;    04;
23:11 ;		 MultiViewCNN;    58;    4;    2;    2;    07;    0.6520;    0.6352    0.8765;    0.512263;    0.0005;    00;
23:11 ;		 MultiViewCNN;    58;    4;    2;    2;    08;    0.6510;    0.6348    0.8580;    0.478838;    0.0005;    01;
23:11 ;		 MultiViewCNN;    58;    4;    2;    2;    09;    0.6491;    0.6235    0.8549;    0.503010;    0.0005;    02;
23:11 ;		 MultiViewCNN;    58;    4;    2;    2;    10;    0.6272;    0.6112    0.8858;    0.558760;    0.0005;    03;
23:12 ;		 MultiViewCNN;    58;    4;    2;    2;    11;    0.6415;    0.6139    0.8951;    0.624181;    0.0005;    00;
23:12 ;		 MultiViewCNN;    58;    4;    2;    2;    12;    0.6206;    0.5995    0.8889;    0.582702;    0.0005;    00;
23:12 ;		 MultiViewCNN;    58;    4;    2;    2;    13;    0.6101;    0.5832    0.8673;    0.517138;    0.0005;    01;
23:12 ;		 MultiViewCNN;    58;    4;    2;    2;    14;    0.5977;    0.5762    0.8765;    0.508930;    0.0005;    02;
23:12 ;		 MultiViewCNN;    58;    4;    2;    2;    15;    0.5858;    0.5634    0.8827;    0.569356;    0.0005;    03;
23:12 ;		 MultiViewCNN;    58;    4;    2;    2;    16;    0.5980;    0.5749    0.8858;    0.476089;    0.0005;    04;
23:12 ;		 MultiViewCNN;    59;    4;    2;    3;    00;    0.7000;    0.6933    0.4753;    0.495939;    0.0001;    00;
23:12 ;		 MultiViewCNN;    59;    4;    2;    3;    01;    0.6889;    0.6929    0.5586;    0.499021;    0.0001;    00;
23:13 ;		 MultiViewCNN;    59;    4;    2;    3;    02;    0.6835;    0.6921    0.5741;    0.503429;    0.0001;    00;
23:13 ;		 MultiViewCNN;    59;    4;    2;    3;    03;    0.6934;    0.6906    0.6111;    0.499506;    0.0001;    00;
23:13 ;		 MultiViewCNN;    59;    4;    2;    3;    04;    0.6989;    0.6890    0.7099;    0.505106;    0.0001;    00;
23:13 ;		 MultiViewCNN;    59;    4;    2;    3;    05;    0.6909;    0.6871    0.7315;    0.508838;    0.0001;    00;
23:13 ;		 MultiViewCNN;    59;    4;    2;    3;    06;    0.6886;    0.6858    0.7191;    0.508753;    0.0001;    00;
23:13 ;		 MultiViewCNN;    59;    4;    2;    3;    07;    0.6757;    0.6846    0.7407;    0.509063;    0.0001;    01;
23:13 ;		 MultiViewCNN;    59;    4;    2;    3;    08;    0.6799;    0.6834    0.7562;    0.509798;    0.0001;    00;
23:14 ;		 MultiViewCNN;    59;    4;    2;    3;    09;    0.6777;    0.6818    0.7531;    0.510229;    0.0001;    00;
23:14 ;		 MultiViewCNN;    59;    4;    2;    3;    10;    0.6761;    0.6803    0.7562;    0.513050;    0.0001;    01;
23:14 ;		 MultiViewCNN;    59;    4;    2;    3;    11;    0.6749;    0.6792    0.7593;    0.512876;    0.0001;    02;
23:14 ;		 MultiViewCNN;    59;    4;    2;    3;    12;    0.6711;    0.6778    0.7716;    0.516243;    0.0001;    00;
23:14 ;		 MultiViewCNN;    59;    4;    2;    3;    13;    0.6834;    0.6765    0.7778;    0.517325;    0.0001;    00;
23:14 ;		 MultiViewCNN;    59;    4;    2;    3;    14;    0.6748;    0.6751    0.7840;    0.512041;    0.0001;    00;
23:14 ;		 MultiViewCNN;    59;    4;    2;    3;    15;    0.6819;    0.6739    0.7747;    0.515727;    0.0001;    00;
23:14 ;		 MultiViewCNN;    59;    4;    2;    3;    16;    0.6828;    0.6727    0.7747;    0.520961;    0.0001;    01;
23:15 ;		 MultiViewCNN;    59;    4;    2;    3;    17;    0.6721;    0.6712    0.7778;    0.521914;    0.0001;    02;
23:15 ;		 MultiViewCNN;    59;    4;    2;    3;    18;    0.6727;    0.6705    0.7654;    0.524961;    0.0001;    03;
23:15 ;		 MultiViewCNN;    59;    4;    2;    3;    19;    0.6733;    0.6695    0.7685;    0.531264;    0.0001;    04;
23:15 ;		 MultiViewCNN;    60;    4;    2;    4;    00;    0.6857;    0.6920    0.6142;    0.491126;    0.0001;    00;
23:15 ;		 MultiViewCNN;    60;    4;    2;    4;    01;    0.6852;    0.6899    0.6883;    0.493291;    0.0001;    00;
23:15 ;		 MultiViewCNN;    60;    4;    2;    4;    02;    0.6931;    0.6876    0.6852;    0.495992;    0.0001;    00;
23:15 ;		 MultiViewCNN;    60;    4;    2;    4;    03;    0.6872;    0.6858    0.6975;    0.496717;    0.0001;    01;
23:16 ;		 MultiViewCNN;    60;    4;    2;    4;    04;    0.6958;    0.6846    0.6883;    0.491790;    0.0001;    00;
23:16 ;		 MultiViewCNN;    60;    4;    2;    4;    05;    0.6980;    0.6831    0.6944;    0.493446;    0.0001;    01;
23:16 ;		 MultiViewCNN;    60;    4;    2;    4;    06;    0.6785;    0.6812    0.7377;    0.497063;    0.0001;    02;
23:16 ;		 MultiViewCNN;    60;    4;    2;    4;    07;    0.6866;    0.6803    0.7315;    0.496504;    0.0001;    00;
23:16 ;		 MultiViewCNN;    60;    4;    2;    4;    08;    0.6786;    0.6790    0.7315;    0.498867;    0.0001;    01;
23:16 ;		 MultiViewCNN;    60;    4;    2;    4;    09;    0.6755;    0.6777    0.7315;    0.502925;    0.0001;    02;
23:16 ;		 MultiViewCNN;    60;    4;    2;    4;    10;    0.6715;    0.6764    0.7377;    0.506083;    0.0001;    03;
23:16 ;		 MultiViewCNN;    60;    4;    2;    4;    11;    0.6671;    0.6750    0.7407;    0.506759;    0.0001;    04;
23:17 ;		 MultiViewCNN;    60;    4;    2;    4;    12;    0.6796;    0.6736    0.7531;    0.508474;    0.0001;    00;
23:17 ;		 MultiViewCNN;    60;    4;    2;    4;    13;    0.6762;    0.6725    0.7531;    0.510096;    0.0001;    00;
23:17 ;		 MultiViewCNN;    60;    4;    2;    4;    14;    0.6824;    0.6711    0.7593;    0.514591;    0.0001;    01;
23:17 ;		 MultiViewCNN;    60;    4;    2;    4;    15;    0.6604;    0.6690    0.7654;    0.521514;    0.0001;    00;
23:17 ;		 MultiViewCNN;    60;    4;    2;    4;    16;    0.6643;    0.6667    0.7716;    0.519412;    0.0001;    00;
23:17 ;		 MultiViewCNN;    60;    4;    2;    4;    17;    0.6648;    0.6652    0.7840;    0.520618;    0.0001;    00;
23:17 ;		 MultiViewCNN;    60;    4;    2;    4;    18;    0.6605;    0.6638    0.8025;    0.530649;    0.0001;    00;
23:18 ;		 MultiViewCNN;    60;    4;    2;    4;    19;    0.6664;    0.6621    0.7994;    0.517592;    0.0001;    00;
23:18 ;		 MultiViewCNN;    60;    4;    2;    4;    20;    0.6593;    0.6607    0.8025;    0.532306;    0.0001;    01;
23:18 ;		 MultiViewCNN;    60;    4;    2;    4;    21;    0.6562;    0.6587    0.7963;    0.527955;    0.0001;    02;
23:18 ;		 MultiViewCNN;    60;    4;    2;    4;    22;    0.6490;    0.6564    0.7963;    0.524455;    0.0001;    03;
23:18 ;		 MultiViewCNN;    60;    4;    2;    4;    23;    0.6478;    0.6549    0.7778;    0.506399;    0.0001;    04;
23:36 ;		 Axial;    151;    0;    0;    1;    00;    0.7063;    0.6927    0.3591;    0.534509;    0.0003;    00;
23:36 ;		 Axial;    151;    0;    0;    1;    01;    0.6964;    0.6887    0.6378;    0.539584;    0.0003;    00;
23:36 ;		 Axial;    151;    0;    0;    1;    02;    0.7041;    0.6852    0.6811;    0.532706;    0.0003;    00;
23:36 ;		 Axial;    151;    0;    0;    1;    03;    0.6762;    0.6796    0.6656;    0.533626;    0.0003;    00;
23:36 ;		 Axial;    151;    0;    0;    1;    04;    0.6769;    0.6736    0.6718;    0.533624;    0.0003;    01;
23:36 ;		 Axial;    151;    0;    0;    1;    05;    0.6575;    0.6734    0.6471;    0.563019;    0.0003;    02;
23:37 ;		 Axial;    151;    0;    0;    1;    06;    0.6496;    0.6738    0.6471;    0.575724;    0.0003;    03;
23:37 ;		 Axial;    151;    0;    0;    1;    07;    0.6394;    0.6718    0.6471;    0.536166;    0.0003;    04;
23:37 ;		 Axial;    152;    0;    0;    2;    00;    0.7084;    0.6919    0.5077;    0.520476;    0.0003;    00;
23:37 ;		 Axial;    152;    0;    0;    2;    01;    0.6869;    0.6861    0.6533;    0.524803;    0.0003;    00;
23:37 ;		 Axial;    152;    0;    0;    2;    02;    0.6916;    0.6835    0.6192;    0.573320;    0.0003;    00;
23:37 ;		 Axial;    152;    0;    0;    2;    03;    0.6530;    0.6808    0.6161;    0.591096;    0.0003;    01;
23:38 ;		 Axial;    152;    0;    0;    2;    04;    0.6245;    0.6767    0.6285;    0.553389;    0.0003;    02;
23:38 ;		 Axial;    152;    0;    0;    2;    05;    0.6364;    0.6796    0.6037;    0.567362;    0.0003;    03;
23:38 ;		 Axial;    152;    0;    0;    2;    06;    0.6509;    0.6773    0.5944;    0.557400;    0.0003;    04;
23:38 ;		 Axial;    153;    0;    0;    3;    00;    0.7070;    0.6897    0.7028;    0.495073;    0.001;    00;
23:38 ;		 Axial;    153;    0;    0;    3;    01;    0.6548;    0.6800    0.6409;    0.555650;    0.001;    00;
23:38 ;		 Axial;    153;    0;    0;    3;    02;    0.6388;    0.6798    0.6347;    0.635555;    0.001;    01;
23:39 ;		 Axial;    153;    0;    0;    3;    03;    0.6211;    0.6696    0.6440;    0.660359;    0.001;    02;
23:39 ;		 Axial;    153;    0;    0;    3;    04;    0.5951;    0.6521    0.6440;    0.591983;    0.001;    03;
23:39 ;		 Axial;    153;    0;    0;    3;    05;    0.6122;    0.6580    0.6409;    0.443484;    0.001;    04;
23:39 ;		 Axial;    154;    0;    0;    4;    00;    0.6970;    0.6909    0.5789;    0.502633;    0.001;    00;
23:39 ;		 Axial;    154;    0;    0;    4;    01;    0.6695;    0.6729    0.6873;    0.569990;    0.001;    00;
23:40 ;		 Axial;    154;    0;    0;    4;    02;    0.6547;    0.6776    0.6656;    0.635359;    0.001;    00;
23:40 ;		 Axial;    154;    0;    0;    4;    03;    0.6421;    0.7117    0.6161;    0.737117;    0.001;    01;
23:40 ;		 Axial;    154;    0;    0;    4;    04;    0.6041;    0.6817    0.6254;    0.638575;    0.0005;    02;
23:40 ;		 Axial;    154;    0;    0;    4;    05;    0.6113;    0.6658    0.6316;    0.684641;    0.0005;    03;
23:40 ;		 Axial;    154;    0;    0;    4;    06;    0.5855;    0.6786    0.6099;    0.505136;    0.0005;    04;
23:40 ;		 Axial;    155;    0;    1;    1;    00;    0.6935;    0.6826    0.7276;    0.497155;    0.0003;    00;
23:41 ;		 Axial;    155;    0;    1;    1;    01;    0.6995;    0.6764    0.7492;    0.501423;    0.0003;    00;
23:41 ;		 Axial;    155;    0;    1;    1;    02;    0.6787;    0.6686    0.7895;    0.505986;    0.0003;    00;
23:41 ;		 Axial;    155;    0;    1;    1;    03;    0.6530;    0.6596    0.7957;    0.529815;    0.0003;    00;
23:41 ;		 Axial;    155;    0;    1;    1;    04;    0.6788;    0.6513    0.8080;    0.538471;    0.0003;    00;
23:41 ;		 Axial;    155;    0;    1;    1;    05;    0.6378;    0.6456    0.8080;    0.558003;    0.0003;    00;
23:41 ;		 Axial;    155;    0;    1;    1;    06;    0.6387;    0.6383    0.8019;    0.563049;    0.0003;    01;
23:41 ;		 Axial;    155;    0;    1;    1;    07;    0.6309;    0.6352    0.7957;    0.556977;    0.0003;    02;
23:41 ;		 Axial;    155;    0;    1;    1;    08;    0.6520;    0.6321    0.7926;    0.568799;    0.0003;    03;
23:42 ;		 Axial;    155;    0;    1;    1;    09;    0.6338;    0.6316    0.7833;    0.560077;    0.0003;    04;
23:42 ;		 Axial;    156;    0;    1;    2;    00;    0.6903;    0.6824    0.6935;    0.523351;    0.0003;    00;
23:42 ;		 Axial;    156;    0;    1;    2;    01;    0.6871;    0.6770    0.7554;    0.526156;    0.0003;    00;
23:42 ;		 Axial;    156;    0;    1;    2;    02;    0.6735;    0.6676    0.8204;    0.522969;    0.0003;    00;
23:42 ;		 Axial;    156;    0;    1;    2;    03;    0.6680;    0.6530    0.8359;    0.528552;    0.0003;    00;
23:42 ;		 Axial;    156;    0;    1;    2;    04;    0.6536;    0.6410    0.8297;    0.559251;    0.0003;    00;
23:42 ;		 Axial;    156;    0;    1;    2;    05;    0.6748;    0.6323    0.8235;    0.586616;    0.0003;    01;
23:43 ;		 Axial;    156;    0;    1;    2;    06;    0.6488;    0.6244    0.8204;    0.561912;    0.0003;    02;
23:43 ;		 Axial;    156;    0;    1;    2;    07;    0.6710;    0.6194    0.8328;    0.566299;    0.0003;    03;
23:43 ;		 Axial;    156;    0;    1;    2;    08;    0.6490;    0.6205    0.8328;    0.499708;    0.0003;    04;
23:43 ;		 Axial;    157;    0;    1;    3;    00;    0.6875;    0.6951    0.6594;    0.458679;    0.001;    00;
23:43 ;		 Axial;    157;    0;    1;    3;    01;    0.6780;    0.6775    0.7028;    0.478341;    0.001;    00;
23:43 ;		 Axial;    157;    0;    1;    3;    02;    0.6664;    0.6604    0.7337;    0.496621;    0.001;    00;
23:43 ;		 Axial;    157;    0;    1;    3;    03;    0.6580;    0.6463    0.7523;    0.527842;    0.001;    00;
23:44 ;		 Axial;    157;    0;    1;    3;    04;    0.6643;    0.6434    0.7430;    0.566426;    0.001;    00;
23:44 ;		 Axial;    157;    0;    1;    3;    05;    0.6525;    0.6548    0.7461;    0.653565;    0.001;    01;
23:44 ;		 Axial;    157;    0;    1;    3;    06;    0.6658;    0.6329    0.7337;    0.625676;    0.001;    02;
23:44 ;		 Axial;    157;    0;    1;    3;    07;    0.6264;    0.6429    0.7802;    0.455176;    0.001;    03;
23:44 ;		 Axial;    157;    0;    1;    3;    08;    0.6080;    0.6160    0.7833;    0.523504;    0.001;    00;
23:44 ;		 Axial;    157;    0;    1;    3;    09;    0.5860;    0.6522    0.7864;    0.720091;    0.001;    00;
23:44 ;		 Axial;    157;    0;    1;    3;    10;    0.5919;    0.6270    0.8111;    0.663034;    0.001;    00;
23:45 ;		 Axial;    157;    0;    1;    3;    11;    0.5889;    0.5852    0.8266;    0.508904;    0.001;    00;
23:45 ;		 Axial;    157;    0;    1;    3;    12;    0.5755;    0.6234    0.7802;    0.460588;    0.001;    00;
23:45 ;		 Axial;    157;    0;    1;    3;    13;    0.5545;    0.5855    0.7771;    0.554937;    0.001;    01;
23:45 ;		 Axial;    157;    0;    1;    3;    14;    0.5569;    0.5839    0.7833;    0.632344;    0.001;    02;
23:45 ;		 Axial;    157;    0;    1;    3;    15;    0.5418;    0.6525    0.8173;    0.770564;    0.001;    03;
23:45 ;		 Axial;    157;    0;    1;    3;    16;    0.5079;    0.5797    0.8080;    0.650928;    0.001;    04;
23:45 ;		 Axial;    158;    0;    1;    4;    00;    0.7068;    0.6811    0.8452;    0.539274;    0.001;    00;
23:45 ;		 Axial;    158;    0;    1;    4;    01;    0.6726;    0.6710    0.8700;    0.559069;    0.001;    00;
23:46 ;		 Axial;    158;    0;    1;    4;    02;    0.6620;    0.6548    0.8235;    0.565988;    0.001;    00;
23:46 ;		 Axial;    158;    0;    1;    4;    03;    0.6545;    0.6382    0.8019;    0.580716;    0.001;    01;
23:46 ;		 Axial;    158;    0;    1;    4;    04;    0.6587;    0.6231    0.8173;    0.550876;    0.001;    02;
23:46 ;		 Axial;    158;    0;    1;    4;    05;    0.6323;    0.6235    0.8359;    0.470348;    0.001;    03;
23:46 ;		 Axial;    158;    0;    1;    4;    06;    0.6139;    0.6209    0.8266;    0.473126;    0.001;    04;
23:46 ;		 Axial;    159;    0;    2;    1;    00;    0.7021;    0.6978    0.3003;    0.532052;    0.0003;    00;
23:46 ;		 Axial;    159;    0;    2;    1;    01;    0.6897;    0.6918    0.5263;    0.548574;    0.0003;    00;
23:47 ;		 Axial;    159;    0;    2;    1;    02;    0.6764;    0.6824    0.6316;    0.569234;    0.0003;    00;
23:47 ;		 Axial;    159;    0;    2;    1;    03;    0.6910;    0.6752    0.6285;    0.597475;    0.0003;    00;
23:47 ;		 Axial;    159;    0;    2;    1;    04;    0.6793;    0.6703    0.6378;    0.616238;    0.0003;    01;
23:47 ;		 Axial;    159;    0;    2;    1;    05;    0.6882;    0.6655    0.6409;    0.617598;    0.0003;    00;
23:47 ;		 Axial;    159;    0;    2;    1;    06;    0.6880;    0.6603    0.6533;    0.592966;    0.0003;    00;
23:47 ;		 Axial;    159;    0;    2;    1;    07;    0.6787;    0.6581    0.6718;    0.584603;    0.0003;    00;
23:47 ;		 Axial;    159;    0;    2;    1;    08;    0.6532;    0.6563    0.6873;    0.585325;    0.0003;    00;
23:48 ;		 Axial;    159;    0;    2;    1;    09;    0.6417;    0.6537    0.6935;    0.587142;    0.0003;    00;
23:48 ;		 Axial;    159;    0;    2;    1;    10;    0.6431;    0.6519    0.6935;    0.590947;    0.0003;    00;
23:48 ;		 Axial;    159;    0;    2;    1;    11;    0.6485;    0.6490    0.6904;    0.605398;    0.0003;    01;
23:48 ;		 Axial;    159;    0;    2;    1;    12;    0.6638;    0.6465    0.6997;    0.581082;    0.0003;    02;
23:48 ;		 Axial;    159;    0;    2;    1;    13;    0.6145;    0.6473    0.6997;    0.570146;    0.0003;    00;
23:48 ;		 Axial;    159;    0;    2;    1;    14;    0.6303;    0.6462    0.7059;    0.577505;    0.0003;    01;
23:48 ;		 Axial;    159;    0;    2;    1;    15;    0.6451;    0.6469    0.7183;    0.517509;    0.00015;    00;
23:49 ;		 Axial;    159;    0;    2;    1;    16;    0.6244;    0.6417    0.7183;    0.527246;    0.00015;    00;
23:49 ;		 Axial;    159;    0;    2;    1;    17;    0.6285;    0.6395    0.7090;    0.572395;    0.00015;    01;
23:49 ;		 Axial;    159;    0;    2;    1;    18;    0.6326;    0.6392    0.7090;    0.582786;    0.00015;    02;
23:49 ;		 Axial;    159;    0;    2;    1;    19;    0.6127;    0.6400    0.6997;    0.591541;    0.00015;    03;
23:49 ;		 Axial;    159;    0;    2;    1;    20;    0.6304;    0.6415    0.7028;    0.559656;    7.5e-05;    04;
23:49 ;		 Axial;    160;    0;    2;    2;    00;    0.6971;    0.6925    0.4644;    0.515014;    0.0003;    00;
23:49 ;		 Axial;    160;    0;    2;    2;    01;    0.6750;    0.6869    0.6533;    0.517847;    0.0003;    00;
23:50 ;		 Axial;    160;    0;    2;    2;    02;    0.6743;    0.6764    0.7059;    0.532266;    0.0003;    00;
23:50 ;		 Axial;    160;    0;    2;    2;    03;    0.6894;    0.6692    0.7059;    0.544729;    0.0003;    00;
23:50 ;		 Axial;    160;    0;    2;    2;    04;    0.6505;    0.6651    0.6842;    0.549943;    0.0003;    01;
23:50 ;		 Axial;    160;    0;    2;    2;    05;    0.6633;    0.6654    0.6718;    0.610526;    0.0003;    02;
23:50 ;		 Axial;    160;    0;    2;    2;    06;    0.6482;    0.6591    0.6780;    0.599798;    0.0003;    03;
23:50 ;		 Axial;    160;    0;    2;    2;    07;    0.6409;    0.6542    0.6873;    0.595983;    0.0003;    04;
23:51 ;		 Axial;    161;    0;    2;    3;    00;    0.6779;    0.6919    0.5232;    0.535331;    0.001;    00;
23:51 ;		 Axial;    161;    0;    2;    3;    01;    0.6622;    0.6690    0.6409;    0.603304;    0.001;    00;
23:51 ;		 Axial;    161;    0;    2;    3;    02;    0.6589;    0.6595    0.6409;    0.617135;    0.001;    00;
23:51 ;		 Axial;    161;    0;    2;    3;    03;    0.6555;    0.6621    0.6533;    0.513710;    0.001;    01;
23:51 ;		 Axial;    161;    0;    2;    3;    04;    0.6328;    0.6509    0.6749;    0.552801;    0.001;    00;
23:51 ;		 Axial;    161;    0;    2;    3;    05;    0.6222;    0.6501    0.6997;    0.497097;    0.001;    00;
23:51 ;		 Axial;    161;    0;    2;    3;    06;    0.6001;    0.6300    0.7152;    0.516453;    0.001;    00;
23:52 ;		 Axial;    161;    0;    2;    3;    07;    0.6028;    0.6321    0.7337;    0.462239;    0.001;    00;
23:52 ;		 Axial;    161;    0;    2;    3;    08;    0.5727;    0.6393    0.6842;    0.584933;    0.001;    00;
23:52 ;		 Axial;    161;    0;    2;    3;    09;    0.5809;    0.7291    0.7028;    0.315251;    0.0005;    01;
23:52 ;		 Axial;    161;    0;    2;    3;    10;    0.5384;    0.6822    0.7307;    0.352859;    0.0005;    02;
23:52 ;		 Axial;    161;    0;    2;    3;    11;    0.5946;    0.6376    0.7523;    0.426994;    0.0005;    03;
23:52 ;		 Axial;    161;    0;    2;    3;    12;    0.5510;    0.6099    0.7461;    0.504209;    0.0005;    00;
23:52 ;		 Axial;    161;    0;    2;    3;    13;    0.5629;    0.6162    0.7368;    0.416162;    0.0005;    01;
23:53 ;		 Axial;    161;    0;    2;    3;    14;    0.5373;    0.6627    0.7245;    0.760527;    0.0005;    02;
23:53 ;		 Axial;    161;    0;    2;    3;    15;    0.5219;    0.6024    0.7461;    0.615668;    0.0005;    03;
23:53 ;		 Axial;    161;    0;    2;    3;    16;    0.5279;    0.6640    0.7245;    0.379548;    0.0005;    04;
23:53 ;		 Axial;    162;    0;    2;    4;    00;    0.6843;    0.6800    0.6873;    0.550694;    0.001;    00;
23:53 ;		 Axial;    162;    0;    2;    4;    01;    0.6652;    0.6673    0.7121;    0.541196;    0.001;    00;
23:53 ;		 Axial;    162;    0;    2;    4;    02;    0.6678;    0.6485    0.7121;    0.589218;    0.001;    00;
23:53 ;		 Axial;    162;    0;    2;    4;    03;    0.6704;    0.6367    0.7399;    0.523661;    0.001;    01;
23:54 ;		 Axial;    162;    0;    2;    4;    04;    0.6269;    0.6272    0.7399;    0.518842;    0.001;    00;
23:54 ;		 Axial;    162;    0;    2;    4;    05;    0.6489;    0.6356    0.7028;    0.668253;    0.001;    01;
23:54 ;		 Axial;    162;    0;    2;    4;    06;    0.5956;    0.6188    0.7523;    0.459640;    0.001;    02;
23:54 ;		 Axial;    162;    0;    2;    4;    07;    0.5817;    0.6166    0.7214;    0.557105;    0.001;    00;
23:54 ;		 Axial;    162;    0;    2;    4;    08;    0.5816;    0.6505    0.6873;    0.680099;    0.001;    01;
23:54 ;		 Axial;    162;    0;    2;    4;    09;    0.5811;    0.6279    0.7183;    0.428298;    0.001;    02;
23:54 ;		 Axial;    162;    0;    2;    4;    10;    0.5803;    0.6201    0.7554;    0.363267;    0.0005;    03;
23:54 ;		 Axial;    162;    0;    2;    4;    11;    0.5314;    0.6153    0.7337;    0.416954;    0.0005;    00;
23:55 ;		 Axial;    162;    0;    2;    4;    12;    0.5489;    0.6105    0.7307;    0.433477;    0.0005;    01;
23:55 ;		 Axial;    162;    0;    2;    4;    13;    0.5546;    0.6212    0.7214;    0.472417;    0.0005;    02;
23:55 ;		 Axial;    162;    0;    2;    4;    14;    0.5291;    0.7299    0.7276;    0.249621;    0.0005;    03;
23:55 ;		 Axial;    162;    0;    2;    4;    15;    0.5073;    0.6608    0.7337;    0.441575;    0.00025;    04;
23:56 ;		 Axial;    163;    1;    0;    1;    00;    0.6980;    0.6950    0.4582;    0.485640;    0.0003;    00;
23:56 ;		 Axial;    163;    1;    0;    1;    01;    0.6854;    0.6903    0.8142;    0.494471;    0.0003;    00;
23:56 ;		 Axial;    163;    1;    0;    1;    02;    0.7061;    0.6843    0.7647;    0.506615;    0.0003;    00;
23:56 ;		 Axial;    163;    1;    0;    1;    03;    0.6862;    0.6799    0.7152;    0.527333;    0.0003;    01;
23:57 ;		 Axial;    163;    1;    0;    1;    04;    0.6930;    0.6759    0.6966;    0.544135;    0.0003;    02;
23:57 ;		 Axial;    163;    1;    0;    1;    05;    0.6752;    0.6715    0.7059;    0.550344;    0.0003;    03;
23:57 ;		 Axial;    163;    1;    0;    1;    06;    0.6652;    0.6681    0.6997;    0.581236;    0.0003;    04;
23:57 ;		 Axial;    164;    1;    0;    2;    00;    0.6954;    0.7029    0.2972;    0.485065;    0.0003;    00;
23:57 ;		 Axial;    164;    1;    0;    2;    01;    0.6866;    0.6953    0.4396;    0.498011;    0.0003;    00;
23:57 ;		 Axial;    164;    1;    0;    2;    02;    0.6982;    0.6894    0.5542;    0.522177;    0.0003;    00;
23:57 ;		 Axial;    164;    1;    0;    2;    03;    0.7077;    0.6844    0.6037;    0.558602;    0.0003;    00;
23:58 ;		 Axial;    164;    1;    0;    2;    04;    0.6971;    0.6794    0.6285;    0.552528;    0.0003;    00;
23:58 ;		 Axial;    164;    1;    0;    2;    05;    0.6771;    0.6757    0.6563;    0.572462;    0.0003;    00;
23:58 ;		 Axial;    164;    1;    0;    2;    06;    0.6954;    0.6721    0.6718;    0.573128;    0.0003;    00;
23:58 ;		 Axial;    164;    1;    0;    2;    07;    0.6561;    0.6695    0.6780;    0.590998;    0.0003;    00;
23:58 ;		 Axial;    164;    1;    0;    2;    08;    0.6726;    0.6655    0.6904;    0.585227;    0.0003;    00;
23:58 ;		 Axial;    164;    1;    0;    2;    09;    0.6722;    0.6613    0.6997;    0.583076;    0.0003;    00;
23:58 ;		 Axial;    164;    1;    0;    2;    10;    0.6732;    0.6582    0.7121;    0.593300;    0.0003;    00;
23:59 ;		 Axial;    164;    1;    0;    2;    11;    0.6635;    0.6565    0.7152;    0.602332;    0.0003;    00;
23:59 ;		 Axial;    164;    1;    0;    2;    12;    0.6719;    0.6510    0.7152;    0.600493;    0.0003;    00;
23:59 ;		 Axial;    164;    1;    0;    2;    13;    0.6482;    0.6466    0.7245;    0.596596;    0.0003;    01;
23:59 ;		 Axial;    164;    1;    0;    2;    14;    0.6785;    0.6431    0.7399;    0.596841;    0.0003;    00;
23:59 ;		 Axial;    164;    1;    0;    2;    15;    0.6772;    0.6417    0.7399;    0.601468;    0.0003;    00;
23:59 ;		 Axial;    164;    1;    0;    2;    16;    0.6442;    0.6356    0.7523;    0.595624;    0.0003;    01;
00:00 ;		 Axial;    164;    1;    0;    2;    17;    0.6563;    0.6316    0.7616;    0.588856;    0.0003;    00;
00:00 ;		 Axial;    164;    1;    0;    2;    18;    0.6463;    0.6276    0.7616;    0.582123;    0.0003;    00;
00:00 ;		 Axial;    164;    1;    0;    2;    19;    0.6433;    0.6242    0.7771;    0.574257;    0.0003;    01;
00:00 ;		 Axial;    164;    1;    0;    2;    20;    0.6196;    0.6238    0.7709;    0.594393;    0.0003;    00;
00:00 ;		 Axial;    164;    1;    0;    2;    21;    0.6221;    0.6245    0.7616;    0.613572;    0.0003;    01;
00:00 ;		 Axial;    164;    1;    0;    2;    22;    0.6377;    0.6240    0.7678;    0.631091;    0.00015;    02;
00:00 ;		 Axial;    164;    1;    0;    2;    23;    0.6189;    0.6169    0.7740;    0.613293;    0.00015;    03;
00:01 ;		 Axial;    164;    1;    0;    2;    24;    0.6211;    0.6131    0.7802;    0.587521;    0.00015;    04;
00:01 ;		 Axial;    164;    1;    0;    2;    25;    0.6635;    0.6107    0.7833;    0.588862;    0.00015;    00;
00:01 ;		 Axial;    164;    1;    0;    2;    26;    0.6543;    0.6087    0.7926;    0.580101;    0.00015;    00;
00:01 ;		 Axial;    164;    1;    0;    2;    27;    0.6322;    0.6066    0.7988;    0.582617;    0.00015;    00;
00:01 ;		 Axial;    164;    1;    0;    2;    28;    0.6157;    0.6061    0.7926;    0.600434;    0.00015;    00;
00:01 ;		 Axial;    164;    1;    0;    2;    29;    0.6392;    0.6048    0.7895;    0.597345;    0.00015;    01;
00:01 ;		 Axial;    165;    1;    0;    3;    00;    0.6986;    0.6742    0.7523;    0.518256;    0.001;    00;
00:02 ;		 Axial;    165;    1;    0;    3;    01;    0.6741;    0.6650    0.7833;    0.525877;    0.001;    00;
00:02 ;		 Axial;    165;    1;    0;    3;    02;    0.6703;    0.6502    0.8204;    0.515126;    0.001;    00;
00:02 ;		 Axial;    165;    1;    0;    3;    03;    0.6526;    0.6316    0.8080;    0.592205;    0.001;    00;
00:02 ;		 Axial;    165;    1;    0;    3;    04;    0.6606;    0.6318    0.7833;    0.645205;    0.001;    01;
00:02 ;		 Axial;    165;    1;    0;    3;    05;    0.6479;    0.6276    0.7740;    0.691000;    0.001;    02;
00:02 ;		 Axial;    165;    1;    0;    3;    06;    0.6480;    0.6055    0.7957;    0.615475;    0.001;    03;
00:02 ;		 Axial;    165;    1;    0;    3;    07;    0.6199;    0.5992    0.7895;    0.585826;    0.001;    04;
00:03 ;		 Axial;    166;    1;    0;    4;    00;    0.7010;    0.6743    0.7709;    0.518579;    0.001;    00;
00:03 ;		 Axial;    166;    1;    0;    4;    01;    0.6709;    0.6607    0.8421;    0.523729;    0.001;    00;
00:03 ;		 Axial;    166;    1;    0;    4;    02;    0.6601;    0.6427    0.8142;    0.591179;    0.001;    00;
00:03 ;		 Axial;    166;    1;    0;    4;    03;    0.6761;    0.6240    0.8050;    0.619102;    0.001;    01;
00:03 ;		 Axial;    166;    1;    0;    4;    04;    0.6409;    0.6088    0.7957;    0.596602;    0.001;    02;
00:03 ;		 Axial;    166;    1;    0;    4;    05;    0.6267;    0.6035    0.8019;    0.578777;    0.001;    03;
00:04 ;		 Axial;    166;    1;    0;    4;    06;    0.6384;    0.6081    0.8514;    0.454377;    0.001;    04;
00:04 ;		 Axial;    166;    1;    0;    4;    07;    0.6254;    0.5870    0.8328;    0.640053;    0.001;    00;
00:04 ;		 Axial;    166;    1;    0;    4;    08;    0.6123;    0.6392    0.7616;    0.746527;    0.001;    01;
00:04 ;		 Axial;    166;    1;    0;    4;    09;    0.6131;    0.5874    0.8514;    0.426041;    0.001;    02;
00:04 ;		 Axial;    166;    1;    0;    4;    10;    0.6518;    0.5563    0.8762;    0.522336;    0.001;    03;
00:04 ;		 Axial;    166;    1;    0;    4;    11;    0.5960;    0.5605    0.8576;    0.630190;    0.001;    00;
00:04 ;		 Axial;    166;    1;    0;    4;    12;    0.5843;    0.5557    0.8669;    0.569572;    0.001;    01;
00:05 ;		 Axial;    166;    1;    0;    4;    13;    0.5584;    0.5487    0.8266;    0.652898;    0.001;    02;
00:05 ;		 Axial;    166;    1;    0;    4;    14;    0.5674;    0.5993    0.8452;    0.475364;    0.001;    03;
00:05 ;		 Axial;    166;    1;    0;    4;    15;    0.5455;    0.6188    0.8328;    0.374345;    0.001;    04;
00:05 ;		 Axial;    167;    1;    1;    1;    00;    0.7006;    0.6922    0.5666;    0.467886;    0.0003;    00;
00:05 ;		 Axial;    167;    1;    1;    1;    01;    0.6905;    0.6869    0.7059;    0.479707;    0.0003;    00;
00:05 ;		 Axial;    167;    1;    1;    1;    02;    0.6781;    0.6722    0.7368;    0.512259;    0.0003;    00;
00:05 ;		 Axial;    167;    1;    1;    1;    03;    0.6617;    0.6586    0.7059;    0.537255;    0.0003;    00;
00:05 ;		 Axial;    167;    1;    1;    1;    04;    0.6497;    0.6515    0.6935;    0.561369;    0.0003;    01;
00:06 ;		 Axial;    167;    1;    1;    1;    05;    0.6395;    0.6462    0.6935;    0.576615;    0.0003;    02;
00:06 ;		 Axial;    167;    1;    1;    1;    06;    0.6530;    0.6433    0.6904;    0.591716;    0.0003;    03;
00:06 ;		 Axial;    167;    1;    1;    1;    07;    0.6286;    0.6422    0.6935;    0.582909;    0.0003;    04;
00:06 ;		 Axial;    168;    1;    1;    2;    00;    0.7206;    0.6901    0.5944;    0.528229;    0.0003;    00;
00:06 ;		 Axial;    168;    1;    1;    2;    01;    0.6817;    0.6847    0.6780;    0.538818;    0.0003;    00;
00:06 ;		 Axial;    168;    1;    1;    2;    02;    0.6865;    0.6753    0.7276;    0.533846;    0.0003;    00;
00:06 ;		 Axial;    168;    1;    1;    2;    03;    0.6441;    0.6653    0.7059;    0.551009;    0.0003;    00;
00:07 ;		 Axial;    168;    1;    1;    2;    04;    0.6653;    0.6577    0.6935;    0.569900;    0.0003;    01;
00:07 ;		 Axial;    168;    1;    1;    2;    05;    0.6571;    0.6523    0.6935;    0.563131;    0.0003;    02;
00:07 ;		 Axial;    168;    1;    1;    2;    06;    0.6553;    0.6472    0.7090;    0.553312;    0.0003;    03;
00:07 ;		 Axial;    168;    1;    1;    2;    07;    0.6358;    0.6436    0.7121;    0.552643;    0.0003;    04;
00:07 ;		 Axial;    169;    1;    1;    3;    00;    0.6921;    0.6876    0.7585;    0.494137;    0.001;    00;
00:07 ;		 Axial;    169;    1;    1;    3;    01;    0.6731;    0.6699    0.7152;    0.542974;    0.001;    00;
00:07 ;		 Axial;    169;    1;    1;    3;    02;    0.6635;    0.6507    0.6935;    0.580233;    0.001;    01;
00:07 ;		 Axial;    169;    1;    1;    3;    03;    0.6564;    0.6404    0.7028;    0.597911;    0.001;    02;
00:08 ;		 Axial;    169;    1;    1;    3;    04;    0.6174;    0.6343    0.7183;    0.560951;    0.001;    03;
00:08 ;		 Axial;    169;    1;    1;    3;    05;    0.6350;    0.6255    0.7121;    0.612883;    0.001;    04;
00:08 ;		 Axial;    170;    1;    1;    4;    00;    0.6978;    0.6818    0.7554;    0.535484;    0.001;    00;
00:08 ;		 Axial;    170;    1;    1;    4;    01;    0.6701;    0.6720    0.7647;    0.531954;    0.001;    00;
00:08 ;		 Axial;    170;    1;    1;    4;    02;    0.6529;    0.6574    0.7214;    0.571999;    0.001;    00;
00:08 ;		 Axial;    170;    1;    1;    4;    03;    0.6469;    0.6450    0.7183;    0.579420;    0.001;    01;
00:08 ;		 Axial;    170;    1;    1;    4;    04;    0.6247;    0.6347    0.7245;    0.566709;    0.001;    02;
00:09 ;		 Axial;    170;    1;    1;    4;    05;    0.6071;    0.6292    0.7276;    0.621202;    0.001;    03;
00:09 ;		 Axial;    170;    1;    1;    4;    06;    0.6161;    0.6297    0.7183;    0.593913;    0.001;    04;
00:09 ;		 Axial;    171;    1;    2;    1;    00;    0.6978;    0.6921    0.4985;    0.536572;    0.0003;    00;
00:09 ;		 Axial;    171;    1;    2;    1;    01;    0.6922;    0.6863    0.6440;    0.545101;    0.0003;    00;
00:09 ;		 Axial;    171;    1;    2;    1;    02;    0.6902;    0.6784    0.6935;    0.549700;    0.0003;    00;
00:09 ;		 Axial;    171;    1;    2;    1;    03;    0.6759;    0.6725    0.7152;    0.559309;    0.0003;    00;
00:09 ;		 Axial;    171;    1;    2;    1;    04;    0.6666;    0.6676    0.7337;    0.559000;    0.0003;    00;
00:09 ;		 Axial;    171;    1;    2;    1;    05;    0.6488;    0.6646    0.7337;    0.571341;    0.0003;    00;
00:09 ;		 Axial;    171;    1;    2;    1;    06;    0.6760;    0.6616    0.7554;    0.560673;    0.0003;    01;
00:10 ;		 Axial;    171;    1;    2;    1;    07;    0.6599;    0.6578    0.7616;    0.559108;    0.0003;    00;
00:10 ;		 Axial;    171;    1;    2;    1;    08;    0.6725;    0.6540    0.7585;    0.543529;    0.0003;    00;
00:10 ;		 Axial;    171;    1;    2;    1;    09;    0.6878;    0.6504    0.7554;    0.560883;    0.0003;    01;
00:10 ;		 Axial;    171;    1;    2;    1;    10;    0.6594;    0.6476    0.7585;    0.535996;    0.0003;    02;
00:10 ;		 Axial;    171;    1;    2;    1;    11;    0.6583;    0.6448    0.7585;    0.558001;    0.0003;    03;
00:10 ;		 Axial;    171;    1;    2;    1;    12;    0.6431;    0.6429    0.7616;    0.558737;    0.0003;    04;
00:10 ;		 Axial;    172;    1;    2;    2;    00;    0.7046;    0.6933    0.4118;    0.532788;    0.0003;    00;
00:10 ;		 Axial;    172;    1;    2;    2;    01;    0.6939;    0.6901    0.6130;    0.537686;    0.0003;    00;
00:11 ;		 Axial;    172;    1;    2;    2;    02;    0.6644;    0.6838    0.7276;    0.548126;    0.0003;    00;
00:11 ;		 Axial;    172;    1;    2;    2;    03;    0.6985;    0.6778    0.7214;    0.561184;    0.0003;    00;
00:11 ;		 Axial;    172;    1;    2;    2;    04;    0.7050;    0.6744    0.6935;    0.570921;    0.0003;    01;
00:11 ;		 Axial;    172;    1;    2;    2;    05;    0.6677;    0.6709    0.7152;    0.566410;    0.0003;    02;
00:11 ;		 Axial;    172;    1;    2;    2;    06;    0.6698;    0.6677    0.7183;    0.545177;    0.0003;    03;
00:11 ;		 Axial;    172;    1;    2;    2;    07;    0.6719;    0.6650    0.7214;    0.535857;    0.0003;    04;
00:11 ;		 Axial;    173;    1;    2;    3;    00;    0.7163;    0.6938    0.5573;    0.473633;    0.001;    00;
00:11 ;		 Axial;    173;    1;    2;    3;    01;    0.6936;    0.6818    0.7307;    0.505683;    0.001;    00;
00:12 ;		 Axial;    173;    1;    2;    3;    02;    0.6636;    0.6743    0.7523;    0.524821;    0.001;    00;
00:12 ;		 Axial;    173;    1;    2;    3;    03;    0.6632;    0.6704    0.7430;    0.539333;    0.001;    00;
00:12 ;		 Axial;    173;    1;    2;    3;    04;    0.6604;    0.6635    0.7152;    0.553219;    0.001;    01;
00:12 ;		 Axial;    173;    1;    2;    3;    05;    0.6619;    0.6602    0.7523;    0.600120;    0.001;    02;
00:12 ;		 Axial;    173;    1;    2;    3;    06;    0.6581;    0.6565    0.7399;    0.610835;    0.001;    03;
00:12 ;		 Axial;    173;    1;    2;    3;    07;    0.6330;    0.6461    0.7554;    0.592247;    0.001;    04;
00:12 ;		 Axial;    173;    1;    2;    3;    08;    0.6117;    0.6446    0.7430;    0.592089;    0.001;    00;
00:13 ;		 Axial;    173;    1;    2;    3;    09;    0.6258;    0.6409    0.7276;    0.563354;    0.001;    01;
00:13 ;		 Axial;    173;    1;    2;    3;    10;    0.6215;    0.6534    0.7090;    0.490186;    0.001;    02;
00:13 ;		 Axial;    173;    1;    2;    3;    11;    0.5950;    0.6279    0.7245;    0.587176;    0.001;    03;
00:13 ;		 Axial;    173;    1;    2;    3;    12;    0.6005;    0.6255    0.7368;    0.549056;    0.001;    04;
00:13 ;		 Axial;    174;    1;    2;    4;    00;    0.7099;    0.6895    0.6625;    0.518267;    0.001;    00;
00:13 ;		 Axial;    174;    1;    2;    4;    01;    0.6808;    0.6793    0.7245;    0.523045;    0.001;    00;
00:13 ;		 Axial;    174;    1;    2;    4;    02;    0.6433;    0.6654    0.7430;    0.506247;    0.001;    00;
00:13 ;		 Axial;    174;    1;    2;    4;    03;    0.6601;    0.6508    0.7368;    0.514758;    0.001;    00;
00:14 ;		 Axial;    174;    1;    2;    4;    04;    0.6258;    0.6456    0.7214;    0.589948;    0.001;    01;
00:14 ;		 Axial;    174;    1;    2;    4;    05;    0.6231;    0.6453    0.6811;    0.567075;    0.001;    02;
00:14 ;		 Axial;    174;    1;    2;    4;    06;    0.6120;    0.6393    0.7152;    0.616547;    0.001;    03;
00:14 ;		 Axial;    174;    1;    2;    4;    07;    0.5952;    0.6345    0.7183;    0.586439;    0.001;    04;
00:15 ;		 Axial;    175;    2;    0;    1;    00;    0.6779;    0.6843    0.6811;    0.520704;    0.0003;    00;
00:15 ;		 Axial;    175;    2;    0;    1;    01;    0.6755;    0.6802    0.7183;    0.542630;    0.0003;    00;
00:15 ;		 Axial;    175;    2;    0;    1;    02;    0.6918;    0.6758    0.7554;    0.536053;    0.0003;    00;
00:15 ;		 Axial;    175;    2;    0;    1;    03;    0.6894;    0.6703    0.7709;    0.533105;    0.0003;    00;
00:15 ;		 Axial;    175;    2;    0;    1;    04;    0.6780;    0.6657    0.7585;    0.527712;    0.0003;    00;
00:15 ;		 Axial;    175;    2;    0;    1;    05;    0.6654;    0.6605    0.7461;    0.524211;    0.0003;    01;
00:16 ;		 Axial;    175;    2;    0;    1;    06;    0.6454;    0.6541    0.7368;    0.524333;    0.0003;    02;
00:16 ;		 Axial;    175;    2;    0;    1;    07;    0.6401;    0.6498    0.7430;    0.546765;    0.0003;    03;
00:16 ;		 Axial;    175;    2;    0;    1;    08;    0.6508;    0.6462    0.7368;    0.544788;    0.0003;    04;
00:16 ;		 Axial;    176;    2;    0;    2;    00;    0.7052;    0.6954    0.4365;    0.491013;    0.0003;    00;
00:16 ;		 Axial;    176;    2;    0;    2;    01;    0.7077;    0.6907    0.5542;    0.508318;    0.0003;    00;
00:16 ;		 Axial;    176;    2;    0;    2;    02;    0.6872;    0.6835    0.6130;    0.517015;    0.0003;    00;
00:16 ;		 Axial;    176;    2;    0;    2;    03;    0.6616;    0.6766    0.6099;    0.518442;    0.0003;    00;
00:16 ;		 Axial;    176;    2;    0;    2;    04;    0.6636;    0.6731    0.6099;    0.536242;    0.0003;    01;
00:17 ;		 Axial;    176;    2;    0;    2;    05;    0.6743;    0.6709    0.6192;    0.525802;    0.0003;    02;
00:17 ;		 Axial;    176;    2;    0;    2;    06;    0.6473;    0.6697    0.6285;    0.501447;    0.0003;    00;
00:17 ;		 Axial;    176;    2;    0;    2;    07;    0.6330;    0.6664    0.6409;    0.487817;    0.0003;    00;
00:17 ;		 Axial;    176;    2;    0;    2;    08;    0.6449;    0.6635    0.6533;    0.490996;    0.0003;    00;
00:17 ;		 Axial;    176;    2;    0;    2;    09;    0.6496;    0.6598    0.6656;    0.502707;    0.0003;    00;
00:17 ;		 Axial;    176;    2;    0;    2;    10;    0.6481;    0.6560    0.6811;    0.476154;    0.0003;    00;
00:17 ;		 Axial;    176;    2;    0;    2;    11;    0.6504;    0.6550    0.6656;    0.481649;    0.0003;    00;
00:18 ;		 Axial;    176;    2;    0;    2;    12;    0.6131;    0.6560    0.6842;    0.438136;    0.0003;    01;
00:18 ;		 Axial;    176;    2;    0;    2;    13;    0.6316;    0.6582    0.6997;    0.413644;    0.0003;    00;
00:18 ;		 Axial;    176;    2;    0;    2;    14;    0.6227;    0.6468    0.7028;    0.450621;    0.0003;    00;
00:18 ;		 Axial;    176;    2;    0;    2;    15;    0.6331;    0.6456    0.7214;    0.412977;    0.0003;    00;
00:18 ;		 Axial;    176;    2;    0;    2;    16;    0.6348;    0.6345    0.7245;    0.435229;    0.0003;    00;
00:18 ;		 Axial;    176;    2;    0;    2;    17;    0.5923;    0.6350    0.7214;    0.447579;    0.0003;    00;
00:18 ;		 Axial;    176;    2;    0;    2;    18;    0.5922;    0.6370    0.7214;    0.403755;    0.0003;    01;
00:19 ;		 Axial;    176;    2;    0;    2;    19;    0.5972;    0.6421    0.7276;    0.393033;    0.00015;    02;
00:19 ;		 Axial;    176;    2;    0;    2;    20;    0.5677;    0.6423    0.7307;    0.381825;    0.00015;    00;
00:19 ;		 Axial;    176;    2;    0;    2;    21;    0.5624;    0.6425    0.7337;    0.384085;    0.00015;    00;
00:19 ;		 Axial;    176;    2;    0;    2;    22;    0.6230;    0.6434    0.7245;    0.402670;    7.5e-05;    00;
00:19 ;		 Axial;    176;    2;    0;    2;    23;    0.5688;    0.6260    0.7276;    0.442637;    7.5e-05;    01;
00:19 ;		 Axial;    176;    2;    0;    2;    24;    0.5882;    0.6176    0.7368;    0.470578;    7.5e-05;    02;
00:19 ;		 Axial;    176;    2;    0;    2;    25;    0.5758;    0.6173    0.7307;    0.468534;    7.5e-05;    00;
00:20 ;		 Axial;    176;    2;    0;    2;    26;    0.5549;    0.6167    0.7307;    0.449495;    7.5e-05;    01;
00:20 ;		 Axial;    176;    2;    0;    2;    27;    0.5827;    0.6137    0.7337;    0.460261;    7.5e-05;    02;
00:20 ;		 Axial;    176;    2;    0;    2;    28;    0.5891;    0.6110    0.7368;    0.503226;    7.5e-05;    03;
00:20 ;		 Axial;    176;    2;    0;    2;    29;    0.5514;    0.6116    0.7399;    0.487593;    7.5e-05;    04;
00:20 ;		 Axial;    177;    2;    0;    3;    00;    0.6953;    0.6808    0.7121;    0.506720;    0.001;    00;
00:20 ;		 Axial;    177;    2;    0;    3;    01;    0.7108;    0.6759    0.7337;    0.508809;    0.001;    00;
00:20 ;		 Axial;    177;    2;    0;    3;    02;    0.6796;    0.6649    0.7802;    0.517020;    0.001;    00;
00:21 ;		 Axial;    177;    2;    0;    3;    03;    0.6881;    0.6557    0.7678;    0.498586;    0.001;    00;
00:21 ;		 Axial;    177;    2;    0;    3;    04;    0.6565;    0.6468    0.7740;    0.511069;    0.001;    01;
00:21 ;		 Axial;    177;    2;    0;    3;    05;    0.6600;    0.6413    0.7399;    0.544075;    0.001;    02;
00:21 ;		 Axial;    177;    2;    0;    3;    06;    0.6527;    0.6374    0.7368;    0.559697;    0.001;    03;
00:21 ;		 Axial;    177;    2;    0;    3;    07;    0.6342;    0.6234    0.7802;    0.528023;    0.001;    04;
00:21 ;		 Axial;    178;    2;    0;    4;    00;    0.7086;    0.6912    0.6533;    0.485553;    0.001;    00;
00:21 ;		 Axial;    178;    2;    0;    4;    01;    0.7005;    0.6825    0.7028;    0.493147;    0.001;    00;
00:22 ;		 Axial;    178;    2;    0;    4;    02;    0.6708;    0.6709    0.6935;    0.492348;    0.001;    00;
00:22 ;		 Axial;    178;    2;    0;    4;    03;    0.6545;    0.6562    0.7430;    0.521644;    0.001;    01;
00:22 ;		 Axial;    178;    2;    0;    4;    04;    0.6613;    0.6450    0.7368;    0.493854;    0.001;    00;
00:22 ;		 Axial;    178;    2;    0;    4;    05;    0.6478;    0.6409    0.7461;    0.555354;    0.001;    01;
00:22 ;		 Axial;    178;    2;    0;    4;    06;    0.6396;    0.6357    0.7337;    0.557739;    0.001;    00;
00:22 ;		 Axial;    178;    2;    0;    4;    07;    0.6341;    0.6288    0.7337;    0.519180;    0.001;    01;
00:22 ;		 Axial;    178;    2;    0;    4;    08;    0.6090;    0.6258    0.7492;    0.454999;    0.001;    02;
00:23 ;		 Axial;    178;    2;    0;    4;    09;    0.5945;    0.6279    0.7337;    0.596249;    0.001;    00;
00:23 ;		 Axial;    178;    2;    0;    4;    10;    0.5870;    0.6145    0.7276;    0.472235;    0.001;    01;
00:23 ;		 Axial;    178;    2;    0;    4;    11;    0.5618;    0.6336    0.7399;    0.380275;    0.001;    02;
00:23 ;		 Axial;    178;    2;    0;    4;    12;    0.6153;    0.6502    0.7430;    0.420157;    0.001;    03;
00:23 ;		 Axial;    178;    2;    0;    4;    13;    0.5900;    0.6172    0.7399;    0.311596;    0.0005;    04;
00:23 ;		 Axial;    179;    2;    1;    1;    00;    0.6988;    0.6907    0.5882;    0.509310;    0.0003;    00;
00:23 ;		 Axial;    179;    2;    1;    1;    01;    0.7085;    0.6889    0.5542;    0.518662;    0.0003;    00;
00:23 ;		 Axial;    179;    2;    1;    1;    02;    0.6875;    0.6807    0.6533;    0.531448;    0.0003;    01;
00:24 ;		 Axial;    179;    2;    1;    1;    03;    0.6643;    0.6734    0.6904;    0.519008;    0.0003;    00;
00:24 ;		 Axial;    179;    2;    1;    1;    04;    0.6969;    0.6665    0.7337;    0.520665;    0.0003;    00;
00:24 ;		 Axial;    179;    2;    1;    1;    05;    0.6497;    0.6605    0.7957;    0.522114;    0.0003;    00;
00:24 ;		 Axial;    179;    2;    1;    1;    06;    0.6811;    0.6556    0.7926;    0.518264;    0.0003;    00;
00:24 ;		 Axial;    179;    2;    1;    1;    07;    0.6788;    0.6500    0.8390;    0.542385;    0.0003;    01;
00:24 ;		 Axial;    179;    2;    1;    1;    08;    0.6730;    0.6473    0.8390;    0.523759;    0.0003;    00;
00:25 ;		 Axial;    179;    2;    1;    1;    09;    0.6495;    0.6429    0.8235;    0.510768;    0.0003;    01;
00:25 ;		 Axial;    179;    2;    1;    1;    10;    0.6736;    0.6360    0.8266;    0.482854;    0.0003;    02;
00:25 ;		 Axial;    179;    2;    1;    1;    11;    0.6637;    0.6308    0.8328;    0.535334;    0.0003;    03;
00:25 ;		 Axial;    179;    2;    1;    1;    12;    0.6646;    0.6251    0.8297;    0.529004;    0.0003;    04;
00:25 ;		 Axial;    180;    2;    1;    2;    00;    0.6937;    0.6921    0.5263;    0.514800;    0.0003;    00;
00:25 ;		 Axial;    180;    2;    1;    2;    01;    0.6898;    0.6864    0.6223;    0.526726;    0.0003;    00;
00:25 ;		 Axial;    180;    2;    1;    2;    02;    0.6737;    0.6792    0.7337;    0.517671;    0.0003;    00;
00:26 ;		 Axial;    180;    2;    1;    2;    03;    0.6812;    0.6726    0.7833;    0.522632;    0.0003;    00;
00:26 ;		 Axial;    180;    2;    1;    2;    04;    0.6794;    0.6668    0.7709;    0.522558;    0.0003;    00;
00:26 ;		 Axial;    180;    2;    1;    2;    05;    0.6791;    0.6596    0.7864;    0.507715;    0.0003;    01;
00:26 ;		 Axial;    180;    2;    1;    2;    06;    0.6932;    0.6519    0.8173;    0.524499;    0.0003;    00;
00:26 ;		 Axial;    180;    2;    1;    2;    07;    0.6864;    0.6442    0.8359;    0.543912;    0.0003;    00;
00:26 ;		 Axial;    180;    2;    1;    2;    08;    0.6564;    0.6388    0.8452;    0.543360;    0.0003;    00;
00:26 ;		 Axial;    180;    2;    1;    2;    09;    0.6738;    0.6346    0.8638;    0.528443;    0.0003;    00;
00:27 ;		 Axial;    180;    2;    1;    2;    10;    0.6764;    0.6311    0.8638;    0.532264;    0.0003;    00;
00:27 ;		 Axial;    180;    2;    1;    2;    11;    0.6420;    0.6272    0.8824;    0.528441;    0.0003;    01;
00:27 ;		 Axial;    180;    2;    1;    2;    12;    0.6547;    0.6287    0.8854;    0.496193;    0.0003;    00;
00:27 ;		 Axial;    180;    2;    1;    2;    13;    0.6630;    0.6215    0.8854;    0.530562;    0.0003;    00;
00:27 ;		 Axial;    180;    2;    1;    2;    14;    0.6579;    0.6182    0.8700;    0.541267;    0.0003;    01;
00:27 ;		 Axial;    180;    2;    1;    2;    15;    0.6583;    0.6186    0.8576;    0.545706;    0.0003;    02;
00:27 ;		 Axial;    180;    2;    1;    2;    16;    0.6322;    0.6128    0.8607;    0.543261;    0.0003;    03;
00:28 ;		 Axial;    180;    2;    1;    2;    17;    0.6690;    0.6072    0.8545;    0.531490;    0.0003;    04;
00:28 ;		 Axial;    181;    2;    1;    3;    00;    0.7062;    0.6839    0.7864;    0.508400;    0.001;    00;
00:28 ;		 Axial;    181;    2;    1;    3;    01;    0.6763;    0.6702    0.8700;    0.530403;    0.001;    00;
00:28 ;		 Axial;    181;    2;    1;    3;    02;    0.6714;    0.6543    0.8607;    0.543959;    0.001;    00;
00:28 ;		 Axial;    181;    2;    1;    3;    03;    0.6550;    0.6438    0.8421;    0.507432;    0.001;    01;
00:28 ;		 Axial;    181;    2;    1;    3;    04;    0.6699;    0.6242    0.8607;    0.563026;    0.001;    02;
00:28 ;		 Axial;    181;    2;    1;    3;    05;    0.6816;    0.6126    0.8762;    0.581985;    0.001;    03;
00:29 ;		 Axial;    181;    2;    1;    3;    06;    0.6679;    0.6113    0.8793;    0.506246;    0.001;    00;
00:29 ;		 Axial;    181;    2;    1;    3;    07;    0.6438;    0.5988    0.8854;    0.550234;    0.001;    00;
00:29 ;		 Axial;    181;    2;    1;    3;    08;    0.6365;    0.5924    0.9009;    0.623934;    0.001;    00;
00:29 ;		 Axial;    181;    2;    1;    3;    09;    0.6781;    0.5867    0.8824;    0.630218;    0.001;    00;
00:29 ;		 Axial;    181;    2;    1;    3;    10;    0.6156;    0.5705    0.8762;    0.549229;    0.001;    01;
00:29 ;		 Axial;    181;    2;    1;    3;    11;    0.6222;    0.5691    0.8669;    0.520466;    0.001;    02;
00:29 ;		 Axial;    181;    2;    1;    3;    12;    0.6175;    0.5795    0.8638;    0.630911;    0.001;    03;
00:30 ;		 Axial;    181;    2;    1;    3;    13;    0.5834;    0.5799    0.8700;    0.717898;    0.001;    04;
00:30 ;		 Axial;    182;    2;    1;    4;    00;    0.7002;    0.6875    0.6099;    0.520854;    0.001;    00;
00:30 ;		 Axial;    182;    2;    1;    4;    01;    0.6906;    0.6790    0.7709;    0.524785;    0.001;    00;
00:30 ;		 Axial;    182;    2;    1;    4;    02;    0.6660;    0.6671    0.8080;    0.536737;    0.001;    00;
00:30 ;		 Axial;    182;    2;    1;    4;    03;    0.6661;    0.6541    0.8111;    0.522233;    0.001;    00;
00:30 ;		 Axial;    182;    2;    1;    4;    04;    0.6713;    0.6449    0.7988;    0.514540;    0.001;    00;
00:30 ;		 Axial;    182;    2;    1;    4;    05;    0.6723;    0.6373    0.7895;    0.495929;    0.001;    01;
00:31 ;		 Axial;    182;    2;    1;    4;    06;    0.6469;    0.6354    0.7802;    0.464702;    0.001;    02;
00:31 ;		 Axial;    182;    2;    1;    4;    07;    0.6868;    0.6238    0.7988;    0.550889;    0.001;    03;
00:31 ;		 Axial;    182;    2;    1;    4;    08;    0.6303;    0.6272    0.8173;    0.594199;    0.001;    04;
00:31 ;		 Axial;    182;    2;    1;    4;    09;    0.6258;    0.6189    0.8080;    0.618999;    0.001;    00;
00:31 ;		 Axial;    182;    2;    1;    4;    10;    0.6370;    0.6372    0.8019;    0.331967;    0.001;    01;
00:31 ;		 Axial;    182;    2;    1;    4;    11;    0.6459;    0.6181    0.7802;    0.355607;    0.001;    02;
00:31 ;		 Axial;    182;    2;    1;    4;    12;    0.5996;    0.6101    0.8297;    0.670904;    0.001;    03;
00:32 ;		 Axial;    182;    2;    1;    4;    13;    0.5737;    0.5978    0.8545;    0.635008;    0.001;    00;
00:32 ;		 Axial;    182;    2;    1;    4;    14;    0.5621;    0.5975    0.7895;    0.311540;    0.001;    00;
00:32 ;		 Axial;    182;    2;    1;    4;    15;    0.5902;    0.5654    0.8173;    0.520974;    0.001;    01;
00:32 ;		 Axial;    182;    2;    1;    4;    16;    0.5493;    0.5540    0.8328;    0.627685;    0.001;    02;
00:32 ;		 Axial;    182;    2;    1;    4;    17;    0.5435;    0.5768    0.7957;    0.289207;    0.001;    03;
00:32 ;		 Axial;    182;    2;    1;    4;    18;    0.5690;    0.6014    0.7523;    0.589083;    0.001;    04;
00:32 ;		 Axial;    183;    2;    2;    1;    00;    0.7414;    0.6904    0.6409;    0.521726;    0.0003;    00;
00:33 ;		 Axial;    183;    2;    2;    1;    01;    0.7063;    0.6884    0.6409;    0.518678;    0.0003;    00;
00:33 ;		 Axial;    183;    2;    2;    1;    02;    0.6756;    0.6851    0.6656;    0.523331;    0.0003;    01;
00:33 ;		 Axial;    183;    2;    2;    1;    03;    0.6730;    0.6830    0.6068;    0.530788;    0.0003;    00;
00:33 ;		 Axial;    183;    2;    2;    1;    04;    0.6653;    0.6796    0.6254;    0.531275;    0.0003;    01;
00:33 ;		 Axial;    183;    2;    2;    1;    05;    0.6856;    0.6756    0.6440;    0.520493;    0.0003;    02;
00:33 ;		 Axial;    183;    2;    2;    1;    06;    0.6789;    0.6747    0.6409;    0.534032;    0.0003;    03;
00:33 ;		 Axial;    183;    2;    2;    1;    07;    0.6575;    0.6720    0.6718;    0.488703;    0.0003;    04;
00:34 ;		 Axial;    183;    2;    2;    1;    08;    0.6518;    0.6694    0.6749;    0.541162;    0.0003;    00;
00:34 ;		 Axial;    183;    2;    2;    1;    09;    0.6406;    0.6695    0.6966;    0.550847;    0.0003;    00;
00:34 ;		 Axial;    183;    2;    2;    1;    10;    0.6595;    0.6704    0.6811;    0.563205;    0.0003;    00;
00:34 ;		 Axial;    183;    2;    2;    1;    11;    0.6580;    0.6663    0.6718;    0.535235;    0.0003;    01;
00:34 ;		 Axial;    183;    2;    2;    1;    12;    0.6181;    0.6637    0.6873;    0.546913;    0.0003;    02;
00:34 ;		 Axial;    183;    2;    2;    1;    13;    0.6026;    0.6619    0.6687;    0.543837;    0.0003;    03;
00:34 ;		 Axial;    183;    2;    2;    1;    14;    0.5975;    0.6583    0.7152;    0.538109;    0.0003;    04;
00:35 ;		 Axial;    183;    2;    2;    1;    15;    0.6227;    0.6581    0.6966;    0.543365;    0.0003;    00;
00:35 ;		 Axial;    183;    2;    2;    1;    16;    0.6332;    0.6567    0.6873;    0.552706;    0.0003;    01;
00:35 ;		 Axial;    183;    2;    2;    1;    17;    0.6071;    0.6531    0.6935;    0.534210;    0.0003;    02;
00:35 ;		 Axial;    183;    2;    2;    1;    18;    0.6081;    0.6524    0.7214;    0.504701;    0.0003;    03;
00:35 ;		 Axial;    183;    2;    2;    1;    19;    0.6058;    0.6510    0.6811;    0.514867;    0.0003;    00;
00:35 ;		 Axial;    183;    2;    2;    1;    20;    0.5862;    0.6503    0.6563;    0.543668;    0.0003;    01;
00:35 ;		 Axial;    183;    2;    2;    1;    21;    0.5854;    0.6447    0.7059;    0.497309;    0.0003;    02;
00:36 ;		 Axial;    183;    2;    2;    1;    22;    0.6137;    0.6435    0.7214;    0.510856;    0.0003;    03;
00:36 ;		 Axial;    183;    2;    2;    1;    23;    0.5853;    0.6408    0.6811;    0.538347;    0.0003;    04;
00:36 ;		 Axial;    184;    2;    2;    2;    00;    0.6680;    0.6937    0.5573;    0.494956;    0.0003;    00;
00:36 ;		 Axial;    184;    2;    2;    2;    01;    0.6814;    0.6895    0.6099;    0.507921;    0.0003;    00;
00:36 ;		 Axial;    184;    2;    2;    2;    02;    0.6866;    0.6852    0.6068;    0.537694;    0.0003;    00;
00:36 ;		 Axial;    184;    2;    2;    2;    03;    0.6680;    0.6814    0.6161;    0.541194;    0.0003;    01;
00:36 ;		 Axial;    184;    2;    2;    2;    04;    0.6603;    0.6767    0.6440;    0.522331;    0.0003;    00;
00:37 ;		 Axial;    184;    2;    2;    2;    05;    0.6549;    0.6720    0.6780;    0.516268;    0.0003;    00;
00:37 ;		 Axial;    184;    2;    2;    2;    06;    0.6557;    0.6687    0.6656;    0.508179;    0.0003;    00;
00:37 ;		 Axial;    184;    2;    2;    2;    07;    0.6354;    0.6661    0.6842;    0.489300;    0.0003;    01;
00:37 ;		 Axial;    184;    2;    2;    2;    08;    0.6213;    0.6638    0.6687;    0.525041;    0.0003;    00;
00:37 ;		 Axial;    184;    2;    2;    2;    09;    0.6223;    0.6638    0.6533;    0.537439;    0.0003;    01;
00:37 ;		 Axial;    184;    2;    2;    2;    10;    0.6182;    0.6597    0.6440;    0.552503;    0.0003;    02;
00:37 ;		 Axial;    184;    2;    2;    2;    11;    0.6086;    0.6599    0.6409;    0.567250;    0.0003;    03;
00:38 ;		 Axial;    184;    2;    2;    2;    12;    0.6383;    0.6593    0.6440;    0.555903;    0.0003;    04;
00:38 ;		 Axial;    185;    2;    2;    3;    00;    0.7263;    0.6907    0.5201;    0.526318;    0.001;    00;
00:38 ;		 Axial;    185;    2;    2;    3;    01;    0.6854;    0.6845    0.6471;    0.531368;    0.001;    00;
00:38 ;		 Axial;    185;    2;    2;    3;    02;    0.6657;    0.6708    0.6966;    0.528833;    0.001;    00;
00:38 ;		 Axial;    185;    2;    2;    3;    03;    0.6448;    0.6665    0.6811;    0.501992;    0.001;    00;
00:38 ;		 Axial;    185;    2;    2;    3;    04;    0.6271;    0.6642    0.6780;    0.460651;    0.001;    01;
00:38 ;		 Axial;    185;    2;    2;    3;    05;    0.5988;    0.6626    0.7152;    0.569834;    0.001;    02;
00:39 ;		 Axial;    185;    2;    2;    3;    06;    0.5961;    0.6567    0.6502;    0.565090;    0.001;    00;
00:39 ;		 Axial;    185;    2;    2;    3;    07;    0.6151;    0.6486    0.6409;    0.486932;    0.001;    01;
00:39 ;		 Axial;    185;    2;    2;    3;    08;    0.6255;    0.6420    0.6378;    0.542458;    0.001;    02;
00:39 ;		 Axial;    185;    2;    2;    3;    09;    0.5812;    0.6737    0.6316;    0.360805;    0.001;    03;
00:39 ;		 Axial;    185;    2;    2;    3;    10;    0.5630;    0.6803    0.6254;    0.682001;    0.001;    04;
01:12 ;		 Axial;    186;    2;    2;    4;    00;    0.7102;    0.6898    0.5882;    0.503427;    0.001;    00;
01:12 ;		 Axial;    186;    2;    2;    4;    01;    0.6602;    0.6766    0.6811;    0.542865;    0.001;    00;
01:13 ;		 Axial;    186;    2;    2;    4;    02;    0.6515;    0.6751    0.7059;    0.602253;    0.001;    00;
01:13 ;		 Axial;    186;    2;    2;    4;    03;    0.6290;    0.6682    0.6873;    0.594537;    0.001;    00;
01:13 ;		 Axial;    186;    2;    2;    4;    04;    0.6255;    0.6605    0.6347;    0.566201;    0.001;    01;
01:13 ;		 Axial;    186;    2;    2;    4;    05;    0.6031;    0.6514    0.6935;    0.548999;    0.001;    02;
01:13 ;		 Axial;    186;    2;    2;    4;    06;    0.5894;    0.6518    0.6904;    0.599727;    0.001;    03;
01:13 ;		 Axial;    186;    2;    2;    4;    07;    0.5870;    0.6539    0.6780;    0.535900;    0.001;    04;
00:44 ;		 Axial;    187;    3;    0;    1;    00;    0.6838;    0.7003    0.3498;    0.496061;    0.0003;    00;
00:45 ;		 Axial;    187;    3;    0;    1;    01;    0.7064;    0.6982    0.4520;    0.503180;    0.0003;    00;
00:45 ;		 Axial;    187;    3;    0;    1;    02;    0.6906;    0.6967    0.4830;    0.508694;    0.0003;    00;
00:45 ;		 Axial;    187;    3;    0;    1;    03;    0.6812;    0.6932    0.5232;    0.515992;    0.0003;    00;
00:45 ;		 Axial;    187;    3;    0;    1;    04;    0.6712;    0.6928    0.5325;    0.507395;    0.0003;    00;
00:45 ;		 Axial;    187;    3;    0;    1;    05;    0.6845;    0.6954    0.5356;    0.495170;    0.0003;    00;
00:45 ;		 Axial;    187;    3;    0;    1;    06;    0.6760;    0.7003    0.4923;    0.470402;    0.00015;    00;
00:45 ;		 Axial;    187;    3;    0;    1;    07;    0.6972;    0.6995    0.5046;    0.469370;    0.00015;    01;
00:46 ;		 Axial;    187;    3;    0;    1;    08;    0.6559;    0.6997    0.5015;    0.471032;    0.00015;    02;
00:46 ;		 Axial;    187;    3;    0;    1;    09;    0.6651;    0.6973    0.5263;    0.478204;    7.5e-05;    03;
00:46 ;		 Axial;    187;    3;    0;    1;    10;    0.6641;    0.6959    0.5356;    0.505296;    7.5e-05;    04;
00:46 ;		 Axial;    188;    3;    0;    2;    00;    0.6914;    0.6776    0.8390;    0.521199;    0.0003;    00;
00:46 ;		 Axial;    188;    3;    0;    2;    01;    0.6583;    0.6732    0.8638;    0.523643;    0.0003;    00;
00:46 ;		 Axial;    188;    3;    0;    2;    02;    0.6721;    0.6717    0.8297;    0.526483;    0.0003;    00;
00:46 ;		 Axial;    188;    3;    0;    2;    03;    0.6684;    0.6737    0.7461;    0.510628;    0.0003;    01;
00:47 ;		 Axial;    188;    3;    0;    2;    04;    0.6644;    0.6789    0.6811;    0.499972;    0.0003;    02;
00:47 ;		 Axial;    188;    3;    0;    2;    05;    0.6473;    0.6755    0.6811;    0.499255;    0.00015;    03;
00:47 ;		 Axial;    188;    3;    0;    2;    06;    0.6483;    0.6692    0.6935;    0.502636;    0.00015;    04;
00:47 ;		 Axial;    189;    3;    0;    3;    00;    0.7103;    0.6914    0.6780;    0.471692;    0.001;    00;
00:47 ;		 Axial;    189;    3;    0;    3;    01;    0.6606;    0.6742    0.7771;    0.510789;    0.001;    00;
00:47 ;		 Axial;    189;    3;    0;    3;    02;    0.6631;    0.6624    0.7926;    0.568431;    0.001;    00;
00:47 ;		 Axial;    189;    3;    0;    3;    03;    0.6551;    0.6510    0.7461;    0.525585;    0.001;    00;
00:48 ;		 Axial;    189;    3;    0;    3;    04;    0.6444;    0.6348    0.7399;    0.541107;    0.001;    01;
00:48 ;		 Axial;    189;    3;    0;    3;    05;    0.6509;    0.6439    0.6997;    0.459234;    0.001;    02;
00:48 ;		 Axial;    189;    3;    0;    3;    06;    0.6383;    0.6424    0.7090;    0.473027;    0.001;    03;
00:48 ;		 Axial;    189;    3;    0;    3;    07;    0.5854;    0.6143    0.7585;    0.588325;    0.001;    04;
00:48 ;		 Axial;    190;    3;    0;    4;    00;    0.7083;    0.6939    0.4489;    0.512350;    0.001;    00;
00:48 ;		 Axial;    190;    3;    0;    4;    01;    0.6802;    0.6937    0.4830;    0.546848;    0.001;    00;
00:48 ;		 Axial;    190;    3;    0;    4;    02;    0.6751;    0.6863    0.5820;    0.530182;    0.001;    00;
00:49 ;		 Axial;    190;    3;    0;    4;    03;    0.6579;    0.6716    0.6749;    0.520055;    0.001;    00;
00:49 ;		 Axial;    190;    3;    0;    4;    04;    0.6545;    0.6698    0.6440;    0.507018;    0.001;    00;
00:49 ;		 Axial;    190;    3;    0;    4;    05;    0.6397;    0.6818    0.6099;    0.456745;    0.001;    01;
00:49 ;		 Axial;    190;    3;    0;    4;    06;    0.6430;    0.6946    0.5944;    0.437875;    0.001;    02;
00:49 ;		 Axial;    190;    3;    0;    4;    07;    0.6029;    0.6989    0.6068;    0.406208;    0.0005;    03;
00:49 ;		 Axial;    190;    3;    0;    4;    08;    0.5952;    0.6838    0.5944;    0.476916;    0.0005;    04;
00:50 ;		 Axial;    191;    3;    1;    1;    00;    0.6986;    0.7022    0.2508;    inf;    0.0003;    00;
00:50 ;		 Axial;    191;    3;    1;    1;    01;    0.7190;    0.7031    0.3437;    inf;    0.0003;    00;
00:50 ;		 Axial;    191;    3;    1;    1;    02;    0.7011;    0.7024    0.3963;    0.517232;    0.0003;    00;
00:50 ;		 Axial;    191;    3;    1;    1;    03;    0.6815;    0.7008    0.4489;    0.562489;    0.0003;    00;
00:50 ;		 Axial;    191;    3;    1;    1;    04;    0.6808;    0.7000    0.4768;    0.577749;    0.0003;    00;
00:50 ;		 Axial;    191;    3;    1;    1;    05;    0.6710;    0.6966    0.5015;    0.583403;    0.0003;    00;
00:50 ;		 Axial;    191;    3;    1;    1;    06;    0.6780;    0.6924    0.5511;    0.567259;    0.0003;    00;
00:50 ;		 Axial;    191;    3;    1;    1;    07;    0.6661;    0.6889    0.5697;    0.584402;    0.0003;    00;
00:51 ;		 Axial;    191;    3;    1;    1;    08;    0.6623;    0.6853    0.5820;    0.581707;    0.0003;    00;
00:51 ;		 Axial;    191;    3;    1;    1;    09;    0.6856;    0.6871    0.5882;    0.599770;    0.0003;    00;
00:51 ;		 Axial;    191;    3;    1;    1;    10;    0.6520;    0.6903    0.5851;    0.620574;    0.0003;    00;
00:51 ;		 Axial;    191;    3;    1;    1;    11;    0.6528;    0.6865    0.5944;    0.514205;    0.00015;    01;
00:51 ;		 Axial;    191;    3;    1;    1;    12;    0.6666;    0.6836    0.6006;    0.512944;    0.00015;    00;
00:51 ;		 Axial;    191;    3;    1;    1;    13;    0.6433;    0.6813    0.6099;    0.600229;    0.00015;    00;
00:51 ;		 Axial;    191;    3;    1;    1;    14;    0.6522;    0.6806    0.6068;    0.609319;    0.00015;    00;
00:52 ;		 Axial;    191;    3;    1;    1;    15;    0.6654;    0.6757    0.6223;    0.607089;    0.00015;    01;
00:52 ;		 Axial;    191;    3;    1;    1;    16;    0.6371;    0.6716    0.6223;    0.596261;    0.00015;    00;
00:52 ;		 Axial;    191;    3;    1;    1;    17;    0.6431;    0.6751    0.6316;    0.618604;    0.00015;    01;
00:52 ;		 Axial;    191;    3;    1;    1;    18;    0.6372;    0.6744    0.6316;    0.623045;    0.00015;    00;
00:52 ;		 Axial;    191;    3;    1;    1;    19;    0.6369;    0.6763    0.6192;    0.634047;    7.5e-05;    01;
00:52 ;		 Axial;    191;    3;    1;    1;    20;    0.6239;    0.6769    0.6161;    0.633311;    7.5e-05;    02;
00:52 ;		 Axial;    191;    3;    1;    1;    21;    0.6326;    0.6733    0.6285;    0.628973;    7.5e-05;    03;
00:52 ;		 Axial;    191;    3;    1;    1;    22;    0.6193;    0.6687    0.6347;    0.527108;    7.5e-05;    04;
00:53 ;		 Axial;    191;    3;    1;    1;    23;    0.6344;    0.6660    0.6347;    0.524654;    7.5e-05;    00;
00:53 ;		 Axial;    191;    3;    1;    1;    24;    0.6288;    0.6656    0.6347;    0.533724;    7.5e-05;    01;
00:53 ;		 Axial;    191;    3;    1;    1;    25;    0.6349;    0.6636    0.6347;    0.534518;    7.5e-05;    02;
00:53 ;		 Axial;    191;    3;    1;    1;    26;    0.6446;    0.6608    0.6409;    0.625402;    7.5e-05;    03;
00:53 ;		 Axial;    191;    3;    1;    1;    27;    0.6173;    0.6621    0.6409;    0.635122;    7.5e-05;    00;
00:53 ;		 Axial;    191;    3;    1;    1;    28;    0.6556;    0.6592    0.6471;    0.532437;    7.5e-05;    01;
00:53 ;		 Axial;    191;    3;    1;    1;    29;    0.6227;    0.6570    0.6563;    0.529679;    7.5e-05;    00;
00:54 ;		 Axial;    192;    3;    1;    2;    00;    0.6785;    0.6891    0.7090;    0.497676;    0.0003;    00;
00:54 ;		 Axial;    192;    3;    1;    2;    01;    0.6682;    0.6849    0.6997;    0.506731;    0.0003;    00;
00:54 ;		 Axial;    192;    3;    1;    2;    02;    0.6819;    0.6790    0.6563;    0.527215;    0.0003;    01;
00:54 ;		 Axial;    192;    3;    1;    2;    03;    0.6904;    0.6732    0.6409;    0.546370;    0.0003;    02;
00:54 ;		 Axial;    192;    3;    1;    2;    04;    0.6536;    0.6685    0.6594;    0.567579;    0.0003;    03;
00:54 ;		 Axial;    192;    3;    1;    2;    05;    0.6361;    0.6685    0.6625;    0.568209;    0.0003;    04;
00:54 ;		 Axial;    193;    3;    1;    3;    00;    0.7178;    0.6843    0.6811;    0.513776;    0.001;    00;
00:55 ;		 Axial;    193;    3;    1;    3;    01;    0.6874;    0.6759    0.6749;    0.521217;    0.001;    00;
00:55 ;		 Axial;    193;    3;    1;    3;    02;    0.6670;    0.6716    0.6625;    0.562547;    0.001;    01;
00:55 ;		 Axial;    193;    3;    1;    3;    03;    0.6738;    0.6719    0.6502;    0.579025;    0.001;    02;
00:55 ;		 Axial;    193;    3;    1;    3;    04;    0.6524;    0.6823    0.6223;    0.591171;    0.001;    03;
00:55 ;		 Axial;    193;    3;    1;    3;    05;    0.6451;    0.6934    0.6037;    0.659969;    0.0005;    04;
00:55 ;		 Axial;    194;    3;    1;    4;    00;    0.7048;    0.6954    0.4675;    0.535231;    0.001;    00;
00:55 ;		 Axial;    194;    3;    1;    4;    01;    0.6893;    0.6846    0.6037;    0.569620;    0.001;    00;
00:56 ;		 Axial;    194;    3;    1;    4;    02;    0.6570;    0.6766    0.6316;    0.591392;    0.001;    00;
00:56 ;		 Axial;    194;    3;    1;    4;    03;    0.6557;    0.6700    0.6316;    0.514472;    0.001;    00;
00:56 ;		 Axial;    194;    3;    1;    4;    04;    0.6494;    0.6727    0.5944;    0.619333;    0.001;    01;
00:56 ;		 Axial;    194;    3;    1;    4;    05;    0.6665;    0.6651    0.6625;    0.430913;    0.001;    02;
00:56 ;		 Axial;    194;    3;    1;    4;    06;    0.6219;    0.6565    0.6533;    0.479393;    0.001;    00;
00:56 ;		 Axial;    194;    3;    1;    4;    07;    0.6327;    0.6527    0.6749;    0.508183;    0.001;    01;
00:56 ;		 Axial;    194;    3;    1;    4;    08;    0.6238;    0.6560    0.6471;    0.538135;    0.001;    00;
00:57 ;		 Axial;    194;    3;    1;    4;    09;    0.6229;    0.6501    0.6780;    0.553634;    0.001;    01;
00:57 ;		 Axial;    194;    3;    1;    4;    10;    0.6189;    0.6323    0.7337;    0.520760;    0.001;    00;
00:57 ;		 Axial;    194;    3;    1;    4;    11;    0.5875;    0.6385    0.6935;    0.492017;    0.001;    00;
00:57 ;		 Axial;    194;    3;    1;    4;    12;    0.5867;    0.6679    0.6563;    0.414318;    0.001;    01;
00:57 ;		 Axial;    194;    3;    1;    4;    13;    0.5496;    0.6734    0.6192;    0.550767;    0.0005;    02;
00:57 ;		 Axial;    194;    3;    1;    4;    14;    0.5168;    0.6555    0.7059;    0.453459;    0.0005;    03;
00:57 ;		 Axial;    194;    3;    1;    4;    15;    0.5316;    0.6203    0.7152;    0.670892;    0.0005;    04;
00:58 ;		 Axial;    195;    3;    2;    1;    00;    0.6928;    0.6837    0.7214;    0.506408;    0.0003;    00;
00:58 ;		 Axial;    195;    3;    2;    1;    01;    0.6867;    0.6814    0.6594;    0.522186;    0.0003;    00;
00:58 ;		 Axial;    195;    3;    2;    1;    02;    0.6891;    0.6779    0.6563;    0.546649;    0.0003;    01;
00:58 ;		 Axial;    195;    3;    2;    1;    03;    0.6577;    0.6772    0.6625;    0.571731;    0.0003;    02;
00:58 ;		 Axial;    195;    3;    2;    1;    04;    0.6492;    0.6746    0.6687;    0.594015;    0.0003;    03;
00:58 ;		 Axial;    195;    3;    2;    1;    05;    0.6466;    0.6765    0.6502;    0.624886;    0.0003;    04;
00:58 ;		 Axial;    196;    3;    2;    2;    00;    0.7150;    0.6856    0.7368;    0.516421;    0.0003;    00;
00:58 ;		 Axial;    196;    3;    2;    2;    01;    0.6843;    0.6839    0.6749;    0.519213;    0.0003;    00;
00:58 ;		 Axial;    196;    3;    2;    2;    02;    0.6706;    0.6802    0.6502;    0.545695;    0.0003;    01;
00:59 ;		 Axial;    196;    3;    2;    2;    03;    0.6669;    0.6767    0.6656;    0.565028;    0.0003;    02;
00:59 ;		 Axial;    196;    3;    2;    2;    04;    0.6494;    0.6772    0.6656;    0.602101;    0.0003;    03;
00:59 ;		 Axial;    196;    3;    2;    2;    05;    0.6425;    0.6751    0.6656;    0.610195;    0.0003;    04;
00:59 ;		 Axial;    197;    3;    2;    3;    00;    0.7050;    0.6918    0.7152;    0.477002;    0.001;    00;
00:59 ;		 Axial;    197;    3;    2;    3;    01;    0.6543;    0.6827    0.6749;    0.500238;    0.001;    00;
00:59 ;		 Axial;    197;    3;    2;    3;    02;    0.6631;    0.6756    0.6563;    0.542657;    0.001;    01;
00:59 ;		 Axial;    197;    3;    2;    3;    03;    0.6604;    0.6782    0.6440;    0.579014;    0.001;    02;
00:59 ;		 Axial;    197;    3;    2;    3;    04;    0.6423;    0.6922    0.6161;    0.652116;    0.001;    03;
01:00 ;		 Axial;    197;    3;    2;    3;    05;    0.6271;    0.6804    0.6316;    0.645795;    0.0005;    04;
01:00 ;		 Axial;    198;    3;    2;    4;    00;    0.6940;    0.6892    0.6316;    0.511899;    0.001;    00;
01:00 ;		 Axial;    198;    3;    2;    4;    01;    0.6668;    0.6792    0.6409;    0.570921;    0.001;    00;
01:00 ;		 Axial;    198;    3;    2;    4;    02;    0.6788;    0.6886    0.6347;    0.657489;    0.001;    00;
01:00 ;		 Axial;    198;    3;    2;    4;    03;    0.6494;    0.6826    0.6502;    0.658727;    0.001;    01;
01:00 ;		 Axial;    198;    3;    2;    4;    04;    0.6297;    0.6684    0.6656;    0.661316;    0.001;    00;
01:00 ;		 Axial;    198;    3;    2;    4;    05;    0.6144;    0.6576    0.6687;    0.643293;    0.001;    00;
01:00 ;		 Axial;    198;    3;    2;    4;    06;    0.6242;    0.6474    0.6842;    0.617178;    0.001;    00;
01:01 ;		 Axial;    198;    3;    2;    4;    07;    0.6086;    0.6404    0.7214;    0.554086;    0.001;    00;
01:01 ;		 Axial;    198;    3;    2;    4;    08;    0.6153;    0.6335    0.7028;    0.645267;    0.001;    00;
01:01 ;		 Axial;    198;    3;    2;    4;    09;    0.5944;    0.6618    0.6687;    0.719763;    0.001;    01;
01:01 ;		 Axial;    198;    3;    2;    4;    10;    0.5937;    0.7106    0.6533;    0.769346;    0.001;    02;
01:01 ;		 Axial;    198;    3;    2;    4;    11;    0.5645;    0.6805    0.6594;    0.777588;    0.0005;    03;
01:01 ;		 Axial;    198;    3;    2;    4;    12;    0.5414;    0.6558    0.6656;    0.735225;    0.0005;    04;
01:16 ;		 Axial;    199;    4;    0;    1;    00;    0.7121;    0.6974    0.3406;    0.510690;    0.0003;    00;
01:16 ;		 Axial;    199;    4;    0;    1;    01;    0.7002;    0.6949    0.4520;    0.515126;    0.0003;    00;
01:16 ;		 Axial;    199;    4;    0;    1;    02;    0.7011;    0.6919    0.5015;    0.525541;    0.0003;    00;
01:16 ;		 Axial;    199;    4;    0;    1;    03;    0.6824;    0.6908    0.5077;    0.542984;    0.0003;    00;
01:17 ;		 Axial;    199;    4;    0;    1;    04;    0.6863;    0.6890    0.5232;    0.554180;    0.0003;    00;
01:17 ;		 Axial;    199;    4;    0;    1;    05;    0.6652;    0.6859    0.5573;    0.554377;    0.0003;    00;
01:17 ;		 Axial;    199;    4;    0;    1;    06;    0.6701;    0.6817    0.5882;    0.548018;    0.0003;    00;
01:17 ;		 Axial;    199;    4;    0;    1;    07;    0.6774;    0.6779    0.6068;    0.506771;    0.0003;    00;
01:17 ;		 Axial;    199;    4;    0;    1;    08;    0.6627;    0.6743    0.6471;    0.493414;    0.0003;    00;
01:17 ;		 Axial;    199;    4;    0;    1;    09;    0.6648;    0.6684    0.6440;    0.516454;    0.0003;    00;
01:17 ;		 Axial;    199;    4;    0;    1;    10;    0.6690;    0.6643    0.6502;    0.496489;    0.0003;    01;
01:18 ;		 Axial;    199;    4;    0;    1;    11;    0.6459;    0.6630    0.6502;    0.495921;    0.0003;    00;
01:18 ;		 Axial;    199;    4;    0;    1;    12;    0.6384;    0.6630    0.6471;    0.516599;    0.0003;    01;
01:18 ;		 Axial;    199;    4;    0;    1;    13;    0.6314;    0.6702    0.6099;    0.528008;    0.0003;    02;
01:18 ;		 Axial;    199;    4;    0;    1;    14;    0.6268;    0.6731    0.5820;    0.503375;    0.00015;    03;
01:18 ;		 Axial;    199;    4;    0;    1;    15;    0.6424;    0.6656    0.6130;    0.496819;    0.00015;    04;
01:18 ;		 Axial;    200;    4;    0;    2;    00;    0.7132;    0.6874    0.6594;    0.505020;    0.0003;    00;
01:18 ;		 Axial;    200;    4;    0;    2;    01;    0.6905;    0.6842    0.6811;    0.476766;    0.0003;    00;
01:19 ;		 Axial;    200;    4;    0;    2;    02;    0.6782;    0.6798    0.7028;    0.466714;    0.0003;    00;
01:19 ;		 Axial;    200;    4;    0;    2;    03;    0.6717;    0.6721    0.6873;    0.466582;    0.0003;    00;
01:19 ;		 Axial;    200;    4;    0;    2;    04;    0.6598;    0.6639    0.6780;    0.558113;    0.0003;    01;
01:19 ;		 Axial;    200;    4;    0;    2;    05;    0.6714;    0.6594    0.6749;    0.524087;    0.0003;    02;
01:19 ;		 Axial;    200;    4;    0;    2;    06;    0.6377;    0.6577    0.6811;    0.496475;    0.0003;    03;
01:19 ;		 Axial;    200;    4;    0;    2;    07;    0.6584;    0.6594    0.6563;    0.620671;    0.0003;    04;
01:19 ;		 Axial;    201;    4;    0;    3;    00;    0.6984;    0.6880    0.5759;    0.526579;    0.001;    00;
01:19 ;		 Axial;    201;    4;    0;    3;    01;    0.6716;    0.6865    0.5294;    0.486507;    0.001;    00;
01:20 ;		 Axial;    201;    4;    0;    3;    02;    0.6686;    0.6810    0.5573;    0.458582;    0.001;    01;
01:20 ;		 Axial;    201;    4;    0;    3;    03;    0.6455;    0.6767    0.5697;    0.428704;    0.001;    02;
01:20 ;		 Axial;    201;    4;    0;    3;    04;    0.6408;    0.6694    0.6130;    0.523798;    0.001;    03;
01:20 ;		 Axial;    201;    4;    0;    3;    05;    0.6147;    0.6570    0.6594;    0.492258;    0.001;    00;
01:20 ;		 Axial;    201;    4;    0;    3;    06;    0.6279;    0.6674    0.7121;    0.522844;    0.001;    00;
01:20 ;		 Axial;    201;    4;    0;    3;    07;    0.6054;    0.6372    0.6873;    0.503603;    0.001;    00;
01:20 ;		 Axial;    201;    4;    0;    3;    08;    0.6037;    0.6535    0.6687;    0.512182;    0.001;    01;
01:21 ;		 Axial;    201;    4;    0;    3;    09;    0.6027;    0.6786    0.6440;    0.462846;    0.001;    02;
01:21 ;		 Axial;    201;    4;    0;    3;    10;    0.5925;    0.6661    0.6656;    0.427858;    0.0005;    03;
01:21 ;		 Axial;    201;    4;    0;    3;    11;    0.5783;    0.6449    0.6656;    0.659185;    0.0005;    04;
01:21 ;		 Axial;    202;    4;    0;    4;    00;    0.7152;    0.6856    0.6656;    0.530411;    0.001;    00;
01:21 ;		 Axial;    202;    4;    0;    4;    01;    0.6765;    0.6798    0.6625;    0.520895;    0.001;    00;
01:21 ;		 Axial;    202;    4;    0;    4;    02;    0.6613;    0.6682    0.6625;    0.544312;    0.001;    01;
01:21 ;		 Axial;    202;    4;    0;    4;    03;    0.6531;    0.6565    0.6966;    0.528714;    0.001;    02;
01:21 ;		 Axial;    202;    4;    0;    4;    04;    0.6947;    0.6512    0.7059;    0.530752;    0.001;    00;
01:22 ;		 Axial;    202;    4;    0;    4;    05;    0.6407;    0.6421    0.7214;    0.504472;    0.001;    00;
01:22 ;		 Axial;    202;    4;    0;    4;    06;    0.6641;    0.6406    0.7028;    0.620976;    0.001;    00;
01:22 ;		 Axial;    202;    4;    0;    4;    07;    0.6271;    0.6447    0.7399;    0.454104;    0.001;    01;
01:22 ;		 Axial;    202;    4;    0;    4;    08;    0.6262;    0.6278    0.7399;    0.528806;    0.001;    00;
01:22 ;		 Axial;    202;    4;    0;    4;    09;    0.6084;    0.6523    0.6749;    0.656059;    0.001;    01;
01:22 ;		 Axial;    202;    4;    0;    4;    10;    0.5957;    0.6494    0.6625;    0.573495;    0.001;    02;
01:22 ;		 Axial;    202;    4;    0;    4;    11;    0.5781;    0.6850    0.6347;    0.447969;    0.0005;    03;
01:23 ;		 Axial;    202;    4;    0;    4;    12;    0.5997;    0.7060    0.6594;    0.362837;    0.0005;    04;
01:23 ;		 Axial;    203;    4;    1;    1;    00;    0.7021;    0.6949    0.3158;    0.507636;    0.0003;    00;
01:23 ;		 Axial;    203;    4;    1;    1;    01;    0.6806;    0.6921    0.5449;    0.511331;    0.0003;    00;
01:23 ;		 Axial;    203;    4;    1;    1;    02;    0.6928;    0.6913    0.5170;    0.516678;    0.0003;    00;
01:23 ;		 Axial;    203;    4;    1;    1;    03;    0.6626;    0.6914    0.5170;    0.509147;    0.0003;    01;
01:23 ;		 Axial;    203;    4;    1;    1;    04;    0.6627;    0.6931    0.5077;    0.510355;    0.0003;    02;
01:23 ;		 Axial;    203;    4;    1;    1;    05;    0.6574;    0.6934    0.5139;    0.478303;    0.00015;    03;
01:23 ;		 Axial;    203;    4;    1;    1;    06;    0.6300;    0.6925    0.5263;    0.472700;    0.00015;    04;
01:24 ;		 Axial;    204;    4;    1;    2;    00;    0.7108;    0.6995    0.5170;    0.462986;    0.0003;    00;
01:24 ;		 Axial;    204;    4;    1;    2;    01;    0.6786;    0.6979    0.4365;    0.488109;    0.0003;    00;
01:24 ;		 Axial;    204;    4;    1;    2;    02;    0.6755;    0.6961    0.4241;    0.500384;    0.0003;    01;
01:24 ;		 Axial;    204;    4;    1;    2;    03;    0.6847;    0.6986    0.4118;    0.495189;    0.0003;    02;
01:24 ;		 Axial;    204;    4;    1;    2;    04;    0.6717;    0.7000    0.4272;    0.489138;    0.0003;    03;
01:24 ;		 Axial;    204;    4;    1;    2;    05;    0.6801;    0.7014    0.4272;    0.480471;    0.00015;    04;
01:24 ;		 Axial;    205;    4;    1;    3;    00;    0.7207;    0.7026    0.2848;    inf;    0.001;    00;
01:25 ;		 Axial;    205;    4;    1;    3;    01;    0.7046;    0.7001    0.4118;    0.484491;    0.001;    00;
01:25 ;		 Axial;    205;    4;    1;    3;    02;    0.6726;    0.6990    0.4737;    0.513242;    0.001;    00;
01:25 ;		 Axial;    205;    4;    1;    3;    03;    0.6566;    0.7024    0.4892;    0.518694;    0.001;    00;
01:25 ;		 Axial;    205;    4;    1;    3;    04;    0.6571;    0.7006    0.4892;    0.482653;    0.001;    00;
01:25 ;		 Axial;    205;    4;    1;    3;    05;    0.6215;    0.7108    0.4520;    0.419665;    0.0005;    01;
01:25 ;		 Axial;    205;    4;    1;    3;    06;    0.5978;    0.7041    0.4706;    0.459368;    0.0005;    02;
01:25 ;		 Axial;    205;    4;    1;    3;    07;    0.5780;    0.7200    0.4675;    0.494178;    0.0005;    03;
01:25 ;		 Axial;    205;    4;    1;    3;    08;    0.5905;    0.7098    0.4830;    0.431549;    0.00025;    04;
01:26 ;		 Axial;    206;    4;    1;    4;    00;    0.7001;    0.6913    0.5728;    0.499183;    0.001;    00;
01:26 ;		 Axial;    206;    4;    1;    4;    01;    0.6716;    0.6912    0.5201;    0.522369;    0.001;    00;
01:26 ;		 Axial;    206;    4;    1;    4;    02;    0.6622;    0.6922    0.5263;    0.556348;    0.001;    01;
01:26 ;		 Axial;    206;    4;    1;    4;    03;    0.6642;    0.6896    0.5294;    0.586595;    0.001;    02;
01:26 ;		 Axial;    206;    4;    1;    4;    04;    0.6287;    0.6920    0.5201;    0.507382;    0.001;    03;
01:26 ;		 Axial;    206;    4;    1;    4;    05;    0.6283;    0.6832    0.5820;    0.515971;    0.001;    04;
01:26 ;		 Axial;    206;    4;    1;    4;    06;    0.6062;    0.6972    0.5263;    0.456649;    0.001;    00;
01:27 ;		 Axial;    206;    4;    1;    4;    07;    0.5629;    0.7019    0.5263;    0.402797;    0.001;    01;
01:27 ;		 Axial;    206;    4;    1;    4;    08;    0.5761;    0.7181    0.5387;    0.474168;    0.0005;    02;
01:27 ;		 Axial;    206;    4;    1;    4;    09;    0.5334;    0.7239    0.4985;    0.354543;    0.0005;    03;
01:27 ;		 Axial;    206;    4;    1;    4;    10;    0.4718;    0.7319    0.5108;    0.396529;    0.0005;    04;
01:27 ;		 Axial;    207;    4;    2;    1;    00;    0.7223;    0.6929    0.5154;    0.525017;    0.0003;    00;
01:27 ;		 Axial;    207;    4;    2;    1;    01;    0.6965;    0.6893    0.6173;    0.531925;    0.0003;    00;
01:27 ;		 Axial;    207;    4;    2;    1;    02;    0.6977;    0.6834    0.6975;    0.552584;    0.0003;    00;
01:27 ;		 Axial;    207;    4;    2;    1;    03;    0.6850;    0.6754    0.7500;    0.539855;    0.0003;    00;
01:27 ;		 Axial;    207;    4;    2;    1;    04;    0.6987;    0.6673    0.7932;    0.547924;    0.0003;    00;
01:28 ;		 Axial;    207;    4;    2;    1;    05;    0.6713;    0.6596    0.8302;    0.538030;    0.0003;    00;
01:28 ;		 Axial;    207;    4;    2;    1;    06;    0.6814;    0.6525    0.8457;    0.540796;    0.0003;    00;
01:28 ;		 Axial;    207;    4;    2;    1;    07;    0.7003;    0.6450    0.8642;    0.526277;    0.0003;    00;
01:28 ;		 Axial;    207;    4;    2;    1;    08;    0.6621;    0.6417    0.8673;    0.536358;    0.0003;    00;
01:28 ;		 Axial;    207;    4;    2;    1;    09;    0.6779;    0.6373    0.8858;    0.520998;    0.0003;    00;
01:28 ;		 Axial;    207;    4;    2;    1;    10;    0.6701;    0.6359    0.8611;    0.547015;    0.0003;    00;
01:28 ;		 Axial;    207;    4;    2;    1;    11;    0.6621;    0.6293    0.8704;    0.528441;    0.0003;    01;
01:29 ;		 Axial;    207;    4;    2;    1;    12;    0.6814;    0.6237    0.8765;    0.529322;    0.0003;    02;
01:29 ;		 Axial;    207;    4;    2;    1;    13;    0.6831;    0.6311    0.8457;    0.579210;    0.0003;    03;
01:29 ;		 Axial;    207;    4;    2;    1;    14;    0.6568;    0.6261    0.8364;    0.596675;    0.0003;    04;
01:29 ;		 Axial;    208;    4;    2;    2;    00;    0.7193;    0.6936    0.7006;    0.467912;    0.0003;    00;
01:29 ;		 Axial;    208;    4;    2;    2;    01;    0.7216;    0.6862    0.7932;    0.466499;    0.0003;    00;
01:29 ;		 Axial;    208;    4;    2;    2;    02;    0.7087;    0.6783    0.7716;    0.474413;    0.0003;    00;
01:29 ;		 Axial;    208;    4;    2;    2;    03;    0.6908;    0.6718    0.7716;    0.505358;    0.0003;    01;
01:29 ;		 Axial;    208;    4;    2;    2;    04;    0.6953;    0.6667    0.7963;    0.501321;    0.0003;    02;
01:29 ;		 Axial;    208;    4;    2;    2;    05;    0.6926;    0.6606    0.8580;    0.494865;    0.0003;    00;
01:30 ;		 Axial;    208;    4;    2;    2;    06;    0.6865;    0.6562    0.8673;    0.505937;    0.0003;    00;
01:30 ;		 Axial;    208;    4;    2;    2;    07;    0.6821;    0.6540    0.8735;    0.525800;    0.0003;    00;
01:30 ;		 Axial;    208;    4;    2;    2;    08;    0.6857;    0.6515    0.8765;    0.522094;    0.0003;    00;
01:30 ;		 Axial;    208;    4;    2;    2;    09;    0.6700;    0.6480    0.8858;    0.511536;    0.0003;    00;
01:30 ;		 Axial;    208;    4;    2;    2;    10;    0.6646;    0.6426    0.8796;    0.530202;    0.0003;    00;
01:30 ;		 Axial;    208;    4;    2;    2;    11;    0.6720;    0.6381    0.8858;    0.532540;    0.0003;    01;
01:30 ;		 Axial;    208;    4;    2;    2;    12;    0.6581;    0.6349    0.8889;    0.557910;    0.0003;    02;
01:31 ;		 Axial;    208;    4;    2;    2;    13;    0.6749;    0.6291    0.8889;    0.547721;    0.0003;    00;
01:31 ;		 Axial;    208;    4;    2;    2;    14;    0.6652;    0.6245    0.8951;    0.537675;    0.0003;    01;
01:31 ;		 Axial;    208;    4;    2;    2;    15;    0.6541;    0.6197    0.9012;    0.518764;    0.0003;    00;
01:31 ;		 Axial;    208;    4;    2;    2;    16;    0.6680;    0.6200    0.8858;    0.513665;    0.0003;    00;
01:31 ;		 Axial;    208;    4;    2;    2;    17;    0.6532;    0.6187    0.8889;    0.514509;    0.0003;    01;
01:31 ;		 Axial;    208;    4;    2;    2;    18;    0.6371;    0.6177    0.8796;    0.558081;    0.0003;    02;
01:31 ;		 Axial;    208;    4;    2;    2;    19;    0.6659;    0.6173    0.8889;    0.564252;    0.0003;    03;
01:31 ;		 Axial;    208;    4;    2;    2;    20;    0.6284;    0.6163    0.8858;    0.583812;    0.0003;    04;
01:31 ;		 Axial;    209;    4;    2;    3;    00;    0.7067;    0.6736    0.7870;    0.516008;    0.001;    00;
01:32 ;		 Axial;    209;    4;    2;    3;    01;    0.6861;    0.6676    0.8302;    0.458909;    0.001;    00;
01:32 ;		 Axial;    209;    4;    2;    3;    02;    0.6892;    0.6428    0.8765;    0.506667;    0.001;    00;
01:32 ;		 Axial;    209;    4;    2;    3;    03;    0.6635;    0.6486    0.8333;    0.548064;    0.001;    00;
01:32 ;		 Axial;    209;    4;    2;    3;    04;    0.6759;    0.6274    0.8426;    0.579978;    0.001;    01;
01:32 ;		 Axial;    209;    4;    2;    3;    05;    0.6836;    0.6015    0.8704;    0.492608;    0.001;    02;
01:32 ;		 Axial;    209;    4;    2;    3;    06;    0.6689;    0.5923    0.8580;    0.506384;    0.001;    03;
01:32 ;		 Axial;    209;    4;    2;    3;    07;    0.6356;    0.5894    0.8704;    0.522455;    0.001;    04;
01:33 ;		 Axial;    210;    4;    2;    4;    00;    0.7037;    0.6854    0.7500;    0.512944;    0.001;    00;
01:33 ;		 Axial;    210;    4;    2;    4;    01;    0.6694;    0.6751    0.8056;    0.520355;    0.001;    00;
01:33 ;		 Axial;    210;    4;    2;    4;    02;    0.6697;    0.6564    0.8426;    0.528013;    0.001;    00;
01:33 ;		 Axial;    210;    4;    2;    4;    03;    0.7027;    0.6379    0.8457;    0.496746;    0.001;    00;
01:33 ;		 Axial;    210;    4;    2;    4;    04;    0.6605;    0.6297    0.8673;    0.521979;    0.001;    00;
01:33 ;		 Axial;    210;    4;    2;    4;    05;    0.6698;    0.6191    0.8704;    0.481345;    0.001;    00;
01:33 ;		 Axial;    210;    4;    2;    4;    06;    0.6572;    0.6261    0.8765;    0.502927;    0.001;    00;
01:33 ;		 Axial;    210;    4;    2;    4;    07;    0.6501;    0.6179    0.8796;    0.495444;    0.001;    00;
01:34 ;		 Axial;    210;    4;    2;    4;    08;    0.6655;    0.6033    0.8827;    0.519685;    0.001;    00;
01:34 ;		 Axial;    210;    4;    2;    4;    09;    0.6249;    0.5959    0.8642;    0.567403;    0.001;    00;
01:34 ;		 Axial;    210;    4;    2;    4;    10;    0.6402;    0.5935    0.8704;    0.530203;    0.001;    01;
01:34 ;		 Axial;    210;    4;    2;    4;    11;    0.6254;    0.5890    0.8549;    0.534004;    0.001;    02;
01:34 ;		 Axial;    210;    4;    2;    4;    12;    0.6180;    0.6474    0.8611;    0.258262;    0.001;    03;
01:34 ;		 Axial;    210;    4;    2;    4;    13;    0.6240;    0.5519    0.8704;    0.482070;    0.001;    04;
01:39 ;		 Coronal;    211;    0;    0;    1;    00;    0.7177;    0.6897    0.6347;    0.520232;    0.0003;    00;
01:39 ;		 Coronal;    211;    0;    0;    1;    01;    0.6826;    0.6845    0.6502;    0.535936;    0.0003;    00;
01:40 ;		 Coronal;    211;    0;    0;    1;    02;    0.6812;    0.6813    0.6533;    0.542571;    0.0003;    00;
01:40 ;		 Coronal;    211;    0;    0;    1;    03;    0.6603;    0.6789    0.6440;    0.569818;    0.0003;    00;
01:40 ;		 Coronal;    211;    0;    0;    1;    04;    0.6715;    0.6757    0.6440;    0.565922;    0.0003;    01;
01:40 ;		 Coronal;    211;    0;    0;    1;    05;    0.6620;    0.6730    0.6502;    0.561603;    0.0003;    02;
01:40 ;		 Coronal;    211;    0;    0;    1;    06;    0.6579;    0.6721    0.6656;    0.552684;    0.0003;    03;
01:40 ;		 Coronal;    211;    0;    0;    1;    07;    0.6520;    0.6723    0.6656;    0.490658;    0.0003;    00;
01:41 ;		 Coronal;    211;    0;    0;    1;    08;    0.6702;    0.6740    0.6285;    0.474344;    0.0003;    01;
01:41 ;		 Coronal;    211;    0;    0;    1;    09;    0.6540;    0.6740    0.6285;    0.516789;    0.00015;    02;
01:41 ;		 Coronal;    211;    0;    0;    1;    10;    0.6632;    0.6742    0.6223;    0.511868;    0.00015;    03;
01:41 ;		 Coronal;    211;    0;    0;    1;    11;    0.6370;    0.6739    0.6347;    0.512316;    0.00015;    04;
01:41 ;		 Coronal;    212;    0;    1;    1;    00;    0.6766;    0.6880    0.7492;    0.507423;    0.0003;    00;
01:41 ;		 Coronal;    212;    0;    1;    1;    01;    0.6606;    0.6805    0.7709;    0.525719;    0.0003;    00;
01:41 ;		 Coronal;    212;    0;    1;    1;    02;    0.6656;    0.6720    0.7121;    0.530797;    0.0003;    00;
01:42 ;		 Coronal;    212;    0;    1;    1;    03;    0.6670;    0.6651    0.6780;    0.549941;    0.0003;    01;
01:42 ;		 Coronal;    212;    0;    1;    1;    04;    0.6620;    0.6601    0.6780;    0.556091;    0.0003;    02;
01:42 ;		 Coronal;    212;    0;    1;    1;    05;    0.6788;    0.6564    0.6811;    0.490171;    0.0003;    03;
01:42 ;		 Coronal;    212;    0;    1;    1;    06;    0.6707;    0.6531    0.6966;    0.477779;    0.0003;    04;
01:42 ;		 Coronal;    213;    0;    2;    1;    00;    0.7142;    0.7015    0.3189;    inf;    0.0003;    00;
01:42 ;		 Coronal;    213;    0;    2;    1;    01;    0.7097;    0.7001    0.3870;    0.468621;    0.0003;    00;
01:43 ;		 Coronal;    213;    0;    2;    1;    02;    0.7063;    0.6929    0.4923;    0.544120;    0.0003;    00;
01:43 ;		 Coronal;    213;    0;    2;    1;    03;    0.6785;    0.6883    0.5356;    0.590163;    0.0003;    00;
01:43 ;		 Coronal;    213;    0;    2;    1;    04;    0.6784;    0.6869    0.5480;    0.594282;    0.0003;    00;
01:43 ;		 Coronal;    213;    0;    2;    1;    05;    0.6890;    0.6851    0.5511;    0.602989;    0.0003;    00;
01:43 ;		 Coronal;    213;    0;    2;    1;    06;    0.7093;    0.6844    0.5511;    0.609109;    0.0003;    00;
01:43 ;		 Coronal;    213;    0;    2;    1;    07;    0.6939;    0.6829    0.5511;    0.605571;    0.0003;    01;
01:43 ;		 Coronal;    213;    0;    2;    1;    08;    0.6924;    0.6879    0.5542;    0.608289;    0.0003;    02;
01:44 ;		 Coronal;    213;    0;    2;    1;    09;    0.6489;    0.6904    0.5635;    0.618720;    0.0003;    00;
01:44 ;		 Coronal;    213;    0;    2;    1;    10;    0.6609;    0.6907    0.5666;    0.613755;    0.00015;    00;
01:44 ;		 Coronal;    213;    0;    2;    1;    11;    0.6833;    0.6897    0.5697;    0.625145;    0.00015;    00;
01:44 ;		 Coronal;    213;    0;    2;    1;    12;    0.6722;    0.6887    0.5728;    0.633886;    0.00015;    00;
01:44 ;		 Coronal;    213;    0;    2;    1;    13;    0.6518;    0.6857    0.5820;    0.629949;    7.5e-05;    00;
01:44 ;		 Coronal;    213;    0;    2;    1;    14;    0.6790;    0.6849    0.5759;    0.627083;    7.5e-05;    00;
01:44 ;		 Coronal;    213;    0;    2;    1;    15;    0.6586;    0.6842    0.5820;    0.625761;    7.5e-05;    01;
01:45 ;		 Coronal;    213;    0;    2;    1;    16;    0.6820;    0.6854    0.5789;    0.625056;    3.75e-05;    02;
01:45 ;		 Coronal;    213;    0;    2;    1;    17;    0.6737;    0.6841    0.5851;    0.622763;    3.75e-05;    03;
01:45 ;		 Coronal;    213;    0;    2;    1;    18;    0.6865;    0.6829    0.5851;    0.621976;    3.75e-05;    00;
01:45 ;		 Coronal;    213;    0;    2;    1;    19;    0.6643;    0.6824    0.5851;    0.624963;    1.875e-05;    01;
01:45 ;		 Coronal;    213;    0;    2;    1;    20;    0.6655;    0.6814    0.5851;    0.622399;    1.875e-05;    02;
01:45 ;		 Coronal;    213;    0;    2;    1;    21;    0.6540;    0.6811    0.5851;    0.622025;    1.875e-05;    03;
01:45 ;		 Coronal;    213;    0;    2;    1;    22;    0.6858;    0.6817    0.5882;    0.623106;    1.875e-05;    04;
01:45 ;		 Coronal;    213;    0;    2;    1;    23;    0.6387;    0.6809    0.5851;    0.621563;    9.375e-06;    00;
01:46 ;		 Coronal;    213;    0;    2;    1;    24;    0.6628;    0.6807    0.5851;    0.621512;    9.375e-06;    01;
01:46 ;		 Coronal;    213;    0;    2;    1;    25;    0.6597;    0.6819    0.5789;    0.625266;    9.375e-06;    02;
01:46 ;		 Coronal;    213;    0;    2;    1;    26;    0.6805;    0.6818    0.5789;    0.625991;    4.6875e-06;    03;
01:46 ;		 Coronal;    213;    0;    2;    1;    27;    0.6509;    0.6814    0.5820;    0.625054;    4.6875e-06;    04;
01:46 ;		 Coronal;    214;    1;    0;    1;    00;    0.7153;    0.6880    0.6749;    0.534636;    0.0003;    00;
01:47 ;		 Coronal;    214;    1;    0;    1;    01;    0.6878;    0.6866    0.6966;    0.531877;    0.0003;    00;
01:47 ;		 Coronal;    214;    1;    0;    1;    02;    0.6862;    0.6842    0.7183;    0.525637;    0.0003;    00;
01:47 ;		 Coronal;    214;    1;    0;    1;    03;    0.6691;    0.6795    0.7183;    0.526273;    0.0003;    00;
01:47 ;		 Coronal;    214;    1;    0;    1;    04;    0.6800;    0.6753    0.7276;    0.537613;    0.0003;    01;
01:47 ;		 Coronal;    214;    1;    0;    1;    05;    0.6842;    0.6735    0.7183;    0.550966;    0.0003;    00;
01:47 ;		 Coronal;    214;    1;    0;    1;    06;    0.6688;    0.6692    0.7368;    0.548724;    0.0003;    01;
01:47 ;		 Coronal;    214;    1;    0;    1;    07;    0.6790;    0.6668    0.7523;    0.525412;    0.0003;    00;
01:48 ;		 Coronal;    214;    1;    0;    1;    08;    0.6726;    0.6644    0.7585;    0.519004;    0.0003;    00;
01:48 ;		 Coronal;    214;    1;    0;    1;    09;    0.6642;    0.6618    0.7430;    0.552812;    0.0003;    00;
01:48 ;		 Coronal;    214;    1;    0;    1;    10;    0.6471;    0.6581    0.7430;    0.565789;    0.0003;    01;
01:48 ;		 Coronal;    214;    1;    0;    1;    11;    0.6625;    0.6560    0.7152;    0.530447;    0.0003;    02;
01:48 ;		 Coronal;    214;    1;    0;    1;    12;    0.6390;    0.6540    0.7152;    0.523268;    0.0003;    03;
01:48 ;		 Coronal;    214;    1;    0;    1;    13;    0.6475;    0.6535    0.7214;    0.486725;    0.0003;    04;
01:48 ;		 Coronal;    215;    1;    1;    1;    00;    0.6880;    0.6879    0.7214;    0.553817;    0.0003;    00;
01:49 ;		 Coronal;    215;    1;    1;    1;    01;    0.6927;    0.6831    0.7307;    0.554527;    0.0003;    00;
01:49 ;		 Coronal;    215;    1;    1;    1;    02;    0.6842;    0.6737    0.7337;    0.546907;    0.0003;    00;
01:49 ;		 Coronal;    215;    1;    1;    1;    03;    0.6823;    0.6665    0.7152;    0.524694;    0.0003;    00;
01:49 ;		 Coronal;    215;    1;    1;    1;    04;    0.6770;    0.6620    0.7090;    0.555288;    0.0003;    01;
01:49 ;		 Coronal;    215;    1;    1;    1;    05;    0.6463;    0.6582    0.7121;    0.544526;    0.0003;    02;
01:49 ;		 Coronal;    215;    1;    1;    1;    06;    0.6662;    0.6563    0.7028;    0.524154;    0.0003;    03;
01:49 ;		 Coronal;    215;    1;    1;    1;    07;    0.6459;    0.6553    0.6997;    0.499956;    0.0003;    04;
01:50 ;		 Coronal;    216;    1;    2;    1;    00;    0.7232;    0.7029    0.4303;    0.462309;    0.0003;    00;
01:50 ;		 Coronal;    216;    1;    2;    1;    01;    0.7099;    0.6986    0.5542;    0.470474;    0.0003;    00;
01:50 ;		 Coronal;    216;    1;    2;    1;    02;    0.7141;    0.6923    0.5697;    0.485780;    0.0003;    00;
01:50 ;		 Coronal;    216;    1;    2;    1;    03;    0.6980;    0.6844    0.5913;    0.532819;    0.0003;    00;
01:50 ;		 Coronal;    216;    1;    2;    1;    04;    0.7091;    0.6824    0.6037;    0.578063;    0.0003;    00;
01:50 ;		 Coronal;    216;    1;    2;    1;    05;    0.6864;    0.6822    0.6130;    0.599371;    0.0003;    00;
01:50 ;		 Coronal;    216;    1;    2;    1;    06;    0.6786;    0.6784    0.6161;    0.616741;    0.0003;    00;
01:50 ;		 Coronal;    216;    1;    2;    1;    07;    0.6646;    0.6760    0.6223;    0.620529;    0.0003;    00;
01:50 ;		 Coronal;    216;    1;    2;    1;    08;    0.6966;    0.6729    0.6378;    0.557292;    0.0003;    00;
01:51 ;		 Coronal;    216;    1;    2;    1;    09;    0.6813;    0.6726    0.6378;    0.565282;    0.0003;    00;
01:51 ;		 Coronal;    216;    1;    2;    1;    10;    0.6926;    0.6689    0.6533;    0.556488;    0.0003;    01;
01:51 ;		 Coronal;    216;    1;    2;    1;    11;    0.6562;    0.6682    0.6502;    0.558561;    0.0003;    00;
01:51 ;		 Coronal;    216;    1;    2;    1;    12;    0.6493;    0.6660    0.6625;    0.559531;    0.0003;    01;
01:51 ;		 Coronal;    216;    1;    2;    1;    13;    0.6643;    0.6634    0.6749;    0.552779;    0.0003;    00;
01:51 ;		 Coronal;    216;    1;    2;    1;    14;    0.6315;    0.6641    0.6687;    0.572439;    0.0003;    00;
01:51 ;		 Coronal;    216;    1;    2;    1;    15;    0.6372;    0.6652    0.6594;    0.583069;    0.0003;    01;
01:51 ;		 Coronal;    216;    1;    2;    1;    16;    0.6546;    0.6631    0.6594;    0.581194;    0.00015;    02;
01:51 ;		 Coronal;    216;    1;    2;    1;    17;    0.6616;    0.6619    0.6563;    0.586570;    0.00015;    03;
01:52 ;		 Coronal;    216;    1;    2;    1;    18;    0.6619;    0.6595    0.6656;    0.562410;    0.00015;    04;
01:52 ;		 Coronal;    217;    2;    0;    1;    00;    0.7049;    0.6867    0.6904;    0.520886;    0.0003;    00;
01:52 ;		 Coronal;    217;    2;    0;    1;    01;    0.6922;    0.6829    0.7740;    0.519398;    0.0003;    00;
01:52 ;		 Coronal;    217;    2;    0;    1;    02;    0.6847;    0.6762    0.7802;    0.511836;    0.0003;    00;
01:52 ;		 Coronal;    217;    2;    0;    1;    03;    0.6701;    0.6716    0.7523;    0.501557;    0.0003;    00;
01:52 ;		 Coronal;    217;    2;    0;    1;    04;    0.6720;    0.6681    0.7492;    0.487579;    0.0003;    01;
01:53 ;		 Coronal;    217;    2;    0;    1;    05;    0.6837;    0.6646    0.7214;    0.465840;    0.0003;    02;
01:53 ;		 Coronal;    217;    2;    0;    1;    06;    0.6654;    0.6618    0.7152;    0.467607;    0.0003;    03;
01:53 ;		 Coronal;    217;    2;    0;    1;    07;    0.6679;    0.6586    0.7307;    0.504046;    0.0003;    04;
01:53 ;		 Coronal;    218;    2;    1;    1;    00;    0.7209;    0.6974    0.4334;    0.487308;    0.0003;    00;
01:53 ;		 Coronal;    218;    2;    1;    1;    01;    0.6709;    0.6936    0.5387;    0.482917;    0.0003;    00;
01:53 ;		 Coronal;    218;    2;    1;    1;    02;    0.6963;    0.6939    0.5387;    0.472947;    0.0003;    00;
01:53 ;		 Coronal;    218;    2;    1;    1;    03;    0.6901;    0.6933    0.5480;    0.468133;    0.0003;    01;
01:54 ;		 Coronal;    218;    2;    1;    1;    04;    0.6499;    0.6902    0.5511;    0.475922;    0.0003;    00;
01:54 ;		 Coronal;    218;    2;    1;    1;    05;    0.6596;    0.6886    0.5046;    0.485346;    0.0003;    00;
01:54 ;		 Coronal;    218;    2;    1;    1;    06;    0.6616;    0.6823    0.5480;    0.482333;    0.0003;    01;
01:54 ;		 Coronal;    218;    2;    1;    1;    07;    0.6786;    0.6740    0.5851;    0.503278;    0.0003;    02;
01:54 ;		 Coronal;    218;    2;    1;    1;    08;    0.6728;    0.6669    0.6378;    0.513515;    0.0003;    00;
01:54 ;		 Coronal;    218;    2;    1;    1;    09;    0.6763;    0.6623    0.6873;    0.541852;    0.0003;    00;
01:54 ;		 Coronal;    218;    2;    1;    1;    10;    0.6493;    0.6607    0.6873;    0.501393;    0.0003;    00;
01:55 ;		 Coronal;    218;    2;    1;    1;    11;    0.6668;    0.6615    0.6625;    0.512087;    0.0003;    01;
01:55 ;		 Coronal;    218;    2;    1;    1;    12;    0.6372;    0.6568    0.6718;    0.530523;    0.0003;    02;
01:55 ;		 Coronal;    218;    2;    1;    1;    13;    0.6489;    0.6525    0.6842;    0.541629;    0.0003;    03;
01:55 ;		 Coronal;    218;    2;    1;    1;    14;    0.6624;    0.6479    0.7059;    0.511978;    0.0003;    04;
01:55 ;		 Coronal;    218;    2;    1;    1;    15;    0.6420;    0.6489    0.7152;    0.488418;    0.0003;    00;
01:55 ;		 Coronal;    218;    2;    1;    1;    16;    0.6673;    0.6427    0.7214;    0.510156;    0.0003;    00;
01:55 ;		 Coronal;    218;    2;    1;    1;    17;    0.6414;    0.6424    0.7183;    0.497623;    0.0003;    00;
01:56 ;		 Coronal;    218;    2;    1;    1;    18;    0.6838;    0.6409    0.7523;    0.492873;    0.0003;    01;
01:56 ;		 Coronal;    218;    2;    1;    1;    19;    0.6312;    0.6351    0.7492;    0.524381;    0.0003;    00;
01:56 ;		 Coronal;    218;    2;    1;    1;    20;    0.6639;    0.6357    0.7214;    0.505298;    0.0003;    01;
01:56 ;		 Coronal;    218;    2;    1;    1;    21;    0.6341;    0.6515    0.7183;    0.449129;    0.0003;    02;
01:56 ;		 Coronal;    218;    2;    1;    1;    22;    0.6258;    0.6408    0.6935;    0.450960;    0.00015;    03;
01:56 ;		 Coronal;    218;    2;    1;    1;    23;    0.6416;    0.6326    0.6904;    0.502850;    0.00015;    04;
01:56 ;		 Coronal;    219;    2;    2;    1;    00;    0.7142;    0.6879    0.6068;    0.547622;    0.0003;    00;
01:57 ;		 Coronal;    219;    2;    2;    1;    01;    0.6954;    0.6853    0.6440;    0.533407;    0.0003;    00;
01:57 ;		 Coronal;    219;    2;    2;    1;    02;    0.6842;    0.6821    0.6502;    0.533386;    0.0003;    00;
01:57 ;		 Coronal;    219;    2;    2;    1;    03;    0.6808;    0.6787    0.6718;    0.522112;    0.0003;    00;
01:57 ;		 Coronal;    219;    2;    2;    1;    04;    0.6538;    0.6762    0.6687;    0.538473;    0.0003;    00;
01:57 ;		 Coronal;    219;    2;    2;    1;    05;    0.6561;    0.6753    0.7028;    0.520186;    0.0003;    01;
01:57 ;		 Coronal;    219;    2;    2;    1;    06;    0.6609;    0.6731    0.7121;    0.511503;    0.0003;    00;
01:57 ;		 Coronal;    219;    2;    2;    1;    07;    0.6629;    0.6696    0.7152;    0.513219;    0.0003;    00;
01:58 ;		 Coronal;    219;    2;    2;    1;    08;    0.6642;    0.6685    0.7028;    0.523101;    0.0003;    00;
01:58 ;		 Coronal;    219;    2;    2;    1;    09;    0.6861;    0.6671    0.7028;    0.511377;    0.0003;    01;
01:58 ;		 Coronal;    219;    2;    2;    1;    10;    0.6690;    0.6655    0.7028;    0.539275;    0.0003;    02;
01:58 ;		 Coronal;    219;    2;    2;    1;    11;    0.6423;    0.6646    0.6997;    0.561013;    0.0003;    03;
01:58 ;		 Coronal;    219;    2;    2;    1;    12;    0.6498;    0.6651    0.7028;    0.524880;    0.0003;    04;
01:58 ;		 Coronal;    220;    3;    0;    1;    00;    0.7006;    0.6953    0.3901;    0.495626;    0.0003;    00;
01:58 ;		 Coronal;    220;    3;    0;    1;    01;    0.6883;    0.6932    0.4458;    0.522787;    0.0003;    00;
01:59 ;		 Coronal;    220;    3;    0;    1;    02;    0.6850;    0.6907    0.5356;    0.536901;    0.0003;    00;
01:59 ;		 Coronal;    220;    3;    0;    1;    03;    0.6842;    0.6829    0.6780;    0.540864;    0.0003;    00;
01:59 ;		 Coronal;    220;    3;    0;    1;    04;    0.6659;    0.6791    0.7214;    0.540557;    0.0003;    00;
01:59 ;		 Coronal;    220;    3;    0;    1;    05;    0.6636;    0.6800    0.6718;    0.530343;    0.0003;    00;
01:59 ;		 Coronal;    220;    3;    0;    1;    06;    0.6815;    0.6773    0.6935;    0.537559;    0.0003;    01;
01:59 ;		 Coronal;    220;    3;    0;    1;    07;    0.6941;    0.6819    0.6285;    0.513254;    0.0003;    02;
01:59 ;		 Coronal;    220;    3;    0;    1;    08;    0.6691;    0.6755    0.6966;    0.501896;    0.0003;    03;
02:00 ;		 Coronal;    220;    3;    0;    1;    09;    0.6796;    0.6675    0.7616;    0.516430;    0.0003;    04;
02:00 ;		 Coronal;    220;    3;    0;    1;    10;    0.6757;    0.6632    0.7740;    0.519935;    0.0003;    00;
02:00 ;		 Coronal;    220;    3;    0;    1;    11;    0.6862;    0.6573    0.7957;    0.534854;    0.0003;    00;
02:00 ;		 Coronal;    220;    3;    0;    1;    12;    0.6714;    0.6558    0.7833;    0.526445;    0.0003;    00;
02:00 ;		 Coronal;    220;    3;    0;    1;    13;    0.6724;    0.6618    0.7523;    0.490766;    0.0003;    01;
02:00 ;		 Coronal;    220;    3;    0;    1;    14;    0.6420;    0.6685    0.7121;    0.493857;    0.0003;    02;
02:01 ;		 Coronal;    220;    3;    0;    1;    15;    0.6468;    0.6610    0.7245;    0.525265;    0.00015;    03;
02:01 ;		 Coronal;    220;    3;    0;    1;    16;    0.6106;    0.6611    0.7090;    0.543847;    0.00015;    04;
02:01 ;		 Coronal;    221;    3;    1;    1;    00;    0.6912;    0.6930    0.5975;    0.492018;    0.0003;    00;
02:01 ;		 Coronal;    221;    3;    1;    1;    01;    0.6827;    0.6929    0.5635;    0.491325;    0.0003;    00;
02:01 ;		 Coronal;    221;    3;    1;    1;    02;    0.6865;    0.6905    0.5480;    0.505494;    0.0003;    01;
02:01 ;		 Coronal;    221;    3;    1;    1;    03;    0.6755;    0.6857    0.5820;    0.521919;    0.0003;    02;
02:01 ;		 Coronal;    221;    3;    1;    1;    04;    0.6778;    0.6806    0.6130;    0.533255;    0.0003;    03;
02:01 ;		 Coronal;    221;    3;    1;    1;    05;    0.6835;    0.6812    0.6037;    0.546167;    0.0003;    00;
02:02 ;		 Coronal;    221;    3;    1;    1;    06;    0.6953;    0.6751    0.6316;    0.532454;    0.0003;    01;
02:02 ;		 Coronal;    221;    3;    1;    1;    07;    0.6765;    0.6745    0.6378;    0.524840;    0.0003;    00;
02:02 ;		 Coronal;    221;    3;    1;    1;    08;    0.6495;    0.6783    0.6099;    0.546326;    0.0003;    00;
02:02 ;		 Coronal;    221;    3;    1;    1;    09;    0.6271;    0.6752    0.6068;    0.534723;    0.00015;    01;
02:02 ;		 Coronal;    221;    3;    1;    1;    10;    0.6412;    0.6735    0.6130;    0.534388;    0.00015;    02;
02:02 ;		 Coronal;    221;    3;    1;    1;    11;    0.6606;    0.6738    0.6130;    0.529439;    0.00015;    03;
02:02 ;		 Coronal;    221;    3;    1;    1;    12;    0.6587;    0.6730    0.6099;    0.523988;    0.00015;    04;
02:03 ;		 Coronal;    222;    3;    2;    1;    00;    0.6812;    0.6870    0.7121;    0.535037;    0.0003;    00;
02:03 ;		 Coronal;    222;    3;    2;    1;    01;    0.6763;    0.6852    0.6316;    0.546190;    0.0003;    00;
02:03 ;		 Coronal;    222;    3;    2;    1;    02;    0.6801;    0.6860    0.6192;    0.566894;    0.0003;    01;
02:03 ;		 Coronal;    222;    3;    2;    1;    03;    0.6683;    0.6901    0.6037;    0.589862;    0.0003;    02;
02:03 ;		 Coronal;    222;    3;    2;    1;    04;    0.6518;    0.6926    0.6006;    0.606778;    0.00015;    03;
02:03 ;		 Coronal;    222;    3;    2;    1;    05;    0.6449;    0.6900    0.6006;    0.593797;    0.00015;    04;
02:03 ;		 Coronal;    223;    4;    0;    1;    00;    0.6929;    0.6871    0.6656;    0.494178;    0.0003;    00;
02:03 ;		 Coronal;    223;    4;    0;    1;    01;    0.6749;    0.6869    0.6316;    0.485152;    0.0003;    00;
02:04 ;		 Coronal;    223;    4;    0;    1;    02;    0.6612;    0.6868    0.5604;    0.452518;    0.0003;    01;
02:04 ;		 Coronal;    223;    4;    0;    1;    03;    0.6655;    0.6857    0.5263;    0.451779;    0.0003;    02;
02:04 ;		 Coronal;    223;    4;    0;    1;    04;    0.6771;    0.6834    0.5449;    0.445092;    0.0003;    03;
02:04 ;		 Coronal;    223;    4;    0;    1;    05;    0.6590;    0.6807    0.5759;    0.453224;    0.0003;    04;
02:04 ;		 Coronal;    224;    4;    1;    1;    00;    0.6949;    0.6881    0.6811;    0.494026;    0.0003;    00;
02:04 ;		 Coronal;    224;    4;    1;    1;    01;    0.6770;    0.6852    0.7307;    0.488462;    0.0003;    00;
02:04 ;		 Coronal;    224;    4;    1;    1;    02;    0.6994;    0.6797    0.8019;    0.488689;    0.0003;    00;
02:04 ;		 Coronal;    224;    4;    1;    1;    03;    0.6770;    0.6746    0.7957;    0.490788;    0.0003;    00;
02:05 ;		 Coronal;    224;    4;    1;    1;    04;    0.6651;    0.6702    0.7864;    0.505506;    0.0003;    01;
02:05 ;		 Coronal;    224;    4;    1;    1;    05;    0.7051;    0.6675    0.7988;    0.499004;    0.0003;    02;
02:05 ;		 Coronal;    224;    4;    1;    1;    06;    0.6736;    0.6652    0.7802;    0.489495;    0.0003;    03;
02:05 ;		 Coronal;    224;    4;    1;    1;    07;    0.6770;    0.6616    0.7709;    0.493081;    0.0003;    04;
02:05 ;		 Coronal;    225;    4;    2;    1;    00;    0.7063;    0.6912    0.7160;    0.520926;    0.0003;    00;
02:05 ;		 Coronal;    225;    4;    2;    1;    01;    0.6720;    0.6915    0.6111;    0.523583;    0.0003;    00;
02:05 ;		 Coronal;    225;    4;    2;    1;    02;    0.6685;    0.6875    0.6574;    0.525181;    0.0003;    01;
02:06 ;		 Coronal;    225;    4;    2;    1;    03;    0.6965;    0.6819    0.6728;    0.513910;    0.0003;    02;
02:06 ;		 Coronal;    225;    4;    2;    1;    04;    0.6803;    0.6791    0.6574;    0.497260;    0.0003;    03;
02:06 ;		 Coronal;    225;    4;    2;    1;    05;    0.6679;    0.6784    0.6512;    0.496839;    0.0003;    04;
02:09 ;		 Sagittal;    226;    0;    0;    1;    00;    0.6959;    0.6870    0.7554;    0.506407;    0.0003;    00;
02:09 ;		 Sagittal;    226;    0;    0;    1;    01;    0.6843;    0.6803    0.7988;    0.519021;    0.0003;    00;
02:09 ;		 Sagittal;    226;    0;    0;    1;    02;    0.6792;    0.6697    0.8111;    0.515394;    0.0003;    00;
02:09 ;		 Sagittal;    226;    0;    0;    1;    03;    0.6465;    0.6644    0.7740;    0.540438;    0.0003;    00;
02:10 ;		 Sagittal;    226;    0;    0;    1;    04;    0.6863;    0.6620    0.7647;    0.531945;    0.0003;    01;
02:10 ;		 Sagittal;    226;    0;    0;    1;    05;    0.6384;    0.6611    0.7647;    0.575138;    0.0003;    02;
02:10 ;		 Sagittal;    226;    0;    0;    1;    06;    0.6307;    0.6597    0.7492;    0.551161;    0.0003;    03;
02:10 ;		 Sagittal;    226;    0;    0;    1;    07;    0.6478;    0.6602    0.7183;    0.571251;    0.0003;    04;
02:10 ;		 Sagittal;    227;    0;    1;    1;    00;    0.6877;    0.6827    0.8297;    0.514669;    0.0003;    00;
02:10 ;		 Sagittal;    227;    0;    1;    1;    01;    0.6691;    0.6773    0.8885;    0.517741;    0.0003;    00;
02:11 ;		 Sagittal;    227;    0;    1;    1;    02;    0.6525;    0.6629    0.8885;    0.509331;    0.0003;    00;
02:11 ;		 Sagittal;    227;    0;    1;    1;    03;    0.6775;    0.6479    0.8452;    0.548298;    0.0003;    01;
02:11 ;		 Sagittal;    227;    0;    1;    1;    04;    0.6517;    0.6385    0.8142;    0.557813;    0.0003;    02;
02:11 ;		 Sagittal;    227;    0;    1;    1;    05;    0.6369;    0.6328    0.8173;    0.566621;    0.0003;    03;
02:11 ;		 Sagittal;    227;    0;    1;    1;    06;    0.6587;    0.6290    0.8142;    0.566653;    0.0003;    04;
02:11 ;		 Sagittal;    228;    0;    2;    1;    00;    0.6890;    0.6910    0.5170;    0.530610;    0.0003;    00;
02:11 ;		 Sagittal;    228;    0;    2;    1;    01;    0.7074;    0.6825    0.6873;    0.532011;    0.0003;    00;
02:12 ;		 Sagittal;    228;    0;    2;    1;    02;    0.6650;    0.6747    0.7059;    0.551602;    0.0003;    00;
02:12 ;		 Sagittal;    228;    0;    2;    1;    03;    0.6645;    0.6681    0.7152;    0.574047;    0.0003;    00;
02:12 ;		 Sagittal;    228;    0;    2;    1;    04;    0.6713;    0.6602    0.7399;    0.579566;    0.0003;    00;
02:12 ;		 Sagittal;    228;    0;    2;    1;    05;    0.6546;    0.6572    0.7368;    0.591634;    0.0003;    00;
02:12 ;		 Sagittal;    228;    0;    2;    1;    06;    0.6360;    0.6549    0.7430;    0.592633;    0.0003;    01;
02:12 ;		 Sagittal;    228;    0;    2;    1;    07;    0.6359;    0.6564    0.7307;    0.616047;    0.0003;    00;
02:12 ;		 Sagittal;    228;    0;    2;    1;    08;    0.6179;    0.6476    0.7368;    0.611650;    0.0003;    01;
02:13 ;		 Sagittal;    228;    0;    2;    1;    09;    0.6407;    0.6481    0.7183;    0.605880;    0.0003;    02;
02:13 ;		 Sagittal;    228;    0;    2;    1;    10;    0.6178;    0.6423    0.7276;    0.625939;    0.0003;    03;
02:13 ;		 Sagittal;    228;    0;    2;    1;    11;    0.6139;    0.6236    0.7554;    0.627013;    0.0003;    04;
02:13 ;		 Sagittal;    228;    0;    2;    1;    12;    0.6322;    0.6083    0.7926;    0.591611;    0.0003;    00;
02:13 ;		 Sagittal;    228;    0;    2;    1;    13;    0.6470;    0.6041    0.8204;    0.550957;    0.0003;    00;
02:13 ;		 Sagittal;    228;    0;    2;    1;    14;    0.5991;    0.6087    0.8173;    0.551035;    0.0003;    00;
02:13 ;		 Sagittal;    228;    0;    2;    1;    15;    0.6291;    0.6012    0.8297;    0.534116;    0.0003;    01;
02:13 ;		 Sagittal;    228;    0;    2;    1;    16;    0.5878;    0.6119    0.8019;    0.603698;    0.0003;    00;
02:14 ;		 Sagittal;    228;    0;    2;    1;    17;    0.6110;    0.5901    0.8235;    0.571550;    0.0003;    01;
02:14 ;		 Sagittal;    228;    0;    2;    1;    18;    0.6175;    0.5791    0.8359;    0.547807;    0.0003;    02;
02:14 ;		 Sagittal;    228;    0;    2;    1;    19;    0.5918;    0.5745    0.8452;    0.533518;    0.0003;    00;
02:14 ;		 Sagittal;    228;    0;    2;    1;    20;    0.6066;    0.5707    0.8638;    0.535087;    0.0003;    00;
02:14 ;		 Sagittal;    228;    0;    2;    1;    21;    0.5632;    0.5837    0.8111;    0.525740;    0.0003;    00;
02:14 ;		 Sagittal;    228;    0;    2;    1;    22;    0.5866;    0.5710    0.8173;    0.615856;    0.0003;    01;
02:14 ;		 Sagittal;    228;    0;    2;    1;    23;    0.5690;    0.5433    0.8669;    0.553124;    0.0003;    02;
02:15 ;		 Sagittal;    228;    0;    2;    1;    24;    0.5690;    0.5542    0.8545;    0.511012;    0.0003;    00;
02:15 ;		 Sagittal;    228;    0;    2;    1;    25;    0.5701;    0.5644    0.8452;    0.612892;    0.0003;    01;
02:15 ;		 Sagittal;    228;    0;    2;    1;    26;    0.5466;    0.5694    0.7988;    0.461616;    0.00015;    02;
02:15 ;		 Sagittal;    228;    0;    2;    1;    27;    0.5359;    0.5560    0.8204;    0.543944;    0.00015;    03;
02:15 ;		 Sagittal;    228;    0;    2;    1;    28;    0.5546;    0.5487    0.8297;    0.495954;    0.00015;    04;
02:15 ;		 Sagittal;    229;    1;    0;    1;    00;    0.7187;    0.6923    0.4985;    0.515483;    0.0003;    00;
02:15 ;		 Sagittal;    229;    1;    0;    1;    01;    0.6900;    0.6854    0.7028;    0.509523;    0.0003;    00;
02:16 ;		 Sagittal;    229;    1;    0;    1;    02;    0.6522;    0.6747    0.6935;    0.534232;    0.0003;    00;
02:16 ;		 Sagittal;    229;    1;    0;    1;    03;    0.6702;    0.6632    0.7090;    0.545930;    0.0003;    01;
02:16 ;		 Sagittal;    229;    1;    0;    1;    04;    0.6370;    0.6561    0.7214;    0.571551;    0.0003;    00;
02:16 ;		 Sagittal;    229;    1;    0;    1;    05;    0.6296;    0.6498    0.7337;    0.583871;    0.0003;    00;
02:16 ;		 Sagittal;    229;    1;    0;    1;    06;    0.6289;    0.6450    0.7399;    0.602092;    0.0003;    00;
02:16 ;		 Sagittal;    229;    1;    0;    1;    07;    0.6416;    0.6364    0.7554;    0.601310;    0.0003;    00;
02:16 ;		 Sagittal;    229;    1;    0;    1;    08;    0.6458;    0.6306    0.7616;    0.603174;    0.0003;    00;
02:17 ;		 Sagittal;    229;    1;    0;    1;    09;    0.6356;    0.6267    0.7647;    0.614591;    0.0003;    00;
02:17 ;		 Sagittal;    229;    1;    0;    1;    10;    0.6289;    0.6235    0.7771;    0.630931;    0.0003;    00;
02:17 ;		 Sagittal;    229;    1;    0;    1;    11;    0.6085;    0.6123    0.7864;    0.608608;    0.0003;    00;
02:17 ;		 Sagittal;    229;    1;    0;    1;    12;    0.5952;    0.6135    0.7864;    0.634590;    0.0003;    00;
02:17 ;		 Sagittal;    229;    1;    0;    1;    13;    0.5894;    0.6047    0.7926;    0.640018;    0.0003;    01;
02:17 ;		 Sagittal;    229;    1;    0;    1;    14;    0.6019;    0.5990    0.7957;    0.649288;    0.0003;    00;
02:17 ;		 Sagittal;    229;    1;    0;    1;    15;    0.6056;    0.5912    0.8050;    0.658092;    0.0003;    00;
02:18 ;		 Sagittal;    229;    1;    0;    1;    16;    0.5562;    0.5859    0.8019;    0.678765;    0.0003;    00;
02:18 ;		 Sagittal;    229;    1;    0;    1;    17;    0.5486;    0.5735    0.8050;    0.659143;    0.0003;    01;
02:18 ;		 Sagittal;    229;    1;    0;    1;    18;    0.5918;    0.5664    0.8050;    0.621658;    0.0003;    02;
02:18 ;		 Sagittal;    229;    1;    0;    1;    19;    0.6140;    0.5618    0.8111;    0.624929;    0.0003;    03;
02:18 ;		 Sagittal;    229;    1;    0;    1;    20;    0.5906;    0.5517    0.8235;    0.647327;    0.0003;    00;
02:18 ;		 Sagittal;    229;    1;    0;    1;    21;    0.5777;    0.5466    0.8235;    0.657190;    0.0003;    00;
02:18 ;		 Sagittal;    229;    1;    0;    1;    22;    0.5769;    0.5366    0.8421;    0.601461;    0.0003;    01;
02:19 ;		 Sagittal;    229;    1;    0;    1;    23;    0.5605;    0.5347    0.8390;    0.619189;    0.0003;    00;
02:19 ;		 Sagittal;    229;    1;    0;    1;    24;    0.5411;    0.5307    0.8452;    0.501365;    0.0003;    01;
02:19 ;		 Sagittal;    229;    1;    0;    1;    25;    0.4990;    0.5261    0.8514;    0.542883;    0.0003;    00;
02:19 ;		 Sagittal;    229;    1;    0;    1;    26;    0.5515;    0.5231    0.8514;    0.609443;    0.0003;    00;
02:19 ;		 Sagittal;    229;    1;    0;    1;    27;    0.4961;    0.5157    0.8545;    0.617784;    0.0003;    01;
02:19 ;		 Sagittal;    229;    1;    0;    1;    28;    0.5527;    0.5004    0.8576;    0.607217;    0.0003;    00;
02:19 ;		 Sagittal;    229;    1;    0;    1;    29;    0.5354;    0.5079    0.8669;    0.549454;    0.0003;    00;
02:20 ;		 Sagittal;    230;    1;    1;    1;    00;    0.7078;    0.6836    0.8328;    0.509838;    0.0003;    00;
02:20 ;		 Sagittal;    230;    1;    1;    1;    01;    0.7051;    0.6764    0.7988;    0.507977;    0.0003;    00;
02:20 ;		 Sagittal;    230;    1;    1;    1;    02;    0.6761;    0.6668    0.7802;    0.520381;    0.0003;    01;
02:20 ;		 Sagittal;    230;    1;    1;    1;    03;    0.6590;    0.6565    0.7678;    0.534402;    0.0003;    02;
02:20 ;		 Sagittal;    230;    1;    1;    1;    04;    0.6685;    0.6464    0.7740;    0.539598;    0.0003;    03;
02:20 ;		 Sagittal;    230;    1;    1;    1;    05;    0.6584;    0.6431    0.8080;    0.543042;    0.0003;    04;
02:20 ;		 Sagittal;    231;    1;    2;    1;    00;    0.6993;    0.6850    0.7647;    0.511137;    0.0003;    00;
02:21 ;		 Sagittal;    231;    1;    2;    1;    01;    0.6740;    0.6773    0.8111;    0.509259;    0.0003;    00;
02:21 ;		 Sagittal;    231;    1;    2;    1;    02;    0.6883;    0.6595    0.8297;    0.537299;    0.0003;    00;
02:21 ;		 Sagittal;    231;    1;    2;    1;    03;    0.6647;    0.6486    0.7740;    0.573318;    0.0003;    00;
02:21 ;		 Sagittal;    231;    1;    2;    1;    04;    0.6703;    0.6409    0.7802;    0.591430;    0.0003;    01;
02:21 ;		 Sagittal;    231;    1;    2;    1;    05;    0.6651;    0.6336    0.7833;    0.600169;    0.0003;    02;
02:21 ;		 Sagittal;    231;    1;    2;    1;    06;    0.6589;    0.6294    0.7895;    0.618003;    0.0003;    03;
02:21 ;		 Sagittal;    231;    1;    2;    1;    07;    0.6451;    0.6202    0.8080;    0.613601;    0.0003;    04;
02:21 ;		 Sagittal;    232;    2;    0;    1;    00;    0.6895;    0.7030    0.3282;    0.454803;    0.0003;    00;
02:22 ;		 Sagittal;    232;    2;    0;    1;    01;    0.7065;    0.6961    0.5387;    0.481446;    0.0003;    00;
02:22 ;		 Sagittal;    232;    2;    0;    1;    02;    0.6780;    0.6881    0.6409;    0.503348;    0.0003;    00;
02:22 ;		 Sagittal;    232;    2;    0;    1;    03;    0.6842;    0.6838    0.6068;    0.531848;    0.0003;    00;
02:22 ;		 Sagittal;    232;    2;    0;    1;    04;    0.6781;    0.6779    0.6316;    0.535395;    0.0003;    01;
02:22 ;		 Sagittal;    232;    2;    0;    1;    05;    0.6646;    0.6707    0.6873;    0.526334;    0.0003;    02;
02:22 ;		 Sagittal;    232;    2;    0;    1;    06;    0.6379;    0.6642    0.6997;    0.535514;    0.0003;    00;
02:22 ;		 Sagittal;    232;    2;    0;    1;    07;    0.6630;    0.6476    0.7399;    0.519458;    0.0003;    00;
02:22 ;		 Sagittal;    232;    2;    0;    1;    08;    0.6519;    0.6396    0.7678;    0.520273;    0.0003;    00;
02:23 ;		 Sagittal;    232;    2;    0;    1;    09;    0.6353;    0.6340    0.8019;    0.537506;    0.0003;    00;
02:23 ;		 Sagittal;    232;    2;    0;    1;    10;    0.6420;    0.6278    0.7988;    0.559265;    0.0003;    00;
02:23 ;		 Sagittal;    232;    2;    0;    1;    11;    0.6302;    0.6194    0.7957;    0.566813;    0.0003;    01;
02:23 ;		 Sagittal;    232;    2;    0;    1;    12;    0.6051;    0.6102    0.8111;    0.523951;    0.0003;    02;
02:23 ;		 Sagittal;    232;    2;    0;    1;    13;    0.6017;    0.6099    0.7926;    0.582099;    0.0003;    00;
02:23 ;		 Sagittal;    232;    2;    0;    1;    14;    0.6052;    0.5995    0.8266;    0.484977;    0.0003;    01;
02:24 ;		 Sagittal;    232;    2;    0;    1;    15;    0.5991;    0.5956    0.8483;    0.472411;    0.0003;    00;
02:24 ;		 Sagittal;    232;    2;    0;    1;    16;    0.6155;    0.5823    0.8452;    0.480535;    0.0003;    00;
02:24 ;		 Sagittal;    232;    2;    0;    1;    17;    0.5918;    0.5867    0.8576;    0.491306;    0.0003;    01;
02:24 ;		 Sagittal;    232;    2;    0;    1;    18;    0.5870;    0.5743    0.8483;    0.520148;    0.0003;    00;
02:24 ;		 Sagittal;    232;    2;    0;    1;    19;    0.5909;    0.5556    0.8483;    0.534584;    0.0003;    01;
02:24 ;		 Sagittal;    232;    2;    0;    1;    20;    0.6114;    0.5539    0.8483;    0.507085;    0.0003;    02;
02:24 ;		 Sagittal;    232;    2;    0;    1;    21;    0.5596;    0.5832    0.8638;    0.453147;    0.0003;    03;
02:25 ;		 Sagittal;    232;    2;    0;    1;    22;    0.5969;    0.5404    0.8576;    0.511834;    0.0003;    00;
02:25 ;		 Sagittal;    232;    2;    0;    1;    23;    0.5561;    0.5372    0.8700;    0.499745;    0.0003;    01;
02:25 ;		 Sagittal;    232;    2;    0;    1;    24;    0.5308;    0.5172    0.8824;    0.564734;    0.0003;    00;
02:25 ;		 Sagittal;    232;    2;    0;    1;    25;    0.5494;    0.5604    0.8452;    0.699293;    0.0003;    00;
02:25 ;		 Sagittal;    232;    2;    0;    1;    26;    0.5536;    0.5143    0.8762;    0.577346;    0.0003;    01;
02:25 ;		 Sagittal;    232;    2;    0;    1;    27;    0.5403;    0.5231    0.8793;    0.419156;    0.0003;    02;
02:25 ;		 Sagittal;    232;    2;    0;    1;    28;    0.5145;    0.4881    0.8978;    0.530617;    0.0003;    03;
02:25 ;		 Sagittal;    232;    2;    0;    1;    29;    0.4911;    0.5010    0.9009;    0.450417;    0.0003;    00;
02:26 ;		 Sagittal;    233;    2;    1;    1;    00;    0.6878;    0.6955    0.3529;    0.500678;    0.0003;    00;
02:26 ;		 Sagittal;    233;    2;    1;    1;    01;    0.6958;    0.6834    0.7399;    0.505729;    0.0003;    00;
02:26 ;		 Sagittal;    233;    2;    1;    1;    02;    0.6881;    0.6720    0.7926;    0.509875;    0.0003;    00;
02:26 ;		 Sagittal;    233;    2;    1;    1;    03;    0.6799;    0.6616    0.8050;    0.525344;    0.0003;    00;
02:26 ;		 Sagittal;    233;    2;    1;    1;    04;    0.6614;    0.6557    0.8297;    0.536382;    0.0003;    00;
02:26 ;		 Sagittal;    233;    2;    1;    1;    05;    0.6713;    0.6494    0.8514;    0.520278;    0.0003;    00;
02:27 ;		 Sagittal;    233;    2;    1;    1;    06;    0.6567;    0.6448    0.8390;    0.499131;    0.0003;    00;
02:27 ;		 Sagittal;    233;    2;    1;    1;    07;    0.6434;    0.6401    0.8514;    0.532825;    0.0003;    01;
02:27 ;		 Sagittal;    233;    2;    1;    1;    08;    0.6542;    0.6304    0.8576;    0.511461;    0.0003;    02;
02:27 ;		 Sagittal;    233;    2;    1;    1;    09;    0.6424;    0.6264    0.8885;    0.515914;    0.0003;    00;
02:27 ;		 Sagittal;    233;    2;    1;    1;    10;    0.6430;    0.6196    0.9164;    0.535011;    0.0003;    00;
02:27 ;		 Sagittal;    233;    2;    1;    1;    11;    0.6487;    0.6053    0.8947;    0.539060;    0.0003;    00;
02:27 ;		 Sagittal;    233;    2;    1;    1;    12;    0.6100;    0.5986    0.9195;    0.539224;    0.0003;    01;
02:28 ;		 Sagittal;    233;    2;    1;    1;    13;    0.5875;    0.5945    0.9195;    0.497929;    0.0003;    00;
02:28 ;		 Sagittal;    233;    2;    1;    1;    14;    0.6232;    0.5925    0.9195;    0.483969;    0.0003;    01;
02:28 ;		 Sagittal;    233;    2;    1;    1;    15;    0.6146;    0.5788    0.9071;    0.483876;    0.0003;    02;
02:28 ;		 Sagittal;    233;    2;    1;    1;    16;    0.6022;    0.5789    0.9071;    0.471364;    0.0003;    03;
02:28 ;		 Sagittal;    233;    2;    1;    1;    17;    0.5880;    0.5671    0.9133;    0.551255;    0.0003;    04;
02:28 ;		 Sagittal;    234;    2;    2;    1;    00;    0.6950;    0.6913    0.6285;    0.491745;    0.0003;    00;
02:28 ;		 Sagittal;    234;    2;    2;    1;    01;    0.6905;    0.6832    0.7059;    0.506255;    0.0003;    00;
02:29 ;		 Sagittal;    234;    2;    2;    1;    02;    0.6663;    0.6744    0.7121;    0.538767;    0.0003;    00;
02:29 ;		 Sagittal;    234;    2;    2;    1;    03;    0.6436;    0.6645    0.7492;    0.545407;    0.0003;    00;
02:29 ;		 Sagittal;    234;    2;    2;    1;    04;    0.6589;    0.6557    0.7709;    0.552196;    0.0003;    00;
02:29 ;		 Sagittal;    234;    2;    2;    1;    05;    0.6278;    0.6468    0.8019;    0.557001;    0.0003;    00;
02:29 ;		 Sagittal;    234;    2;    2;    1;    06;    0.6608;    0.6404    0.7988;    0.557949;    0.0003;    00;
02:29 ;		 Sagittal;    234;    2;    2;    1;    07;    0.6388;    0.6345    0.8111;    0.553807;    0.0003;    01;
02:29 ;		 Sagittal;    234;    2;    2;    1;    08;    0.6294;    0.6320    0.8142;    0.584253;    0.0003;    00;
02:30 ;		 Sagittal;    234;    2;    2;    1;    09;    0.6131;    0.6219    0.8266;    0.568218;    0.0003;    00;
02:30 ;		 Sagittal;    234;    2;    2;    1;    10;    0.5844;    0.6191    0.8266;    0.559342;    0.0003;    00;
02:30 ;		 Sagittal;    234;    2;    2;    1;    11;    0.5909;    0.6180    0.8297;    0.505857;    0.0003;    01;
02:30 ;		 Sagittal;    234;    2;    2;    1;    12;    0.6020;    0.6156    0.8204;    0.523268;    0.0003;    00;
02:30 ;		 Sagittal;    234;    2;    2;    1;    13;    0.5878;    0.6190    0.8204;    0.517437;    0.0003;    01;
02:30 ;		 Sagittal;    234;    2;    2;    1;    14;    0.6046;    0.6170    0.8266;    0.600542;    0.0003;    02;
02:30 ;		 Sagittal;    234;    2;    2;    1;    15;    0.5647;    0.6274    0.8204;    0.650311;    0.00015;    03;
02:31 ;		 Sagittal;    234;    2;    2;    1;    16;    0.5494;    0.6050    0.8173;    0.588672;    0.00015;    04;
02:31 ;		 Sagittal;    235;    3;    0;    1;    00;    0.7016;    0.7020    0.2043;    inf;    0.0003;    00;
02:31 ;		 Sagittal;    235;    3;    0;    1;    01;    0.7040;    0.6979    0.2353;    inf;    0.0003;    00;
02:31 ;		 Sagittal;    235;    3;    0;    1;    02;    0.6680;    0.6893    0.6502;    0.511330;    0.0003;    00;
02:31 ;		 Sagittal;    235;    3;    0;    1;    03;    0.6768;    0.6840    0.7554;    0.506063;    0.0003;    00;
02:31 ;		 Sagittal;    235;    3;    0;    1;    04;    0.6770;    0.6794    0.7616;    0.504858;    0.0003;    00;
02:31 ;		 Sagittal;    235;    3;    0;    1;    05;    0.6650;    0.6745    0.7833;    0.507045;    0.0003;    00;
02:32 ;		 Sagittal;    235;    3;    0;    1;    06;    0.6780;    0.6678    0.8111;    0.525641;    0.0003;    00;
02:32 ;		 Sagittal;    235;    3;    0;    1;    07;    0.6577;    0.6634    0.8235;    0.530612;    0.0003;    00;
02:32 ;		 Sagittal;    235;    3;    0;    1;    08;    0.6504;    0.6649    0.7988;    0.533763;    0.0003;    00;
02:32 ;		 Sagittal;    235;    3;    0;    1;    09;    0.6943;    0.6649    0.7957;    0.543634;    0.0003;    01;
02:32 ;		 Sagittal;    235;    3;    0;    1;    10;    0.6544;    0.6490    0.8266;    0.580075;    0.0003;    02;
02:32 ;		 Sagittal;    235;    3;    0;    1;    11;    0.6535;    0.6414    0.8328;    0.573508;    0.0003;    00;
02:32 ;		 Sagittal;    235;    3;    0;    1;    12;    0.6517;    0.6360    0.8452;    0.549310;    0.0003;    00;
02:33 ;		 Sagittal;    235;    3;    0;    1;    13;    0.6260;    0.6313    0.8452;    0.555801;    0.0003;    00;
02:33 ;		 Sagittal;    235;    3;    0;    1;    14;    0.6423;    0.6273    0.8669;    0.550954;    0.0003;    01;
02:33 ;		 Sagittal;    235;    3;    0;    1;    15;    0.6525;    0.6274    0.8514;    0.544752;    0.0003;    00;
02:33 ;		 Sagittal;    235;    3;    0;    1;    16;    0.6057;    0.6234    0.8514;    0.545867;    0.0003;    01;
02:33 ;		 Sagittal;    235;    3;    0;    1;    17;    0.6160;    0.6337    0.8359;    0.540005;    0.0003;    02;
02:33 ;		 Sagittal;    235;    3;    0;    1;    18;    0.6216;    0.6442    0.8142;    0.504328;    0.0003;    03;
02:34 ;		 Sagittal;    235;    3;    0;    1;    19;    0.6077;    0.6212    0.8483;    0.572974;    0.0003;    04;
02:34 ;		 Sagittal;    236;    3;    1;    1;    00;    0.6837;    0.6896    0.6285;    0.511834;    0.0003;    00;
02:34 ;		 Sagittal;    236;    3;    1;    1;    01;    0.6692;    0.6775    0.7245;    0.544662;    0.0003;    00;
02:34 ;		 Sagittal;    236;    3;    1;    1;    02;    0.6632;    0.6614    0.7616;    0.571924;    0.0003;    00;
02:34 ;		 Sagittal;    236;    3;    1;    1;    03;    0.6573;    0.6495    0.7771;    0.593129;    0.0003;    00;
02:34 ;		 Sagittal;    236;    3;    1;    1;    04;    0.6500;    0.6428    0.7802;    0.616997;    0.0003;    00;
02:34 ;		 Sagittal;    236;    3;    1;    1;    05;    0.6669;    0.6403    0.7771;    0.638302;    0.0003;    00;
02:34 ;		 Sagittal;    236;    3;    1;    1;    06;    0.6431;    0.6285    0.7833;    0.632492;    0.0003;    01;
02:35 ;		 Sagittal;    236;    3;    1;    1;    07;    0.6331;    0.6229    0.7895;    0.621074;    0.0003;    00;
02:35 ;		 Sagittal;    236;    3;    1;    1;    08;    0.6237;    0.6113    0.7988;    0.617104;    0.0003;    00;
02:35 ;		 Sagittal;    236;    3;    1;    1;    09;    0.6607;    0.6052    0.8019;    0.624111;    0.0003;    00;
02:35 ;		 Sagittal;    236;    3;    1;    1;    10;    0.6443;    0.6036    0.7988;    0.611469;    0.0003;    00;
02:35 ;		 Sagittal;    236;    3;    1;    1;    11;    0.6195;    0.5990    0.8019;    0.597186;    0.0003;    01;
02:35 ;		 Sagittal;    236;    3;    1;    1;    12;    0.6363;    0.5913    0.8080;    0.612419;    0.0003;    02;
02:35 ;		 Sagittal;    236;    3;    1;    1;    13;    0.6128;    0.5866    0.8173;    0.610217;    0.0003;    00;
02:36 ;		 Sagittal;    236;    3;    1;    1;    14;    0.6206;    0.5801    0.8204;    0.621567;    0.0003;    00;
02:36 ;		 Sagittal;    236;    3;    1;    1;    15;    0.6131;    0.5760    0.8235;    0.625275;    0.0003;    00;
02:36 ;		 Sagittal;    236;    3;    1;    1;    16;    0.6069;    0.5707    0.8328;    0.620880;    0.0003;    00;
02:36 ;		 Sagittal;    236;    3;    1;    1;    17;    0.5638;    0.5596    0.8421;    0.609972;    0.0003;    00;
02:36 ;		 Sagittal;    236;    3;    1;    1;    18;    0.5853;    0.5566    0.8483;    0.565589;    0.0003;    00;
02:36 ;		 Sagittal;    236;    3;    1;    1;    19;    0.5790;    0.5585    0.8452;    0.566165;    0.0003;    00;
02:36 ;		 Sagittal;    236;    3;    1;    1;    20;    0.5769;    0.5664    0.8111;    0.632155;    0.0003;    01;
02:36 ;		 Sagittal;    236;    3;    1;    1;    21;    0.5845;    0.5833    0.7926;    0.593139;    0.00015;    02;
02:37 ;		 Sagittal;    236;    3;    1;    1;    22;    0.5800;    0.5715    0.8050;    0.706196;    0.00015;    03;
02:37 ;		 Sagittal;    236;    3;    1;    1;    23;    0.5678;    0.5499    0.8173;    0.697465;    0.00015;    04;
02:37 ;		 Sagittal;    237;    3;    2;    1;    00;    0.6714;    0.6845    0.7368;    0.484450;    0.0003;    00;
02:37 ;		 Sagittal;    237;    3;    2;    1;    01;    0.6312;    0.6782    0.7214;    0.520894;    0.0003;    00;
02:37 ;		 Sagittal;    237;    3;    2;    1;    02;    0.6648;    0.6763    0.6842;    0.569510;    0.0003;    01;
02:37 ;		 Sagittal;    237;    3;    2;    1;    03;    0.6283;    0.6803    0.6625;    0.605937;    0.0003;    02;
02:37 ;		 Sagittal;    237;    3;    2;    1;    04;    0.6226;    0.6828    0.6656;    0.631818;    0.0003;    03;
02:38 ;		 Sagittal;    237;    3;    2;    1;    05;    0.6404;    0.6828    0.6780;    0.650841;    0.00015;    04;
02:38 ;		 Sagittal;    238;    4;    0;    1;    00;    0.6959;    0.6844    0.6966;    0.529782;    0.0003;    00;
02:38 ;		 Sagittal;    238;    4;    0;    1;    01;    0.7049;    0.6823    0.7183;    0.527794;    0.0003;    00;
02:38 ;		 Sagittal;    238;    4;    0;    1;    02;    0.6968;    0.6772    0.7461;    0.526424;    0.0003;    00;
02:38 ;		 Sagittal;    238;    4;    0;    1;    03;    0.6792;    0.6704    0.7833;    0.536934;    0.0003;    00;
02:38 ;		 Sagittal;    238;    4;    0;    1;    04;    0.6902;    0.6633    0.8019;    0.533274;    0.0003;    00;
02:38 ;		 Sagittal;    238;    4;    0;    1;    05;    0.6975;    0.6610    0.8019;    0.528332;    0.0003;    00;
02:38 ;		 Sagittal;    238;    4;    0;    1;    06;    0.6725;    0.6565    0.8142;    0.530067;    0.0003;    01;
02:39 ;		 Sagittal;    238;    4;    0;    1;    07;    0.6710;    0.6531    0.7988;    0.540464;    0.0003;    00;
02:39 ;		 Sagittal;    238;    4;    0;    1;    08;    0.6676;    0.6478    0.7957;    0.553516;    0.0003;    01;
02:39 ;		 Sagittal;    238;    4;    0;    1;    09;    0.6643;    0.6396    0.8019;    0.544385;    0.0003;    02;
02:39 ;		 Sagittal;    238;    4;    0;    1;    10;    0.6639;    0.6359    0.8080;    0.549179;    0.0003;    03;
02:39 ;		 Sagittal;    238;    4;    0;    1;    11;    0.6397;    0.6294    0.8173;    0.550825;    0.0003;    04;
02:39 ;		 Sagittal;    238;    4;    0;    1;    12;    0.6335;    0.6272    0.8235;    0.554554;    0.0003;    00;
02:39 ;		 Sagittal;    238;    4;    0;    1;    13;    0.6521;    0.6160    0.8390;    0.559407;    0.0003;    00;
02:40 ;		 Sagittal;    238;    4;    0;    1;    14;    0.6365;    0.6195    0.8235;    0.581676;    0.0003;    00;
02:40 ;		 Sagittal;    238;    4;    0;    1;    15;    0.6245;    0.6364    0.7833;    0.599421;    0.0003;    01;
02:40 ;		 Sagittal;    238;    4;    0;    1;    16;    0.6246;    0.6254    0.7647;    0.638461;    0.00015;    02;
02:40 ;		 Sagittal;    238;    4;    0;    1;    17;    0.6092;    0.6188    0.7709;    0.623537;    0.00015;    03;
02:40 ;		 Sagittal;    238;    4;    0;    1;    18;    0.6387;    0.6093    0.7678;    0.611036;    0.00015;    04;
02:40 ;		 Sagittal;    239;    4;    1;    1;    00;    0.6974;    0.6921    0.4211;    0.529591;    0.0003;    00;
02:40 ;		 Sagittal;    239;    4;    1;    1;    01;    0.6978;    0.6901    0.5511;    0.528304;    0.0003;    00;
02:41 ;		 Sagittal;    239;    4;    1;    1;    02;    0.6740;    0.6851    0.6254;    0.517700;    0.0003;    00;
02:41 ;		 Sagittal;    239;    4;    1;    1;    03;    0.6708;    0.6809    0.6378;    0.522432;    0.0003;    00;
02:41 ;		 Sagittal;    239;    4;    1;    1;    04;    0.6615;    0.6724    0.6780;    0.478648;    0.0003;    00;
02:41 ;		 Sagittal;    239;    4;    1;    1;    05;    0.6622;    0.6676    0.6904;    0.472397;    0.0003;    00;
02:41 ;		 Sagittal;    239;    4;    1;    1;    06;    0.6570;    0.6653    0.6997;    0.486184;    0.0003;    00;
02:41 ;		 Sagittal;    239;    4;    1;    1;    07;    0.6420;    0.6663    0.6811;    0.543461;    0.0003;    00;
02:41 ;		 Sagittal;    239;    4;    1;    1;    08;    0.6367;    0.6668    0.6656;    0.552870;    0.0003;    01;
02:41 ;		 Sagittal;    239;    4;    1;    1;    09;    0.6283;    0.6571    0.6563;    0.527249;    0.0003;    02;
02:42 ;		 Sagittal;    239;    4;    1;    1;    10;    0.6450;    0.6543    0.6625;    0.579910;    0.0003;    03;
02:42 ;		 Sagittal;    239;    4;    1;    1;    11;    0.6189;    0.6507    0.6656;    0.556522;    0.0003;    04;
02:42 ;		 Sagittal;    240;    4;    2;    1;    00;    0.7050;    0.6948    0.4167;    0.494767;    0.0003;    00;
02:42 ;		 Sagittal;    240;    4;    2;    1;    01;    0.6973;    0.6872    0.8056;    0.477594;    0.0003;    00;
02:42 ;		 Sagittal;    240;    4;    2;    1;    02;    0.6941;    0.6741    0.8611;    0.486004;    0.0003;    00;
02:42 ;		 Sagittal;    240;    4;    2;    1;    03;    0.6595;    0.6635    0.8488;    0.493678;    0.0003;    00;
02:42 ;		 Sagittal;    240;    4;    2;    1;    04;    0.6834;    0.6526    0.8272;    0.519711;    0.0003;    01;
02:42 ;		 Sagittal;    240;    4;    2;    1;    05;    0.6705;    0.6441    0.8426;    0.535404;    0.0003;    02;
02:43 ;		 Sagittal;    240;    4;    2;    1;    06;    0.6553;    0.6416    0.8580;    0.526181;    0.0003;    03;
02:43 ;		 Sagittal;    240;    4;    2;    1;    07;    0.6687;    0.6371    0.8611;    0.539897;    0.0003;    04;
