Timestamp;		 Model;OuterFold;InnerFold;HPset;Epoch;TrainLoss;TrainAcc;ValLoss;ValAcc;AUC;EMA_ValLoss;LR;NoImprove;LrDrop;EsTriggered;BestValLoss;BestEpoch
09/02/25 - 09:52 ;		 MultiViewCNN;1;1;1;0;0.6964592606790604;0.5483870967741935;0.6954536860988986;0.5483870967741935;0.2815126050420168;0.6954536860988986;0.0002;0;0;0;0.6954536860988986;0
09/02/25 - 09:52 ;		 MultiViewCNN;1;1;1;1;0.6871324046965568;0.5806451612903226;0.6922577984871403;0.5483870967741935;0.47058823529411764;0.694494919815371;0.0002;1;0;0;0.6954536860988986;0
09/02/25 - 09:53 ;		 MultiViewCNN;1;1;1;2;0.686956851713119;0.5645161290322581;0.686538863566614;0.5483870967741935;0.7521008403361344;0.6921081029407439;0.0002;0;0;0;0.686538863566614;2
09/02/25 - 09:53 ;		 MultiViewCNN;1;1;1;3;0.683775496098303;0.5806451612903226;0.6788475724958605;0.5806451612903226;0.76890756302521;0.6881299438072788;0.0002;0;0;0;0.6788475724958605;3
09/02/25 - 09:54 ;		 MultiViewCNN;1;1;1;4;0.6832230956323685;0.6290322580645161;0.673818786298075;0.5806451612903226;0.7436974789915967;0.6838365965545176;0.0002;0;0;0;0.673818786298075;4
09/02/25 - 09:54 ;		 MultiViewCNN;1;1;1;5;0.6672558265347635;0.7258064516129032;0.6692789543059564;0.5483870967741935;0.7436974789915967;0.6794693038799492;0.0002;0;0;0;0.6692789543059564;5
09/02/25 - 09:55 ;		 MultiViewCNN;1;1;1;6;0.668780590257337;0.6451612903225806;0.6656477528233682;0.5483870967741935;0.7521008403361344;0.6753228385629748;0.0002;0;0;0;0.6656477528233682;6
09/02/25 - 09:55 ;		 MultiViewCNN;1;1;1;7;0.6669175240301317;0.7419354838709677;0.6618932543262359;0.6129032258064516;0.7563025210084033;0.6712939632919531;0.0002;0;0;0;0.6618932543262359;7
09/02/25 - 09:56 ;		 MultiViewCNN;1;1;1;8;0.6632751822471619;0.6451612903225806;0.6578225820295273;0.6451612903225806;0.7563025210084034;0.6672525489132253;0.0002;0;0;0;0.6578225820295273;8
09/02/25 - 09:56 ;		 MultiViewCNN;1;1;1;9;0.6594172350821956;0.7258064516129032;0.6542428481963373;0.6451612903225806;0.7563025210084033;0.6633496386981588;0.0002;0;0;0;0.6542428481963373;9
09/02/25 - 09:57 ;		 MultiViewCNN;1;1;1;10;0.6514068342024281;0.7419354838709677;0.6499814871818789;0.6129032258064516;0.7605042016806722;0.6593391932432747;0.0002;0;0;0;0.6499814871818789;10
09/02/25 - 09:57 ;		 MultiViewCNN;1;1;1;11;0.6401966521816869;0.6774193548387096;0.6461416732880377;0.6129032258064516;0.7563025210084033;0.6553799372567036;0.0002;0;0;0;0.6461416732880377;11
09/02/25 - 09:58 ;		 MultiViewCNN;1;1;1;12;0.6458688532152483;0.7419354838709677;0.643827001894674;0.6129032258064516;0.7352941176470589;0.6519140566480948;0.0002;0;0;0;0.643827001894674;12
09/02/25 - 09:58 ;		 MultiViewCNN;1;1;1;13;0.6480377162656477;0.6935483870967742;0.6397999505842885;0.5806451612903226;0.73109243697479;0.6482798248289529;0.0002;0;0;0;0.6397999505842885;13
09/02/25 - 09:59 ;		 MultiViewCNN;1;1;1;14;0.6332040121478419;0.6935483870967742;0.6356389445643271;0.5806451612903226;0.73109243697479;0.644487560749565;0.0002;0;0;0;0.6356389445643271;14
09/02/25 - 09:59 ;		 MultiViewCNN;1;1;1;15;0.6311104816775168;0.7580645161290323;0.6286900831807044;0.6129032258064516;0.7394957983193277;0.6397483174789068;0.0002;0;0;0;0.6286900831807044;15
09/02/25 - 10:00 ;		 MultiViewCNN;1;1;1;16;0.6078739166259766;0.7903225806451613;0.6249438062790902;0.6129032258064516;0.7436974789915967;0.6353069641189618;0.0002;0;0;0;0.6249438062790902;16
09/02/25 - 10:01 ;		 MultiViewCNN;1;1;1;17;0.6097880736474068;0.7419354838709677;0.6248191768123258;0.5806451612903226;0.7352941176470589;0.6321606279269709;0.0002;0;0;0;0.6248191768123258;17
09/02/25 - 10:01 ;		 MultiViewCNN;1;1;1;18;0.5841340172675348;0.7741935483870968;0.6199233320451552;0.6129032258064516;0.7436974789915967;0.6284894391624262;0.0002;0;0;0;0.6199233320451552;18
09/02/25 - 10:02 ;		 MultiViewCNN;1;1;1;19;0.6175264100874623;0.7096774193548387;0.6157051786299674;0.6451612903225806;0.7394957983193277;0.6246541610026886;0.0002;0;0;0;0.6157051786299674;19
09/02/25 - 10:02 ;		 MultiViewCNN;1;1;1;20;0.5835720262219829;0.7096774193548387;0.6137816425292723;0.5806451612903226;0.7394957983193277;0.6213924054606637;0.0002;0;0;0;0.6137816425292723;20
09/02/25 - 10:03 ;		 MultiViewCNN;1;1;1;21;0.5908275054347131;0.7419354838709677;0.6088895163228435;0.5806451612903226;0.7394957983193277;0.6176415387193176;0.0002;0;0;0;0.6088895163228435;21
09/02/25 - 10:03 ;		 MultiViewCNN;1;1;1;22;0.5739644150580129;0.8225806451612904;0.6054267248799724;0.6774193548387096;0.7436974789915967;0.613977094567514;0.0002;0;0;0;0.6054267248799724;22
09/02/25 - 10:04 ;		 MultiViewCNN;1;1;1;23;0.6014840449056318;0.6774193548387096;0.6030077049809117;0.6129032258064516;0.7436974789915967;0.6106862776915333;0.0002;0;0;0;0.6030077049809117;23
09/02/25 - 10:04 ;		 MultiViewCNN;1;1;1;24;0.5543910880242625;0.6935483870967742;0.6004540055028854;0.5806451612903226;0.7436974789915967;0.6076165960349389;0.0002;0;0;0;0.6004540055028854;24
09/02/25 - 10:04 ;		 MultiViewCNN;1;1;1;25;0.5685803524909481;0.7258064516129032;0.5973377073964765;0.6451612903225806;0.7478991596638656;0.6045329294434002;0.0002;0;0;0;0.5973377073964765;25
09/02/25 - 10:05 ;		 MultiViewCNN;1;1;1;26;0.552144915826859;0.7419354838709677;0.5970677618057497;0.7096774193548387;0.76890756302521;0.602293379152105;0.0002;0;0;0;0.5970677618057497;26
09/02/25 - 10:05 ;		 MultiViewCNN;1;1;1;27;0.5094809109164823;0.8709677419354839;0.5928895204297958;0.6774193548387096;0.7563025210084033;0.5994722215354122;0.0002;0;0;0;0.5928895204297958;27
09/02/25 - 10:06 ;		 MultiViewCNN;1;1;1;28;0.48477640267341365;0.8548387096774194;0.5924722802254462;0.6774193548387096;0.7436974789915966;0.5973722391424223;0.0002;0;0;0;0.5924722802254462;28
09/02/25 - 10:06 ;		 MultiViewCNN;1;1;1;29;0.5079480467304107;0.8225806451612904;0.5886269577087895;0.6451612903225806;0.7521008403361344;0.5947486547123324;0.0002;0;0;0;0.5886269577087895;29
09/02/25 - 10:07 ;		 MultiViewCNN;1;1;2;0;0.6901209046763759;0.5;0.6873495232674384;0.5483870967741935;0.7857142857142856;0.6873495232674384;0.0002;0;0;0;0.6873495232674384;0
09/02/25 - 10:08 ;		 MultiViewCNN;1;1;2;1;0.6844769370171332;0.5806451612903226;0.6837830889609552;0.5806451612903226;0.7941176470588236;0.6862795929754933;0.0002;1;0;0;0.6873495232674384;0
09/02/25 - 10:08 ;		 MultiViewCNN;1;1;2;2;0.6778901065549543;0.6451612903225806;0.6772515869909718;0.6451612903225806;0.7731092436974789;0.6835711911801368;0.0002;0;0;0;0.6772515869909718;2
09/02/25 - 10:09 ;		 MultiViewCNN;1;1;2;3;0.676382266706036;0.6129032258064516;0.6695555660032457;0.6129032258064516;0.7605042016806722;0.6793665036270694;0.0002;0;0;0;0.6695555660032457;3
09/02/25 - 10:09 ;		 MultiViewCNN;1;1;2;4;0.6648523961344073;0.6451612903225806;0.6629915448927111;0.5806451612903226;0.7563025210084033;0.6744540160067619;0.0002;0;0;0;0.6629915448927111;4
09/02/25 - 10:10 ;		 MultiViewCNN;1;1;2;5;0.6647430639113149;0.6451612903225806;0.6577425426052462;0.5483870967741935;0.7521008403361344;0.6694405739863072;0.0002;0;0;0;0.6577425426052462;5
09/02/25 - 10:10 ;		 MultiViewCNN;1;1;2;6;0.6527511227515436;0.6290322580645161;0.6524354065618208;0.5806451612903226;0.7563025210084034;0.6643390237589613;0.0002;0;0;0;0.6524354065618208;6
09/02/25 - 10:11 ;		 MultiViewCNN;1;1;2;7;0.6458296756590566;0.6774193548387096;0.6469641327857971;0.6129032258064516;0.7563025210084033;0.659126556467012;0.0002;0;0;0;0.6469641327857971;7
09/02/25 - 10:11 ;		 MultiViewCNN;1;1;2;8;0.6383356644261268;0.7096774193548387;0.6412737023445868;0.6129032258064516;0.7605042016806722;0.6537707002302844;0.0002;0;0;0;0.6412737023445868;8
09/02/25 - 10:12 ;		 MultiViewCNN;1;1;2;9;0.6402983338602127;0.7096774193548387;0.6362305283546448;0.6451612903225806;0.7647058823529411;0.6485086486675925;0.0002;0;0;0;0.6362305283546448;9
09/02/25 - 10:12 ;		 MultiViewCNN;1;1;2;10;0.6261817601419264;0.6935483870967742;0.6307839578197848;0.6451612903225806;0.7605042016806723;0.6431912414132501;0.0002;0;0;0;0.6307839578197848;10
09/02/25 - 10:12 ;		 MultiViewCNN;1;1;2;11;0.6078332489536654;0.7741935483870968;0.6271076779211721;0.6451612903225806;0.7563025210084033;0.6383661723656266;0.0002;0;0;0;0.6271076779211721;11
09/02/25 - 10:13 ;		 MultiViewCNN;1;1;2;12;0.6200256424565469;0.7096774193548387;0.6275911773404768;0.6451612903225806;0.7436974789915967;0.6351336738580816;0.0002;0;0;0;0.6275911773404768;12
09/02/25 - 10:13 ;		 MultiViewCNN;1;1;2;13;0.6162937629607416;0.7096774193548387;0.6193363089715281;0.6451612903225806;0.7647058823529411;0.6303944643921155;0.0002;0;0;0;0.6193363089715281;13
09/02/25 - 10:14 ;		 MultiViewCNN;1;1;2;14;0.5961406192471904;0.7096774193548387;0.6163251361539287;0.6451612903225806;0.7605042016806723;0.6261736659206594;0.0002;0;0;0;0.6163251361539287;14
09/02/25 - 10:15 ;		 MultiViewCNN;1;1;2;15;0.6283760128482696;0.6774193548387096;0.6128986650897611;0.6451612903225806;0.7647058823529412;0.6221911656713899;0.0002;0;0;0;0.6128986650897611;15
09/02/25 - 10:15 ;		 MultiViewCNN;1;1;2;16;0.5946443061674794;0.7580645161290323;0.6076851948615043;0.7096774193548387;0.7647058823529412;0.6178393744284242;0.0002;0;0;0;0.6076851948615043;16
09/02/25 - 10:16 ;		 MultiViewCNN;1;1;2;17;0.5565641935794584;0.8064516129032258;0.6054903711042097;0.6774193548387096;0.7689075630252101;0.6141346734311598;0.0002;0;0;0;0.6054903711042097;17
09/02/25 - 10:16 ;		 MultiViewCNN;1;1;2;18;0.5821762642552776;0.6935483870967742;0.6054580673094718;0.6774193548387096;0.7647058823529411;0.6115316915946534;0.0002;0;0;0;0.6054580673094718;18
09/02/25 - 10:17 ;		 MultiViewCNN;1;1;2;19;0.5847276026202787;0.7096774193548387;0.605461751261065;0.7096774193548387;0.7773109243697478;0.6097107094945768;0.0002;1;0;0;0.6054580673094718;18
09/02/25 - 10:17 ;		 MultiViewCNN;1;1;2;20;0.5444967458325047;0.7903225806451613;0.5939529499699993;0.7096774193548387;0.7815126050420167;0.6049833816372036;0.0002;0;0;0;0.5939529499699993;20
09/02/25 - 10:18 ;		 MultiViewCNN;1;1;2;21;0.5438763960715263;0.7741935483870968;0.5889739548006365;0.7096774193548387;0.7773109243697479;0.6001805535862335;0.0002;0;0;0;0.5889739548006365;21
09/02/25 - 10:19 ;		 MultiViewCNN;1;1;2;22;0.541281436720202;0.8064516129032258;0.59350594012968;0.7096774193548387;0.7731092436974789;0.5981781695492674;0.0002;0;0;0;0.59350594012968;22
09/02/25 - 10:19 ;		 MultiViewCNN;1;1;2;23;0.5665766808294481;0.7580645161290323;0.6105630859251945;0.7096774193548387;0.7815126050420169;0.6018936444620455;0.0002;1;0;0;0.59350594012968;22
09/02/25 - 10:20 ;		 MultiViewCNN;1;1;2;24;0.5211731406950182;0.8548387096774194;0.6090377069288685;0.7096774193548387;0.7941176470588235;0.6040368632020924;0.0002;2;0;0;0.59350594012968;22
09/02/25 - 10:20 ;		 MultiViewCNN;1;1;2;25;0.49787489637251825;0.8225806451612904;0.60961276677347;0.6774193548387096;0.7983193277310924;0.6057096342735057;0.0001;3;1;0;0.59350594012968;22
09/02/25 - 10:21 ;		 MultiViewCNN;1;1;2;26;0.530493886240067;0.7903225806451613;0.5774208432243716;0.7096774193548387;0.8109243697478992;0.5972229969587655;0.0001;4;0;0;0.59350594012968;22
09/02/25 - 10:21 ;		 MultiViewCNN;1;1;2;27;0.5250403938754913;0.8225806451612904;0.5755235927720224;0.7096774193548387;0.8067226890756304;0.5907131757027425;0.0001;0;0;0;0.5755235927720224;27
09/02/25 - 10:22 ;		 MultiViewCNN;1;1;2;28;0.5214396792073404;0.8387096774193549;0.5699224154795369;0.7419354838709677;0.8109243697478993;0.5844759476357808;0.0001;0;0;0;0.5699224154795369;28
09/02/25 - 10:22 ;		 MultiViewCNN;1;1;2;29;0.5045627951622009;0.8064516129032258;0.5657258216411837;0.7096774193548387;0.8025210084033613;0.5788509098374017;0.0001;0;0;0;0.5657258216411837;29
09/02/25 - 10:23 ;		 MultiViewCNN;1;1;3;0;0.6935946999057647;0.5161290322580645;0.6860864297036202;0.5483870967741935;0.8130252100840336;0.6860864297036202;0.0002;0;0;0;0.6860864297036202;0
09/02/25 - 10:23 ;		 MultiViewCNN;1;1;3;1;0.6853788379699953;0.5483870967741935;0.682586669921875;0.6451612903225806;0.8445378151260504;0.6850365017690966;0.0002;1;0;0;0.6860864297036202;0
09/02/25 - 10:24 ;		 MultiViewCNN;1;1;3;2;0.6770493388175964;0.5806451612903226;0.676597289500698;0.6451612903225806;0.7941176470588235;0.6825047380885769;0.0002;0;0;0;0.676597289500698;2
09/02/25 - 10:24 ;		 MultiViewCNN;1;1;3;3;0.6703595826702733;0.5483870967741935;0.6694754035242142;0.6451612903225806;0.7521008403361344;0.6785959377192681;0.0002;0;0;0;0.6694754035242142;3
09/02/25 - 10:25 ;		 MultiViewCNN;1;1;3;4;0.6651571546831438;0.6774193548387096;0.6642020325506887;0.6451612903225806;0.7394957983193278;0.6742777661686943;0.0002;0;0;0;0.6642020325506887;4
09/02/25 - 10:25 ;		 MultiViewCNN;1;1;3;5;0.6634381182732121;0.6774193548387096;0.659549472793456;0.6451612903225806;0.7268907563025211;0.6698592781561228;0.0002;0;0;0;0.659549472793456;5
09/02/25 - 10:26 ;		 MultiViewCNN;1;1;3;6;0.6527230797275421;0.6774193548387096;0.6550159454345703;0.6129032258064516;0.7310924369747898;0.665406278339657;0.0002;0;0;0;0.6550159454345703;6
09/02/25 - 10:26 ;		 MultiViewCNN;1;1;3;7;0.6598792287611193;0.6129032258064516;0.650307011219763;0.5806451612903226;0.7310924369747898;0.6608764982036888;0.0002;0;0;0;0.650307011219763;7
09/02/25 - 10:27 ;		 MultiViewCNN;1;1;3;8;0.6387771810254743;0.6774193548387096;0.6461596815816818;0.5806451612903226;0.7352941176470588;0.6564614532170866;0.0002;0;0;0;0.6461596815816818;8
09/02/25 - 10:27 ;		 MultiViewCNN;1;1;3;9;0.6540070656807192;0.5806451612903226;0.6438915498795048;0.5806451612903226;0.726890756302521;0.652690482215812;0.0002;0;0;0;0.6438915498795048;9
09/02/25 - 10:28 ;		 MultiViewCNN;1;1;3;10;0.6575917524676169;0.6290322580645161;0.6390454211542683;0.5806451612903226;0.7352941176470589;0.6485969638973489;0.0002;0;0;0;0.6390454211542683;10
09/02/25 - 10:28 ;		 MultiViewCNN;1;1;3;11;0.6387155344409328;0.6935483870967742;0.6361128111039439;0.5806451612903226;0.7310924369747899;0.6448517180593274;0.0002;0;0;0;0.6361128111039439;11
09/02/25 - 10:29 ;		 MultiViewCNN;1;1;3;12;0.6500657393086341;0.6774193548387096;0.6339471474770577;0.5806451612903226;0.7184873949579832;0.6415803468846464;0.0002;0;0;0;0.6339471474770577;12
09/02/25 - 10:29 ;		 MultiViewCNN;1;1;3;13;0.6336956697125589;0.7096774193548387;0.6291930175596668;0.6129032258064516;0.7352941176470589;0.6378641480871525;0.0002;0;0;0;0.6291930175596668;13
09/02/25 - 10:30 ;		 MultiViewCNN;1;1;3;14;0.6295456636336542;0.6612903225806451;0.6240525687894514;0.6129032258064516;0.7436974789915967;0.6337206742978422;0.0002;0;0;0;0.6240525687894514;14
09/02/25 - 10:31 ;		 MultiViewCNN;1;1;3;15;0.6368336965960841;0.6612903225806451;0.6208520685472796;0.6129032258064516;0.7478991596638656;0.6298600925726734;0.0002;0;0;0;0.6208520685472796;15
09/02/25 - 10:31 ;		 MultiViewCNN;1;1;3;16;0.6503193589948839;0.5967741935483871;0.6202575026019927;0.6129032258064516;0.7394957983193278;0.6269793155814691;0.0002;0;0;0;0.6202575026019927;16
09/02/25 - 10:31 ;		 MultiViewCNN;1;1;3;17;0.6008463425021018;0.7580645161290323;0.6163588396964534;0.6129032258064516;0.7436974789915967;0.6237931728159644;0.0002;0;0;0;0.6163588396964534;17
09/02/25 - 10:32 ;		 MultiViewCNN;1;1;3;18;0.6038625144189403;0.7419354838709677;0.6104021360797267;0.6129032258064516;0.7605042016806722;0.619775861795093;0.0002;0;0;0;0.6104021360797267;18
09/02/25 - 10:32 ;		 MultiViewCNN;1;1;3;19;0.6026638111760539;0.7258064516129032;0.6066733348754144;0.6774193548387096;0.76890756302521;0.6158451037191894;0.0002;0;0;0;0.6066733348754144;19
09/02/25 - 10:33 ;		 MultiViewCNN;1;1;3;20;0.6131255761269601;0.7258064516129032;0.6069564761654023;0.6451612903225806;0.7731092436974789;0.6131785154530532;0.0002;0;0;0;0.6069564761654023;20
09/02/25 - 10:33 ;		 MultiViewCNN;1;1;3;21;0.5926898333334154;0.7419354838709677;0.6047803028937309;0.7096774193548387;0.773109243697479;0.6106590516852565;0.0002;0;0;0;0.6047803028937309;21
09/02/25 - 10:34 ;		 MultiViewCNN;1;1;3;22;0.6035260846537929;0.7419354838709677;0.5999478813140623;0.6451612903225806;0.773109243697479;0.6074457005738982;0.0002;0;0;0;0.5999478813140623;22
09/02/25 - 10:34 ;		 MultiViewCNN;1;1;3;23;0.5587123344021458;0.7903225806451613;0.5931864457745706;0.6774193548387096;0.76890756302521;0.6031679241340999;0.0002;0;0;0;0.5931864457745706;23
09/02/25 - 10:35 ;		 MultiViewCNN;1;1;3;24;0.5648410339509288;0.7741935483870968;0.5884426428425696;0.6774193548387096;0.7731092436974789;0.5987503397466408;0.0002;0;0;0;0.5884426428425696;24
09/02/25 - 10:35 ;		 MultiViewCNN;1;1;3;25;0.5656488114787687;0.7580645161290323;0.5822809127069288;0.7096774193548387;0.76890756302521;0.5938095116347272;0.0002;0;0;0;0.5822809127069288;25
09/02/25 - 10:36 ;		 MultiViewCNN;1;1;3;26;0.5310624337965443;0.8225806451612904;0.5821803952417066;0.6451612903225806;0.7773109243697479;0.5903207767168209;0.0002;0;0;0;0.5821803952417066;26
09/02/25 - 10:37 ;		 MultiViewCNN;1;1;3;27;0.5244656935814889;0.8387096774193549;0.5773783681854125;0.6451612903225806;0.7731092436974789;0.5864380541573984;0.0002;0;0;0;0.5773783681854125;27
09/02/25 - 10:37 ;		 MultiViewCNN;1;1;3;28;0.5517059006998616;0.6935483870967742;0.5787870047553894;0.6774193548387096;0.7773109243697479;0.5841427393367956;0.0002;0;0;0;0.5787870047553894;28
09/02/25 - 10:38 ;		 MultiViewCNN;1;1;3;29;0.5287765860557556;0.8064516129032258;0.5688167839281021;0.7096774193548387;0.7857142857142857;0.5795449527141875;0.0002;0;0;0;0.5688167839281021;29
09/02/25 - 10:38 ;		 MultiViewCNN;1;1;4;0;0.6941808596734078;0.5161290322580645;0.685968897035045;0.6451612903225806;0.773109243697479;0.685968897035045;0.0002;0;0;0;0.685968897035045;0
09/02/25 - 10:39 ;		 MultiViewCNN;1;1;4;1;0.6815029728797174;0.6129032258064516;0.6819403075402782;0.6451612903225806;0.8109243697478992;0.684760320186615;0.0002;1;0;0;0.685968897035045;0
09/02/25 - 10:39 ;		 MultiViewCNN;1;1;4;2;0.6834192218319062;0.5645161290322581;0.6757951186549279;0.6774193548387096;0.8025210084033614;0.6820707597271088;0.0002;0;0;0;0.6757951186549279;2
09/02/25 - 10:40 ;		 MultiViewCNN;1;1;4;3;0.675277833015688;0.6612903225806451;0.6692819345381952;0.6451612903225806;0.7899159663865547;0.6782341121704347;0.0002;0;0;0;0.6692819345381952;3
09/02/25 - 10:40 ;		 MultiViewCNN;1;1;4;4;0.6796094236835357;0.5806451612903226;0.6629134051261409;0.5806451612903226;0.7647058823529411;0.6736379000571466;0.0002;0;0;0;0.6629134051261409;4
09/02/25 - 10:41 ;		 MultiViewCNN;1;1;4;5;0.6567273236090138;0.7258064516129032;0.6580466512710818;0.5806451612903226;0.7605042016806722;0.6689605254213271;0.0002;0;0;0;0.6580466512710818;5
09/02/25 - 10:42 ;		 MultiViewCNN;1;1;4;6;0.6566773826076139;0.6612903225806451;0.6534652344642147;0.5806451612903226;0.7521008403361344;0.6643119381341933;0.0002;0;0;0;0.6534652344642147;6
09/02/25 - 10:42 ;		 MultiViewCNN;1;1;4;7;0.6564184196533696;0.7258064516129032;0.648667412419473;0.6129032258064516;0.7563025210084033;0.6596185804197772;0.0002;0;0;0;0.648667412419473;7
09/02/25 - 10:43 ;		 MultiViewCNN;1;1;4;8;0.6599231516161272;0.6612903225806451;0.6443883988165087;0.6129032258064516;0.7605042016806722;0.6550495259387966;0.0002;0;0;0;0.6443883988165087;8
09/02/25 - 10:43 ;		 MultiViewCNN;1;1;4;9;0.6497924616259914;0.6451612903225806;0.6406506857564372;0.6129032258064516;0.76890756302521;0.6507298738840888;0.0002;0;0;0;0.6406506857564372;9
09/02/25 - 10:43 ;		 MultiViewCNN;1;1;4;10;0.6474353401891647;0.6935483870967742;0.6378421360446561;0.6129032258064516;0.7584033613445378;0.6468635525322589;0.0002;0;0;0;0.6378421360446561;10
09/02/25 - 10:44 ;		 MultiViewCNN;1;1;4;11;0.629738453895815;0.7580645161290323;0.6340245412242028;0.6774193548387096;0.7605042016806722;0.6430118491398421;0.0002;0;0;0;0.6340245412242028;11
09/02/25 - 10:44 ;		 MultiViewCNN;1;1;4;12;0.6194019913673401;0.7419354838709677;0.6301909992771764;0.6774193548387096;0.7647058823529411;0.6391655941810424;0.0002;0;0;0;0.6301909992771764;12
09/02/25 - 10:45 ;		 MultiViewCNN;1;1;4;13;0.6321003187087274;0.6935483870967742;0.6265443659597828;0.7096774193548387;0.7815126050420167;0.6353792257146644;0.0002;0;0;0;0.6265443659597828;13
09/02/25 - 10:45 ;		 MultiViewCNN;1;1;4;14;0.6133364342874096;0.7258064516129032;0.623649695227223;0.7096774193548387;0.7857142857142856;0.6318603665684319;0.0002;0;0;0;0.623649695227223;14
09/02/25 - 10:46 ;		 MultiViewCNN;1;1;4;15;0.6100666926753137;0.6935483870967742;0.6215239744032582;0.7419354838709677;0.7899159663865547;0.6287594489188797;0.0002;0;0;0;0.6215239744032582;15
09/02/25 - 10:46 ;		 MultiViewCNN;1;1;4;16;0.6092881829507889;0.7580645161290323;0.6182254764341539;0.7419354838709677;0.7941176470588234;0.6255992571734619;0.0002;0;0;0;0.6182254764341539;16
09/02/25 - 10:47 ;		 MultiViewCNN;1;1;4;17;0.6041084893288151;0.7258064516129032;0.6149674269460863;0.7419354838709677;0.8025210084033614;0.6224097081052492;0.0002;0;0;0;0.6149674269460863;17
09/02/25 - 10:48 ;		 MultiViewCNN;1;1;4;18;0.6046106661519697;0.7258064516129032;0.6093623580471161;0.7419354838709677;0.7983193277310925;0.6184955030878092;0.0002;0;0;0;0.6093623580471161;18
09/02/25 - 10:48 ;		 MultiViewCNN;1;1;4;19;0.5769164119997332;0.7741935483870968;0.6061515346650155;0.7741935483870968;0.7983193277310925;0.6147923125609711;0.0002;0;0;0;0.6061515346650155;19
09/02/25 - 10:49 ;		 MultiViewCNN;1;1;4;20;0.60037144730168;0.7258064516129032;0.6041497184384254;0.7419354838709677;0.8025210084033614;0.6115995343242073;0.0002;0;0;0;0.6041497184384254;20
09/02/25 - 10:49 ;		 MultiViewCNN;1;1;4;21;0.600638166550667;0.6290322580645161;0.6012098404668993;0.7096774193548387;0.8025210084033614;0.6084826261670149;0.0002;0;0;0;0.6012098404668993;21
09/02/25 - 10:50 ;		 MultiViewCNN;1;1;4;22;0.5788792429431793;0.7419354838709677;0.6063770940226894;0.7096774193548387;0.8025210084033613;0.6078509665237172;0.0002;1;0;0;0.6012098404668993;21
09/02/25 - 10:50 ;		 MultiViewCNN;1;1;4;23;0.5769650686171747;0.7258064516129032;0.6053743352813106;0.6774193548387096;0.8109243697478992;0.6071079771509952;0.0002;2;0;0;0.6012098404668993;21
09/02/25 - 10:51 ;		 MultiViewCNN;1;1;4;24;0.5437768370874466;0.8709677419354839;0.6056530504457412;0.6774193548387096;0.8151260504201681;0.606671499139419;0.0001;3;1;0;0.6012098404668993;21
09/02/25 - 10:51 ;		 MultiViewCNN;1;1;4;25;0.5845545299591557;0.7580645161290323;0.5932901838133412;0.7419354838709677;0.8277310924369748;0.6026571045415956;0.0001;0;0;0;0.5932901838133412;25
09/02/25 - 10:52 ;		 MultiViewCNN;1;1;4;26;0.5439672835411564;0.8387096774193549;0.5805930639466932;0.6774193548387096;0.819327731092437;0.5960378923631249;0.0001;0;0;0;0.5805930639466932;26
09/02/25 - 10:52 ;		 MultiViewCNN;1;1;4;27;0.5401101650730256;0.8225806451612904;0.579834783269513;0.6774193548387096;0.8361344537815125;0.5911769596350414;0.0001;0;0;0;0.579834783269513;27
09/02/25 - 10:53 ;		 MultiViewCNN;1;1;4;28;0.5452890799891564;0.8225806451612904;0.573605872931019;0.7096774193548387;0.819327731092437;0.5859056336238346;0.0001;0;0;0;0.573605872931019;28
09/02/25 - 10:54 ;		 MultiViewCNN;1;1;4;29;0.5609210268143685;0.7258064516129032;0.5801420077200858;0.7096774193548387;0.8235294117647058;0.58417654585271;0.0001;1;0;0;0.573605872931019;28
09/02/25 - 10:54 ;		 MultiViewCNN;1;1;5;0;0.6979883274724407;0.46774193548387094;0.6972183719758065;0.45161290322580644;0.39915966386554624;0.6972183719758065;0.0002;0;0;0;0.6972183719758065;0
09/02/25 - 10:55 ;		 MultiViewCNN;1;1;5;1;0.6791924641978356;0.5645161290322581;0.6939716742884728;0.45161290322580644;0.6344537815126051;0.6962443626696063;0.0002;1;0;0;0.6972183719758065;0
09/02/25 - 10:55 ;		 MultiViewCNN;1;1;5;2;0.6953716585713048;0.4032258064516129;0.6879898328934947;0.6451612903225806;0.726890756302521;0.6937680037367728;0.0002;0;0;0;0.6879898328934947;2
09/02/25 - 10:56 ;		 MultiViewCNN;1;1;5;3;0.6876668487825701;0.5806451612903226;0.6815173106808816;0.6129032258064516;0.7184873949579833;0.6900927958200054;0.0002;0;0;0;0.6815173106808816;3
09/02/25 - 10:56 ;		 MultiViewCNN;1;1;5;4;0.6798149904897136;0.6612903225806451;0.6763490380779389;0.5806451612903226;0.7226890756302522;0.6859696684973854;0.0002;0;0;0;0.6763490380779389;4
09/02/25 - 10:57 ;		 MultiViewCNN;1;1;5;5;0.6789006263979019;0.5967741935483871;0.6714091089464003;0.5806451612903226;0.7226890756302522;0.6816015006320898;0.0002;0;0;0;0.6714091089464003;5
09/02/25 - 10:57 ;		 MultiViewCNN;1;1;5;6;0.6651523132478038;0.6612903225806451;0.6677652905064244;0.5806451612903226;0.7268907563025211;0.6774506375943902;0.0002;0;0;0;0.6677652905064244;6
09/02/25 - 10:58 ;		 MultiViewCNN;1;1;5;7;0.6663924167233128;0.5967741935483871;0.664256505427822;0.6129032258064516;0.73109243697479;0.6734923979444197;0.0002;0;0;0;0.664256505427822;7
09/02/25 - 10:59 ;		 MultiViewCNN;1;1;5;8;0.6616757704365638;0.6935483870967742;0.661005723860956;0.6129032258064516;0.73109243697479;0.6697463957193805;0.0002;0;0;0;0.661005723860956;8
09/02/25 - 10:59 ;		 MultiViewCNN;1;1;5;9;0.6424802887824274;0.7258064516129032;0.6572600699240162;0.6129032258064516;0.7394957983193278;0.6660004979807712;0.0002;0;0;0;0.6572600699240162;9
09/02/25 - 11:00 ;		 MultiViewCNN;1;1;5;10;0.6623304659320463;0.6451612903225806;0.6530780907600157;0.6129032258064516;0.7436974789915967;0.6621237758145445;0.0002;0;0;0;0.6530780907600157;10
09/02/25 - 11:00 ;		 MultiViewCNN;1;1;5;11;0.6459948285933463;0.7258064516129032;0.649051308631897;0.6129032258064516;0.7478991596638657;0.6582020356597502;0.0002;0;0;0;0.649051308631897;11
09/02/25 - 11:01 ;		 MultiViewCNN;1;1;5;12;0.6662006358946523;0.5806451612903226;0.6449759967865483;0.6129032258064516;0.7478991596638657;0.6542342239977896;0.0002;0;0;0;0.6449759967865483;12
09/02/25 - 11:01 ;		 MultiViewCNN;1;1;5;13;0.6450523253410093;0.7096774193548387;0.6416166828524682;0.6451612903225806;0.7605042016806723;0.6504489616541932;0.0002;0;0;0;0.6416166828524682;13
09/02/25 - 11:02 ;		 MultiViewCNN;1;1;5;14;0.660521266921874;0.6935483870967742;0.6394000976316391;0.7096774193548387;0.7605042016806723;0.647134302447427;0.0002;0;0;0;0.6394000976316391;14
09/02/25 - 11:02 ;		 MultiViewCNN;1;1;5;15;0.6457627492566262;0.6129032258064516;0.6359661259958821;0.6774193548387096;0.7605042016806723;0.6437838495119634;0.0002;0;0;0;0.6359661259958821;15
09/02/25 - 11:03 ;		 MultiViewCNN;1;1;5;16;0.625629605785493;0.7419354838709677;0.6332729516490814;0.7096774193548387;0.773109243697479;0.6406305801530988;0.0002;0;0;0;0.6332729516490814;16
09/02/25 - 11:04 ;		 MultiViewCNN;1;1;5;17;0.6232404997271876;0.7258064516129032;0.6301471975541884;0.7419354838709677;0.7773109243697479;0.6374855653734257;0.0002;0;0;0;0.6301471975541884;17
09/02/25 - 11:04 ;		 MultiViewCNN;1;1;5;18;0.6189077092755225;0.7258064516129032;0.6251430184610428;0.7096774193548387;0.7773109243697479;0.6337828012997108;0.0002;0;0;0;0.6251430184610428;18
09/02/25 - 11:05 ;		 MultiViewCNN;1;1;5;19;0.6289365310822764;0.6774193548387096;0.6202772298166829;0.7096774193548387;0.7815126050420168;0.6297311298548024;0.0002;0;0;0;0.6202772298166829;19
09/02/25 - 11:05 ;		 MultiViewCNN;1;1;5;20;0.6062711996416892;0.7419354838709677;0.6164697581721891;0.7419354838709677;0.7857142857142856;0.6257527183500183;0.0002;0;0;0;0.6164697581721891;20
09/02/25 - 11:06 ;		 MultiViewCNN;1;1;5;21;0.6203784577308162;0.6612903225806451;0.613856690545236;0.7096774193548387;0.7899159663865545;0.6221839100085835;0.0002;0;0;0;0.613856690545236;21
09/02/25 - 11:06 ;		 MultiViewCNN;1;1;5;22;0.6009326461822756;0.7580645161290323;0.6112748384475708;0.7096774193548387;0.8025210084033614;0.6189111885402797;0.0002;0;0;0;0.6112748384475708;22
09/02/25 - 11:07 ;		 MultiViewCNN;1;1;5;23;0.6028555227864173;0.7419354838709677;0.6061306268938126;0.7096774193548387;0.7899159663865547;0.6150770200463396;0.0002;0;0;0;0.6061306268938126;23
09/02/25 - 11:07 ;		 MultiViewCNN;1;1;5;24;0.5841864424367105;0.7903225806451613;0.5981121024777812;0.7096774193548387;0.8067226890756303;0.6099875447757721;0.0002;0;0;0;0.5981121024777812;24
09/02/25 - 11:08 ;		 MultiViewCNN;1;1;5;25;0.5839719733884258;0.7419354838709677;0.5918289249943148;0.7096774193548387;0.7941176470588236;0.6045399588413349;0.0002;0;0;0;0.5918289249943148;25
09/02/25 - 11:09 ;		 MultiViewCNN;1;1;5;26;0.5752937736049775;0.7419354838709677;0.5880897006680889;0.6774193548387096;0.8025210084033614;0.5996048813893611;0.0002;0;0;0;0.5880897006680889;26
09/02/25 - 11:09 ;		 MultiViewCNN;1;1;5;27;0.610117914215211;0.6290322580645161;0.5838696783588778;0.7096774193548387;0.7983193277310925;0.5948843204802161;0.0002;0;0;0;0.5838696783588778;27
09/02/25 - 11:10 ;		 MultiViewCNN;1;1;5;28;0.5663619329852443;0.7419354838709677;0.5799112339173594;0.6774193548387096;0.8067226890756303;0.590392394511359;0.0002;0;0;0;0.5799112339173594;28
09/02/25 - 11:10 ;		 MultiViewCNN;1;1;5;29;0.5487927679092653;0.7903225806451613;0.5778250223205935;0.7419354838709677;0.8235294117647058;0.5866221828541294;0.0002;0;0;0;0.5778250223205935;29
09/02/25 - 11:11 ;		 MultiViewCNN;1;1;6;0;0.7026571669886189;0.5;0.6904826048881777;0.45161290322580644;0.5966386554621849;0.6904826048881777;0.0002;0;0;0;0.6904826048881777;0
09/02/25 - 11:11 ;		 MultiViewCNN;1;1;6;1;0.6775483008353941;0.6129032258064516;0.6888515833885439;0.45161290322580644;0.7478991596638656;0.6899932984382875;0.0002;1;0;0;0.6904826048881777;0
09/02/25 - 11:12 ;		 MultiViewCNN;1;1;6;2;0.6838876374306218;0.5967741935483871;0.6857038890161822;0.5161290322580645;0.7857142857142857;0.6887064756116559;0.0002;2;0;0;0.6904826048881777;0
09/02/25 - 11:13 ;		 MultiViewCNN;1;1;6;3;0.6761894283756134;0.6129032258064516;0.6789814541416783;0.6451612903225806;0.7689075630252101;0.6857889691706626;0.0002;0;0;0;0.6789814541416783;3
09/02/25 - 11:13 ;		 MultiViewCNN;1;1;6;4;0.6683327401837995;0.6612903225806451;0.6722819382144559;0.7096774193548387;0.7689075630252101;0.6817368598838005;0.0002;0;0;0;0.6722819382144559;4
09/02/25 - 11:14 ;		 MultiViewCNN;1;1;6;5;0.6756028071526559;0.6774193548387096;0.6670384272452323;0.7096774193548387;0.7647058823529411;0.67732733009223;0.0002;0;0;0;0.6670384272452323;5
09/02/25 - 11:15 ;		 MultiViewCNN;1;1;6;6;0.6643364102609696;0.6774193548387096;0.6627773988631463;0.7096774193548387;0.7563025210084033;0.6729623507235049;0.0002;0;0;0;0.6627773988631463;6
09/02/25 - 11:15 ;		 MultiViewCNN;1;1;6;7;0.6608983912775593;0.6774193548387096;0.6587462848232638;0.6774193548387096;0.7563025210084033;0.6686975309534325;0.0002;0;0;0;0.6587462848232638;7
09/02/25 - 11:16 ;		 MultiViewCNN;1;1;6;8;0.676311731338501;0.5645161290322581;0.6551481254639164;0.6774193548387096;0.7647058823529411;0.6646327093065777;0.0002;0;0;0;0.6551481254639164;8
09/02/25 - 11:17 ;		 MultiViewCNN;1;1;6;9;0.6623242766626419;0.6451612903225806;0.6512817125166616;0.6451612903225806;0.7605042016806722;0.6606274102696028;0.0002;0;0;0;0.6512817125166616;9
09/02/25 - 11:17 ;		 MultiViewCNN;1;1;6;10;0.6602261970120091;0.6290322580645161;0.6487762851099814;0.6451612903225806;0.7478991596638657;0.6570720727217164;0.0002;0;0;0;0.6487762851099814;10
09/02/25 - 11:18 ;		 MultiViewCNN;1;1;6;11;0.65955243379839;0.6129032258064516;0.6443835496902466;0.6451612903225806;0.7394957983193278;0.6532655158122754;0.0002;0;0;0;0.6443835496902466;11
09/02/25 - 11:19 ;		 MultiViewCNN;1;1;6;12;0.6415908528912452;0.6935483870967742;0.641293014249494;0.6451612903225806;0.7436974789915967;0.649673765343441;0.0002;0;0;0;0.641293014249494;12
09/02/25 - 11:19 ;		 MultiViewCNN;1;1;6;13;0.651538525858233;0.6935483870967742;0.6389251928175649;0.6774193548387096;0.7478991596638656;0.6464491935856782;0.0002;0;0;0;0.6389251928175649;13
09/02/25 - 11:20 ;		 MultiViewCNN;1;1;6;14;0.6528868098412791;0.5806451612903226;0.6351136199889644;0.6774193548387096;0.7478991596638656;0.643048521506664;0.0002;0;0;0;0.6351136199889644;14
09/02/25 - 11:21 ;		 MultiViewCNN;1;1;6;15;0.6259139449365677;0.7258064516129032;0.6331895609055797;0.6774193548387096;0.7394957983193278;0.6400908333263386;0.0002;0;0;0;0.6331895609055797;15
09/02/25 - 11:21 ;		 MultiViewCNN;1;1;6;16;0.6333171744500438;0.6774193548387096;0.6299736076785672;0.6774193548387096;0.7478991596638656;0.6370556656320072;0.0002;0;0;0;0.6299736076785672;16
09/02/25 - 11:22 ;		 MultiViewCNN;1;1;6;17;0.6359932518774464;0.6774193548387096;0.6269004479531319;0.6451612903225806;0.7521008403361344;0.6340091003283446;0.0002;0;0;0;0.6269004479531319;17
09/02/25 - 11:23 ;		 MultiViewCNN;1;1;6;18;0.6440875511015615;0.6451612903225806;0.6248197863178868;0.6451612903225806;0.7478991596638656;0.6312523061252072;0.0002;0;0;0;0.6248197863178868;18
09/02/25 - 11:23 ;		 MultiViewCNN;1;1;6;19;0.6098524159000765;0.7419354838709677;0.6199893355369568;0.6451612903225806;0.7478991596638656;0.6278734149487321;0.0002;0;0;0;0.6199893355369568;19
09/02/25 - 11:24 ;		 MultiViewCNN;1;1;6;20;0.6249890500499357;0.6451612903225806;0.6174528021966258;0.6129032258064516;0.7521008403361344;0.6247472311231002;0.0002;0;0;0;0.6174528021966258;20
09/02/25 - 11:25 ;		 MultiViewCNN;1;1;6;21;0.6164127146044085;0.6774193548387096;0.61674778884457;0.6774193548387096;0.7647058823529411;0.6223473984395411;0.0002;0;0;0;0.61674778884457;21
09/02/25 - 11:26 ;		 MultiViewCNN;1;1;6;22;0.6188424460349544;0.7419354838709677;0.6128961040127662;0.6451612903225806;0.7563025210084033;0.6195120101115086;0.0002;0;0;0;0.6128961040127662;22
09/02/25 - 11:26 ;		 MultiViewCNN;1;1;6;23;0.6404867576014611;0.6290322580645161;0.6070792655791005;0.5806451612903226;0.7478991596638656;0.6157821867517861;0.0002;0;0;0;0.6070792655791005;23
09/02/25 - 11:27 ;		 MultiViewCNN;1;1;6;24;0.5966119266325428;0.6774193548387096;0.6059272693049523;0.5806451612903226;0.7478991596638656;0.6128257115177359;0.0002;0;0;0;0.6059272693049523;24
09/02/25 - 11:28 ;		 MultiViewCNN;1;1;6;25;0.59652820902486;0.7258064516129032;0.6028409350302911;0.6129032258064516;0.7436974789915967;0.6098302785715024;0.0002;0;0;0;0.6028409350302911;25
09/02/25 - 11:28 ;		 MultiViewCNN;1;1;6;26;0.5624031539886228;0.7741935483870968;0.6039893800212491;0.6451612903225806;0.7563025210084033;0.6080780090064264;0.0002;1;0;0;0.6028409350302911;25
09/02/25 - 11:29 ;		 MultiViewCNN;1;1;6;27;0.573352022517112;0.7580645161290323;0.5990552556130194;0.6451612903225806;0.7521008403361344;0.6053711829884043;0.0002;0;0;0;0.5990552556130194;27
09/02/25 - 11:30 ;		 MultiViewCNN;1;1;6;28;0.5655244646533844;0.7580645161290323;0.5946183743015412;0.6451612903225806;0.7521008403361344;0.6021453403823454;0.0002;0;0;0;0.5946183743015412;28
09/02/25 - 11:30 ;		 MultiViewCNN;1;1;6;29;0.5563108517277625;0.7419354838709677;0.5997147675483457;0.6451612903225806;0.7689075630252102;0.6014161685321454;0.0002;1;0;0;0.5946183743015412;28
09/02/25 - 11:31 ;		 MultiViewCNN;1;1;7;0;0.6920739220034692;0.532258064516129;0.6835780432147365;0.5806451612903226;0.8109243697478993;0.6835780432147365;0.0005;0;0;0;0.6835780432147365;0
09/02/25 - 11:32 ;		 MultiViewCNN;1;1;7;1;0.6719497019244779;0.6451612903225806;0.6713360567246714;0.6451612903225806;0.7899159663865547;0.6799054472677168;0.0005;0;0;0;0.6713360567246714;1
09/02/25 - 11:33 ;		 MultiViewCNN;1;1;7;2;0.6635844457534051;0.5967741935483871;0.6563870503056434;0.6129032258064516;0.7899159663865546;0.6728499281790947;0.0005;0;0;0;0.6563870503056434;2
09/02/25 - 11:33 ;		 MultiViewCNN;1;1;7;3;0.646712758848744;0.7258064516129032;0.6460526989352319;0.6129032258064516;0.7731092436974789;0.6648107594059358;0.0005;0;0;0;0.6460526989352319;3
09/02/25 - 11:34 ;		 MultiViewCNN;1;1;7;4;0.6388497756373498;0.6612903225806451;0.6418739134265531;0.5806451612903226;0.7605042016806722;0.6579297056121209;0.0005;0;0;0;0.6418739134265531;4
09/02/25 - 11:35 ;		 MultiViewCNN;1;1;7;5;0.650772423513474;0.6290322580645161;0.6431607834754451;0.5806451612903226;0.7521008403361344;0.6534990289711182;0.0005;0;0;0;0.6431607834754451;5
09/02/25 - 11:35 ;		 MultiViewCNN;1;1;7;6;0.6130850930367747;0.6290322580645161;0.6258778475945995;0.5806451612903226;0.7605042016806722;0.6452126745581626;0.0005;0;0;0;0.6258778475945995;6
09/02/25 - 11:36 ;		 MultiViewCNN;1;1;7;7;0.5939675954080397;0.7096774193548387;0.614923854028025;0.7419354838709677;0.7647058823529412;0.6361260283991212;0.0005;0;0;0;0.614923854028025;7
09/02/25 - 11:37 ;		 MultiViewCNN;1;1;7;8;0.579251334551842;0.7741935483870968;0.6150119881476125;0.6451612903225806;0.7605042016806722;0.6297918163236685;0.0005;0;0;0;0.6150119881476125;8
09/02/25 - 11:37 ;		 MultiViewCNN;1;1;7;9;0.572631097608997;0.7096774193548387;0.6122954218618332;0.6451612903225806;0.7605042016806723;0.624542897985118;0.0005;0;0;0;0.6122954218618332;9
09/02/25 - 11:38 ;		 MultiViewCNN;1;1;7;10;0.5988147470258898;0.6935483870967742;0.6188731962634672;0.7096774193548387;0.7478991596638656;0.6228419874686226;0.0005;1;0;0;0.6122954218618332;9
09/02/25 - 11:39 ;		 MultiViewCNN;1;1;7;11;0.5787526888232077;0.6935483870967742;0.6461595623723922;0.6774193548387096;0.7857142857142856;0.6298372599397535;0.0005;2;0;0;0.6122954218618332;9
09/02/25 - 11:40 ;		 MultiViewCNN;1;1;7;12;0.522515510359118;0.7903225806451613;0.616710135052281;0.7096774193548387;0.7899159663865547;0.6258991224735118;0.00025;3;1;0;0.6122954218618332;9
09/02/25 - 11:40 ;		 MultiViewCNN;1;1;7;13;0.5117986961718528;0.7741935483870968;0.5929562497523523;0.7419354838709677;0.7857142857142856;0.6160162606571639;0.00025;0;0;0;0.5929562497523523;13
09/02/25 - 11:41 ;		 MultiViewCNN;1;1;7;14;0.4761094412496013;0.8709677419354839;0.5877743642176351;0.7096774193548387;0.7899159663865547;0.6075436917253052;0.00025;0;0;0;0.5877743642176351;14
09/02/25 - 11:42 ;		 MultiViewCNN;1;1;7;15;0.4933583928692725;0.7903225806451613;0.5761569671092495;0.6129032258064516;0.7731092436974789;0.5981276743404884;0.00025;0;0;0;0.5761569671092495;15
09/02/25 - 11:43 ;		 MultiViewCNN;1;1;7;16;0.4868983530229138;0.8225806451612904;0.5758224764177876;0.7419354838709677;0.8025210084033614;0.5914361149636782;0.00025;0;0;0;0.5758224764177876;16
09/02/25 - 11:43 ;		 MultiViewCNN;1;1;7;17;0.4687838708200762;0.8225806451612904;0.5735066119701632;0.7096774193548387;0.8067226890756303;0.5860572640656236;0.00025;0;0;0;0.5735066119701632;17
09/02/25 - 11:44 ;		 MultiViewCNN;1;1;7;18;0.4302513166781395;0.9032258064516129;0.5601611598845451;0.6774193548387096;0.7983193277310925;0.5782884328113;0.00025;0;0;0;0.5601611598845451;18
09/02/25 - 11:45 ;		 MultiViewCNN;1;1;7;19;0.45906035361751435;0.8225806451612904;0.5465595808721357;0.7419354838709677;0.8025210084033614;0.5687697772295508;0.00025;0;0;0;0.5465595808721357;19
09/02/25 - 11:45 ;		 MultiViewCNN;1;1;7;20;0.40997463080190844;0.9032258064516129;0.5564929689130476;0.7096774193548387;0.7983193277310925;0.5650867347345998;0.00025;0;0;0;0.5564929689130476;20
09/02/25 - 11:46 ;		 MultiViewCNN;1;1;7;21;0.44776328532926496;0.8387096774193549;0.6181363665288494;0.6774193548387096;0.8235294117647058;0.5810016242728746;0.00025;1;0;0;0.5564929689130476;20
09/02/25 - 11:47 ;		 MultiViewCNN;1;1;7;22;0.4248290042723379;0.8709677419354839;0.6366421801428641;0.6774193548387096;0.8403361344537815;0.5976937910338714;0.00025;2;0;0;0.5564929689130476;20
09/02/25 - 11:48 ;		 MultiViewCNN;1;1;7;23;0.44036849852531185;0.8387096774193549;0.6011242433901756;0.6451612903225806;0.8487394957983193;0.5987229267407627;0.000125;3;1;0;0.5564929689130476;20
09/02/25 - 11:48 ;		 MultiViewCNN;1;1;7;24;0.4047118473437525;0.9032258064516129;0.5395826908849901;0.6774193548387096;0.8529411764705882;0.5809808559840308;0.000125;4;0;0;0.5564929689130476;20
09/02/25 - 11:49 ;		 MultiViewCNN;1;1;7;25;0.38740767490479255;0.8709677419354839;0.5318444419291711;0.6451612903225806;0.8529411764705882;0.5662399317675729;0.000125;5;0;1;0.5564929689130476;20
09/02/25 - 11:50 ;		 MultiViewCNN;1;1;8;0;0.6976340663048529;0.5;0.6830963838484979;0.7741935483870968;0.8025210084033613;0.6830963838484979;0.0005;0;0;0;0.6830963838484979;0
09/02/25 - 11:51 ;		 MultiViewCNN;1;1;8;1;0.6761843639035379;0.6129032258064516;0.6693465478958622;0.6451612903225806;0.8403361344537815;0.6789714330627071;0.0005;0;0;0;0.6693465478958622;1
09/02/25 - 11:51 ;		 MultiViewCNN;1;1;8;2;0.6626622542258231;0.6935483870967742;0.6542895993878765;0.6451612903225806;0.7983193277310925;0.6715668829602579;0.0005;0;0;0;0.6542895993878765;2
09/02/25 - 11:52 ;		 MultiViewCNN;1;1;8;3;0.658102604650682;0.5967741935483871;0.6398265169512841;0.6774193548387096;0.819327731092437;0.6620447731575657;0.0005;0;0;0;0.6398265169512841;3
09/02/25 - 11:53 ;		 MultiViewCNN;1;1;8;4;0.6368074359432343;0.6774193548387096;0.6283893565977773;0.6129032258064516;0.8067226890756303;0.6519481481896291;0.0005;0;0;0;0.6283893565977773;4
09/02/25 - 11:53 ;		 MultiViewCNN;1;1;8;5;0.6351827671450954;0.7096774193548387;0.6175432012927148;0.6774193548387096;0.8067226890756303;0.6416266641205548;0.0005;0;0;0;0.6175432012927148;5
09/02/25 - 11:54 ;		 MultiViewCNN;1;1;8;6;0.6070316433906555;0.7419354838709677;0.6088613906214314;0.7419354838709677;0.8109243697478992;0.6317970820708178;0.0005;0;0;0;0.6088613906214314;6
09/02/25 - 11:55 ;		 MultiViewCNN;1;1;8;7;0.5950598293735135;0.8064516129032258;0.604914992086349;0.6451612903225806;0.7899159663865546;0.6237324550754771;0.0005;0;0;0;0.604914992086349;7
09/02/25 - 11:56 ;		 MultiViewCNN;1;1;8;8;0.5956693541619086;0.7258064516129032;0.6022752081194231;0.7096774193548387;0.7815126050420167;0.6172952809886609;0.0005;0;0;0;0.6022752081194231;8
09/02/25 - 11:56 ;		 MultiViewCNN;1;1;8;9;0.5603504565454298;0.7580645161290323;0.5968218849551293;0.7096774193548387;0.76890756302521;0.6111532621786014;0.0005;0;0;0;0.5968218849551293;9
09/02/25 - 11:57 ;		 MultiViewCNN;1;1;8;10;0.5315421165958527;0.7741935483870968;0.5935802055943397;0.7096774193548387;0.76890756302521;0.6058813452033229;0.0005;0;0;0;0.5935802055943397;10
09/02/25 - 11:58 ;		 MultiViewCNN;1;1;8;11;0.5158284623776713;0.7903225806451613;0.6302296605802351;0.6774193548387096;0.7899159663865547;0.6131858398163965;0.0005;1;0;0;0.5935802055943397;10
09/02/25 - 11:59 ;		 MultiViewCNN;1;1;8;12;0.5126925322317308;0.8387096774193549;0.7426233522353634;0.5483870967741935;0.8235294117647058;0.6520170935420866;0.0005;2;0;0;0.5935802055943397;10
09/02/25 - 11:59 ;		 MultiViewCNN;1;1;8;13;0.48321579252519914;0.8870967741935484;0.587483806956199;0.7096774193548387;0.8109243697478992;0.6326571075663202;0.00025;3;1;0;0.5935802055943397;10
09/02/25 - 12:00 ;		 MultiViewCNN;1;1;8;14;0.44897739637282585;0.9032258064516129;0.5437430162583629;0.6129032258064516;0.7941176470588235;0.605982880173933;0.00025;4;0;0;0.5935802055943397;10
09/02/25 - 12:01 ;		 MultiViewCNN;1;1;8;15;0.4465493569450994;0.8387096774193549;0.5492637157440186;0.6774193548387096;0.7983193277310925;0.5889671308449587;0.00025;0;0;0;0.5492637157440186;15
09/02/25 - 12:01 ;		 MultiViewCNN;1;1;8;16;0.4473725374667875;0.8225806451612904;0.5264983398299063;0.6774193548387096;0.8109243697478992;0.5702264935404429;0.00025;0;0;0;0.5264983398299063;16
09/02/25 - 12:02 ;		 MultiViewCNN;1;1;8;17;0.43008280184961134;0.8387096774193549;0.5386489831632183;0.7419354838709677;0.8109243697478992;0.5607532404272755;0.00025;0;0;0;0.5386489831632183;17
09/02/25 - 12:03 ;		 MultiViewCNN;1;1;8;18;0.42683386898809866;0.8387096774193549;0.7042907197629252;0.6451612903225806;0.8403361344537815;0.6038144842279703;0.00025;1;0;0;0.5386489831632183;17
09/02/25 - 12:04 ;		 MultiViewCNN;1;1;8;19;0.42341144911704526;0.8387096774193549;0.5245820149298637;0.7419354838709677;0.8319327731092437;0.5800447434385383;0.00025;2;0;0;0.5386489831632183;17
09/02/25 - 12:04 ;		 MultiViewCNN;1;1;8;20;0.41073192992518026;0.8387096774193549;0.5612537351346785;0.6774193548387096;0.8445378151260504;0.5744074409473803;0.000125;3;1;0;0.5386489831632183;17
09/02/25 - 12:05 ;		 MultiViewCNN;1;1;8;21;0.37682648339579183;0.9032258064516129;0.5612606511962029;0.6774193548387096;0.8487394957983193;0.570463404022027;0.000125;4;0;0;0.5386489831632183;17
09/02/25 - 12:06 ;		 MultiViewCNN;1;1;8;22;0.32940322833676494;0.967741935483871;0.5447204180302159;0.7096774193548387;0.8571428571428571;0.5627405082244836;0.000125;5;0;1;0.5386489831632183;17
09/02/25 - 12:07 ;		 MultiViewCNN;1;1;9;0;0.6896041420198256;0.5161290322580645;0.6850247440799591;0.5483870967741935;0.7941176470588235;0.6850247440799591;0.0005;0;0;0;0.6850247440799591;0
09/02/25 - 12:07 ;		 MultiViewCNN;1;1;9;1;0.6767461396032765;0.6612903225806451;0.676878031223051;0.5483870967741935;0.7983193277310925;0.6825807302228866;0.0005;1;0;0;0.6850247440799591;0
09/02/25 - 12:08 ;		 MultiViewCNN;1;1;9;2;0.6607353975695949;0.6612903225806451;0.6642803203675055;0.6129032258064516;0.7605042016806723;0.6770906072662722;0.0005;0;0;0;0.6642803203675055;2
09/02/25 - 12:09 ;		 MultiViewCNN;1;1;9;3;0.6666902149877241;0.6129032258064516;0.6537545438735716;0.6129032258064516;0.7394957983193278;0.670089788248462;0.0005;0;0;0;0.6537545438735716;3
09/02/25 - 12:09 ;		 MultiViewCNN;1;1;9;4;0.6368058631497044;0.6935483870967742;0.6491633788231881;0.5806451612903226;0.7226890756302521;0.6638118654208798;0.0005;0;0;0;0.6491633788231881;4
09/02/25 - 12:10 ;		 MultiViewCNN;1;1;9;5;0.6214927588739703;0.7741935483870968;0.6458029900827715;0.5806451612903226;0.7100840336134453;0.6584092028194473;0.0005;0;0;0;0.6458029900827715;5
09/02/25 - 12:11 ;		 MultiViewCNN;1;1;9;6;0.5980771433922553;0.7258064516129032;0.652053798398664;0.5806451612903226;0.7058823529411764;0.6565025814932123;0.0005;1;0;0;0.6458029900827715;5
09/02/25 - 12:12 ;		 MultiViewCNN;1;1;9;7;0.6141018540628495;0.7419354838709677;0.6213694753185395;0.5806451612903226;0.7142857142857143;0.6459626496408104;0.0005;0;0;0;0.6213694753185395;7
09/02/25 - 12:12 ;		 MultiViewCNN;1;1;9;8;0.6127696671793538;0.7258064516129032;0.6054297493350121;0.6774193548387096;0.7352941176470589;0.6338027795490708;0.0005;0;0;0;0.6054297493350121;8
09/02/25 - 12:13 ;		 MultiViewCNN;1;1;9;9;0.6003994499483416;0.7096774193548387;0.6013838389227467;0.6774193548387096;0.7436974789915967;0.6240770973611736;0.0005;0;0;0;0.6013838389227467;9
09/02/25 - 12:14 ;		 MultiViewCNN;1;1;9;10;0.5733476088893029;0.7741935483870968;0.60218162594303;0.6451612903225806;0.7436974789915967;0.6175084559357304;0.0005;0;0;0;0.60218162594303;10
09/02/25 - 12:14 ;		 MultiViewCNN;1;1;9;11;0.5621148040217738;0.7419354838709677;0.6210601791258781;0.7096774193548387;0.7521008403361344;0.6185739728927747;0.0005;1;0;0;0.60218162594303;10
09/02/25 - 12:15 ;		 MultiViewCNN;1;1;9;12;0.5138323566605968;0.8548387096774194;0.5949562682259467;0.7096774193548387;0.7815126050420168;0.6114886614927263;0.0005;0;0;0;0.5949562682259467;12
09/02/25 - 12:16 ;		 MultiViewCNN;1;1;9;13;0.5194295442873432;0.8225806451612904;0.5979893909346673;0.7096774193548387;0.7857142857142858;0.6074388803253086;0.0005;0;0;0;0.5979893909346673;13
09/02/25 - 12:17 ;		 MultiViewCNN;1;1;9;14;0.5177509717402919;0.7903225806451613;0.6444398693500026;0.6774193548387096;0.8025210084033613;0.6185391770327168;0.0005;1;0;0;0.5979893909346673;13
09/02/25 - 12:17 ;		 MultiViewCNN;1;1;9;15;0.48889440971036113;0.8064516129032258;0.6284116189326009;0.7096774193548387;0.8067226890756303;0.621500909602682;0.0005;2;0;0;0.5979893909346673;13
09/02/25 - 12:18 ;		 MultiViewCNN;1;1;9;16;0.4594566649006259;0.8225806451612904;0.6776295842662934;0.6129032258064516;0.8487394957983192;0.6383395120017654;0.00025;3;1;0;0.5979893909346673;13
09/02/25 - 12:19 ;		 MultiViewCNN;1;1;9;17;0.47161001159298804;0.8548387096774194;0.5932335968940489;0.7096774193548387;0.8361344537815125;0.6248077374694504;0.00025;4;0;0;0.5979893909346673;13
09/02/25 - 12:20 ;		 MultiViewCNN;1;1;9;18;0.45986368579249226;0.8387096774193549;0.5705299098645488;0.7096774193548387;0.8445378151260504;0.6085243891879799;0.00025;5;0;1;0.5979893909346673;13
09/02/25 - 12:20 ;		 MultiViewCNN;1;1;10;0;0.7073044834598419;0.43548387096774194;0.6958310161867449;0.45161290322580644;0.6680672268907563;0.6958310161867449;0.0005;0;0;0;0.6958310161867449;0
09/02/25 - 12:21 ;		 MultiViewCNN;1;1;10;1;0.6851580604430167;0.532258064516129;0.6842741235609977;0.6774193548387096;0.7226890756302521;0.6923639483990207;0.0005;1;0;0;0.6958310161867449;0
09/02/25 - 12:22 ;		 MultiViewCNN;1;1;10;2;0.6822180651849316;0.5483870967741935;0.6733424894271358;0.6129032258064516;0.7184873949579831;0.6866575107074552;0.0005;0;0;0;0.6733424894271358;2
09/02/25 - 12:22 ;		 MultiViewCNN;1;1;10;3;0.6665409072752921;0.6612903225806451;0.6601621527825633;0.5806451612903226;0.7100840336134454;0.6787089033299876;0.0005;0;0;0;0.6601621527825633;3
09/02/25 - 12:23 ;		 MultiViewCNN;1;1;10;4;0.6595938801765442;0.6935483870967742;0.651071261975073;0.5806451612903226;0.726890756302521;0.6704176109235132;0.0005;0;0;0;0.651071261975073;4
09/02/25 - 12:24 ;		 MultiViewCNN;1;1;10;5;0.6428669902586168;0.6129032258064516;0.642173288329955;0.5806451612903226;0.7352941176470589;0.6619443141454456;0.0005;0;0;0;0.642173288329955;5
09/02/25 - 12:25 ;		 MultiViewCNN;1;1;10;6;0.6345350203975555;0.6129032258064516;0.6349578038338692;0.5806451612903226;0.7226890756302521;0.6538483610519726;0.0005;0;0;0;0.6349578038338692;6
09/02/25 - 12:25 ;		 MultiViewCNN;1;1;10;7;0.6388624618130345;0.6451612903225806;0.6304578492718358;0.6129032258064516;0.726890756302521;0.6468312075179316;0.0005;0;0;0;0.6304578492718358;7
09/02/25 - 12:26 ;		 MultiViewCNN;1;1;10;8;0.6133524948550809;0.6612903225806451;0.6188429824767574;0.6451612903225806;0.7394957983193278;0.6384347400055792;0.0005;0;0;0;0.6188429824767574;8
09/02/25 - 12:27 ;		 MultiViewCNN;1;1;10;9;0.6080402366576656;0.6612903225806451;0.6114669346040295;0.7096774193548387;0.7563025210084033;0.6303443983851142;0.0005;0;0;0;0.6114669346040295;9
09/02/25 - 12:28 ;		 MultiViewCNN;1;1;10;10;0.6055724409318739;0.6451612903225806;0.610480914192815;0.7096774193548387;0.7731092436974789;0.6243853531274244;0.0005;0;0;0;0.610480914192815;10
09/02/25 - 12:28 ;		 MultiViewCNN;1;1;10;11;0.5980897353541467;0.7096774193548387;0.6134853401491719;0.7096774193548387;0.7647058823529411;0.6211153492339486;0.0005;0;0;0;0.6134853401491719;11
09/02/25 - 12:29 ;		 MultiViewCNN;1;1;10;12;0.5625137513683688;0.7580645161290323;0.6067858319128713;0.7096774193548387;0.76890756302521;0.6168164940376254;0.0005;0;0;0;0.6067858319128713;12
09/02/25 - 12:30 ;		 MultiViewCNN;1;1;10;13;0.5611221799927373;0.7258064516129032;0.5881597380484304;0.7419354838709677;0.7815126050420168;0.6082194672408668;0.0005;0;0;0;0.5881597380484304;13
09/02/25 - 12:31 ;		 MultiViewCNN;1;1;10;14;0.5649140265680128;0.6935483870967742;0.6116403014429154;0.6774193548387096;0.8025210084033614;0.6092457175014814;0.0005;1;0;0;0.5881597380484304;13
09/02/25 - 12:31 ;		 MultiViewCNN;1;1;10;15;0.5429332765840715;0.6935483870967742;0.6430724878464976;0.6129032258064516;0.7941176470588235;0.6193937486049862;0.0005;2;0;0;0.5881597380484304;13
09/02/25 - 12:32 ;		 MultiViewCNN;1;1;10;16;0.5298690411352343;0.8225806451612904;0.6722343689010989;0.6129032258064516;0.819327731092437;0.63524593469382;0.00025;3;1;0;0.5881597380484304;13
09/02/25 - 12:33 ;		 MultiViewCNN;1;1;10;17;0.509088917124656;0.8225806451612904;0.5873640410361751;0.7741935483870968;0.7983193277310924;0.6208813665965265;0.00025;4;0;0;0.5881597380484304;13
09/02/25 - 12:34 ;		 MultiViewCNN;1;1;10;18;0.47116150010016655;0.8225806451612904;0.5562642043636691;0.7096774193548387;0.7815126050420168;0.6014962179266692;0.00025;0;0;0;0.5562642043636691;18
09/02/25 - 12:34 ;		 MultiViewCNN;1;1;10;19;0.5133157718566156;0.7741935483870968;0.5499485461942611;0.6451612903225806;0.8025210084033614;0.5860319164069467;0.00025;0;0;0;0.5499485461942611;19
09/02/25 - 12:35 ;		 MultiViewCNN;1;1;10;20;0.49827877360005535;0.7258064516129032;0.6408551652585307;0.6451612903225806;0.8067226890756303;0.6024788910624219;0.00025;1;0;0;0.5499485461942611;19
09/02/25 - 12:36 ;		 MultiViewCNN;1;1;10;21;0.47322510038652726;0.8225806451612904;0.6162526251808289;0.6451612903225806;0.8109243697478992;0.6066110112979439;0.00025;2;0;0;0.5499485461942611;19
09/02/25 - 12:37 ;		 MultiViewCNN;1;1;10;22;0.46730179940500566;0.7741935483870968;0.5595400496836631;0.7741935483870968;0.8277310924369748;0.5924897228136596;0.000125;3;1;0;0.5499485461942611;19
09/02/25 - 12:37 ;		 MultiViewCNN;1;1;10;23;0.4431391367989202;0.8225806451612904;0.5373291209820779;0.6451612903225806;0.823529411764706;0.575941542264185;0.000125;0;0;0;0.5373291209820779;23
09/02/25 - 12:38 ;		 MultiViewCNN;1;1;10;24;0.42886868984468524;0.8548387096774194;0.5403386450582935;0.6774193548387096;0.8235294117647058;0.5652606731024176;0.000125;0;0;0;0.5403386450582935;24
09/02/25 - 12:39 ;		 MultiViewCNN;1;1;10;25;0.43537724018096924;0.8548387096774194;0.5459430323493096;0.7096774193548387;0.8235294117647058;0.5594653808764851;0.000125;0;0;0;0.5459430323493096;25
09/02/25 - 12:40 ;		 MultiViewCNN;1;1;10;26;0.4529592769761239;0.7580645161290323;0.5479097731651799;0.7096774193548387;0.8403361344537815;0.5559986985630935;0.000125;0;0;0;0.5479097731651799;26
09/02/25 - 12:40 ;		 MultiViewCNN;1;1;10;27;0.42988698713241086;0.8870967741935484;0.535161312549345;0.6774193548387096;0.8319327731092437;0.5497474827589689;0.000125;0;0;0;0.535161312549345;27
09/02/25 - 12:41 ;		 MultiViewCNN;1;1;10;28;0.432209046617631;0.8870967741935484;0.5510063527091857;0.7419354838709677;0.8403361344537815;0.550125143744034;0.000125;1;0;0;0.535161312549345;27
09/02/25 - 12:42 ;		 MultiViewCNN;1;1;10;29;0.4457018769556476;0.8548387096774194;0.5166570698061297;0.7419354838709677;0.8193277310924371;0.5400847215626626;0.000125;0;0;0;0.5166570698061297;29
09/02/25 - 12:43 ;		 MultiViewCNN;1;1;11;0;0.7062850248429083;0.4032258064516129;0.6915300719199642;0.6451612903225806;0.6680672268907563;0.6915300719199642;0.0005;0;0;0;0.6915300719199642;0
09/02/25 - 12:44 ;		 MultiViewCNN;1;1;11;1;0.686630170191488;0.5806451612903226;0.6839560193400229;0.7096774193548387;0.76890756302521;0.6892578561459818;0.0005;1;0;0;0.6915300719199642;0
09/02/25 - 12:44 ;		 MultiViewCNN;1;1;11;2;0.6819874163596861;0.5967741935483871;0.6743780970573425;0.6129032258064516;0.7478991596638656;0.68479392841939;0.0005;0;0;0;0.6743780970573425;2
09/02/25 - 12:45 ;		 MultiViewCNN;1;1;11;3;0.6673680832309108;0.6451612903225806;0.6636556367720327;0.6129032258064516;0.7436974789915967;0.6784524409251828;0.0005;0;0;0;0.6636556367720327;3
09/02/25 - 12:46 ;		 MultiViewCNN;1;1;11;4;0.6562100072060862;0.6612903225806451;0.6540808966082912;0.6129032258064516;0.7521008403361344;0.6711409776301153;0.0005;0;0;0;0.6540808966082912;4
09/02/25 - 12:47 ;		 MultiViewCNN;1;1;11;5;0.64597257491081;0.6612903225806451;0.6476170651374324;0.6129032258064516;0.7436974789915967;0.6640838038823104;0.0005;0;0;0;0.6476170651374324;5
09/02/25 - 12:47 ;		 MultiViewCNN;1;1;11;6;0.6518984244715783;0.6129032258064516;0.6412676784300035;0.6129032258064516;0.7478991596638656;0.6572389662466183;0.0005;0;0;0;0.6412676784300035;6
09/02/25 - 12:48 ;		 MultiViewCNN;1;1;11;7;0.6347623428990764;0.6935483870967742;0.6316966202951246;0.6129032258064516;0.7478991596638656;0.6495762624611701;0.0005;0;0;0;0.6316966202951246;7
09/02/25 - 12:49 ;		 MultiViewCNN;1;1;11;8;0.6262849069410755;0.6612903225806451;0.6221087075048878;0.6774193548387096;0.7647058823529412;0.6413359959742853;0.0005;0;0;0;0.6221087075048878;8
09/02/25 - 12:50 ;		 MultiViewCNN;1;1;11;9;0.6310227301812941;0.6451612903225806;0.616007718347734;0.6451612903225806;0.7689075630252101;0.6337375126863198;0.0005;0;0;0;0.616007718347734;9
09/02/25 - 12:50 ;		 MultiViewCNN;1;1;11;10;0.6518132975024562;0.6935483870967742;0.6097533914350695;0.6774193548387096;0.7773109243697479;0.6265422763109447;0.0005;0;0;0;0.6097533914350695;10
09/02/25 - 12:51 ;		 MultiViewCNN;1;1;11;11;0.6193957482614825;0.7096774193548387;0.6096601313160311;0.6774193548387096;0.8025210084033614;0.6214776328124706;0.0005;0;0;0;0.6096601313160311;11
09/02/25 - 12:52 ;		 MultiViewCNN;1;1;11;12;0.6078596980341019;0.7580645161290323;0.62541669703299;0.6774193548387096;0.8277310924369747;0.6226593520786263;0.0005;1;0;0;0.6096601313160311;11
09/02/25 - 12:53 ;		 MultiViewCNN;1;1;11;13;0.5966445649823835;0.7419354838709677;0.6047186515023631;0.7096774193548387;0.8277310924369747;0.6172771419057473;0.0005;0;0;0;0.6047186515023631;13
09/02/25 - 12:54 ;		 MultiViewCNN;1;1;11;14;0.5827553253020009;0.7741935483870968;0.5870457060875431;0.7096774193548387;0.8277310924369747;0.608207711160286;0.0005;0;0;0;0.5870457060875431;14
09/02/25 - 12:54 ;		 MultiViewCNN;1;1;11;15;0.5409692410499819;0.7741935483870968;0.5746722519397736;0.6774193548387096;0.8151260504201681;0.5981470733941323;0.0005;0;0;0;0.5746722519397736;15
09/02/25 - 12:55 ;		 MultiViewCNN;1;1;11;16;0.562706797353683;0.7419354838709677;0.5643955372994945;0.7741935483870968;0.8151260504201681;0.5880216125657409;0.0005;0;0;0;0.5643955372994945;16
09/02/25 - 12:56 ;		 MultiViewCNN;1;1;11;17;0.558356967664534;0.8225806451612904;0.5670607532224348;0.7096774193548387;0.8277310924369747;0.581733354762749;0.0005;0;0;0;0.5670607532224348;17
09/02/25 - 12:57 ;		 MultiViewCNN;1;1;11;18;0.5212456093680474;0.8548387096774194;0.5774814861436044;0.6451612903225806;0.8697478991596638;0.5804577941770056;0.0005;1;0;0;0.5670607532224348;17
09/02/25 - 12:57 ;		 MultiViewCNN;1;1;11;19;0.5150610131602134;0.8064516129032258;0.5427142727759576;0.7419354838709677;0.8319327731092436;0.5691347377566912;0.0005;0;0;0;0.5427142727759576;19
09/02/25 - 12:58 ;		 MultiViewCNN;1;1;11;20;0.5095574951940968;0.8064516129032258;0.5351004783184298;0.7419354838709677;0.8445378151260503;0.5589244599252128;0.0005;0;0;0;0.5351004783184298;20
09/02/25 - 12:59 ;		 MultiViewCNN;1;1;11;21;0.4509549044793652;0.8870967741935484;0.5242927353228292;0.7741935483870968;0.8277310924369747;0.5485349425444976;0.0005;0;0;0;0.5242927353228292;21
09/02/25 - 13:00 ;		 MultiViewCNN;1;1;11;22;0.4749099689145242;0.7741935483870968;0.5744235919367883;0.6774193548387096;0.861344537815126;0.5563015373621848;0.0005;1;0;0;0.5242927353228292;21
09/02/25 - 13:01 ;		 MultiViewCNN;1;1;11;23;0.4533897715230142;0.8709677419354839;0.6038744997593665;0.6451612903225806;0.8865546218487395;0.5705734260813393;0.0005;2;0;0;0.5242927353228292;21
09/02/25 - 13:01 ;		 MultiViewCNN;1;1;11;24;0.5224509787174964;0.8064516129032258;0.5082310515065347;0.7096774193548387;0.9159663865546218;0.5518707137088978;0.00025;3;1;0;0.5242927353228292;21
09/02/25 - 13:02 ;		 MultiViewCNN;1;1;11;25;0.3891605754052439;0.9032258064516129;0.4859001261572684;0.8064516129032258;0.8403361344537815;0.532079537443409;0.00025;0;0;0;0.4859001261572684;25
09/02/25 - 13:03 ;		 MultiViewCNN;1;1;11;26;0.42368296269447575;0.8870967741935484;0.5214759193120464;0.6774193548387096;0.8403361344537815;0.5288984520040002;0.00025;0;0;0;0.5214759193120464;26
09/02/25 - 13:04 ;		 MultiViewCNN;1;1;11;27;0.3849409587921635;0.9193548387096774;0.5232778008907072;0.6774193548387096;0.8529411764705882;0.5272122566700123;0.00025;1;0;0;0.5214759193120464;26
09/02/25 - 13:05 ;		 MultiViewCNN;1;1;11;28;0.39733929018820485;0.8548387096774194;0.5194254921328637;0.6774193548387096;0.865546218487395;0.5248762273088676;0.00025;0;0;0;0.5194254921328637;28
09/02/25 - 13:05 ;		 MultiViewCNN;1;1;11;29;0.36815225789623873;0.8870967741935484;0.4827972198686292;0.7741935483870968;0.8697478991596639;0.5122525250767961;0.00025;0;0;0;0.4827972198686292;29
09/02/25 - 13:06 ;		 MultiViewCNN;1;1;12;0;0.6999408679623758;0.43548387096774194;0.6896366169375758;0.5161290322580645;0.6428571428571428;0.6896366169375758;0.0005;0;0;0;0.6896366169375758;0
09/02/25 - 13:07 ;		 MultiViewCNN;1;1;12;1;0.6938334376581253;0.532258064516129;0.6831698994482717;0.6451612903225806;0.8151260504201681;0.6876966016907845;0.0005;1;0;0;0.6896366169375758;0
09/02/25 - 13:08 ;		 MultiViewCNN;1;1;12;2;0.6747803303503221;0.6290322580645161;0.6750387741673377;0.7096774193548387;0.8361344537815126;0.6838992534337505;0.0005;0;0;0;0.6750387741673377;2
09/02/25 - 13:08 ;		 MultiViewCNN;1;1;12;3;0.6772409735187408;0.5967741935483871;0.6653211501336866;0.6129032258064516;0.8067226890756303;0.6783258224437313;0.0005;0;0;0;0.6653211501336866;3
09/02/25 - 13:09 ;		 MultiViewCNN;1;1;12;4;0.6701594168140043;0.6129032258064516;0.6577732947564894;0.6451612903225806;0.7983193277310924;0.6721600641375587;0.0005;0;0;0;0.6577732947564894;4
09/02/25 - 13:10 ;		 MultiViewCNN;1;1;12;5;0.6645714102252838;0.6774193548387096;0.649237738501641;0.6451612903225806;0.8025210084033613;0.6652833664467833;0.0005;0;0;0;0.649237738501641;5
09/02/25 - 13:11 ;		 MultiViewCNN;1;1;12;6;0.655698501294659;0.6612903225806451;0.640711372898471;0.6451612903225806;0.8067226890756303;0.6579117683822896;0.0005;0;0;0;0.640711372898471;6
09/02/25 - 13:12 ;		 MultiViewCNN;1;1;12;7;0.6395658446896461;0.7258064516129032;0.631459068867468;0.6451612903225806;0.7941176470588236;0.6499759585278431;0.0005;0;0;0;0.631459068867468;7
09/02/25 - 13:13 ;		 MultiViewCNN;1;1;12;8;0.6267600905510687;0.7580645161290323;0.6304357686350422;0.6451612903225806;0.7815126050420167;0.6441139015600028;0.0005;0;0;0;0.6304357686350422;8
09/02/25 - 13:13 ;		 MultiViewCNN;1;1;12;9;0.6203323814176744;0.7419354838709677;0.6240148832721095;0.6451612903225806;0.7605042016806722;0.6380841960736348;0.0005;0;0;0;0.6240148832721095;9
09/02/25 - 13:14 ;		 MultiViewCNN;1;1;12;10;0.6128654172343593;0.7903225806451613;0.6059800559474576;0.6451612903225806;0.7899159663865547;0.6284529540357816;0.0005;0;0;0;0.6059800559474576;10
09/02/25 - 13:15 ;		 MultiViewCNN;1;1;12;11;0.5921571331639444;0.6774193548387096;0.5954868889624073;0.7096774193548387;0.7857142857142856;0.6185631345137692;0.0005;0;0;0;0.5954868889624073;11
09/02/25 - 13:16 ;		 MultiViewCNN;1;1;12;12;0.5777487235684549;0.7903225806451613;0.590583082168333;0.6774193548387096;0.7899159663865547;0.6101691188101384;0.0005;0;0;0;0.590583082168333;12
09/02/25 - 13:17 ;		 MultiViewCNN;1;1;12;13;0.5604276734013711;0.7741935483870968;0.5947629799765926;0.7096774193548387;0.7941176470588236;0.6055472771600746;0.0005;0;0;0;0.5947629799765926;13
09/02/25 - 13:18 ;		 MultiViewCNN;1;1;12;14;0.5486108968334813;0.7258064516129032;0.5734555106009206;0.6451612903225806;0.7983193277310925;0.5959197471923283;0.0005;0;0;0;0.5734555106009206;14
09/02/25 - 13:18 ;		 MultiViewCNN;1;1;12;15;0.5410277939611866;0.7419354838709677;0.5854871321109033;0.7419354838709677;0.7941176470588236;0.5927899626679008;0.0005;0;0;0;0.5854871321109033;15
09/02/25 - 13:19 ;		 MultiViewCNN;1;1;12;16;0.5456689384675795;0.7419354838709677;0.6187688304531959;0.6451612903225806;0.8025210084033614;0.6005836230034893;0.0005;1;0;0;0.5854871321109033;15
09/02/25 - 13:20 ;		 MultiViewCNN;1;1;12;17;0.5396778429708173;0.7741935483870968;0.607699325007777;0.6774193548387096;0.8277310924369748;0.6027183336047756;0.0005;2;0;0;0.5854871321109033;15
09/02/25 - 13:21 ;		 MultiViewCNN;1;1;12;18;0.49623107044927534;0.8709677419354839;0.6511864844829806;0.6451612903225806;0.8403361344537814;0.617258778868237;0.00025;3;1;0;0.5854871321109033;15
09/02/25 - 13:22 ;		 MultiViewCNN;1;1;12;19;0.45482384101037054;0.8709677419354839;0.5365202071205262;0.7096774193548387;0.8067226890756303;0.5930372073439237;0.00025;4;0;0;0.5854871321109033;15
09/02/25 - 13:22 ;		 MultiViewCNN;1;1;12;20;0.5042412684809777;0.7580645161290323;0.5306401694974592;0.6774193548387096;0.8109243697478993;0.5743180959899843;0.00025;0;0;0;0.5306401694974592;20
09/02/25 - 13:23 ;		 MultiViewCNN;1;1;12;21;0.4588113763640004;0.8064516129032258;0.5478626576162153;0.7096774193548387;0.8277310924369748;0.5663814644778535;0.00025;0;0;0;0.5478626576162153;21
09/02/25 - 13:24 ;		 MultiViewCNN;1;1;12;22;0.4412472940260364;0.8387096774193549;0.5383058719096645;0.6774193548387096;0.8277310924369747;0.5579587867073967;0.00025;0;0;0;0.5383058719096645;22
09/02/25 - 13:25 ;		 MultiViewCNN;1;1;12;23;0.43707785875566546;0.8064516129032258;0.5196973037335181;0.7096774193548387;0.823529411764706;0.5464803418152331;0.00025;0;0;0;0.5196973037335181;23
09/02/25 - 13:26 ;		 MultiViewCNN;1;1;12;24;0.41385300024863214;0.8709677419354839;0.5658958756154583;0.6451612903225806;0.8277310924369748;0.5523050019553006;0.00025;1;0;0;0.5196973037335181;23
09/02/25 - 13:26 ;		 MultiViewCNN;1;1;12;25;0.4270368795241079;0.8709677419354839;0.5413033020111823;0.7096774193548387;0.8361344537815126;0.5490044919720651;0.00025;2;0;0;0.5196973037335181;23
09/02/25 - 13:27 ;		 MultiViewCNN;1;1;12;26;0.43818079463897214;0.8225806451612904;0.5310660927526413;0.7741935483870968;0.8529411764705882;0.5436229722062379;0.00025;0;0;0;0.5310660927526413;26
09/02/25 - 13:28 ;		 MultiViewCNN;1;1;12;27;0.37334700938194026;0.8870967741935484;0.576395325122341;0.6451612903225806;0.8697478991596638;0.5534546780810687;0.00025;1;0;0;0.5310660927526413;26
09/02/25 - 13:29 ;		 MultiViewCNN;1;1;12;28;0.4496582285050423;0.8548387096774194;0.5548034435318362;0.6774193548387096;0.8739495798319328;0.553859307716299;0.00025;2;0;0;0.5310660927526413;26
09/02/25 - 13:30 ;		 MultiViewCNN;1;1;12;29;0.37919632850154755;0.9032258064516129;0.48315107630145165;0.7741935483870968;0.8781512605042017;0.5326468382918448;0.00025;0;0;0;0.48315107630145165;29
09/02/25 - 17:45 ;		 MultiViewCNN;1;1;13;0;0.6982862891689423;0.41935483870967744;0.686003654233871;0.5483870967741935;0.9201680672268908;0.686003654233871;0.0008;0;0;0;0.686003654233871;0
09/02/25 - 17:45 ;		 MultiViewCNN;1;1;13;1;0.6766341040211339;0.6451612903225806;0.6740468182871419;0.5806451612903226;0.8109243697478992;0.6824166034498522;0.0008;0;0;0;0.6740468182871419;1
09/02/25 - 17:46 ;		 MultiViewCNN;1;1;13;2;0.6639140555935521;0.7258064516129032;0.66123616503131;0.6451612903225806;0.8067226890756303;0.6760624719242896;0.0008;0;0;0;0.66123616503131;2
09/02/25 - 17:47 ;		 MultiViewCNN;1;1;13;3;0.6519476579081628;0.6451612903225806;0.6520173568879405;0.5806451612903226;0.7478991596638656;0.6688489374133848;0.0008;0;0;0;0.6520173568879405;3
09/02/25 - 17:47 ;		 MultiViewCNN;1;1;13;4;0.6489951226019091;0.6612903225806451;0.6333207411150779;0.6129032258064516;0.773109243697479;0.6581904785238927;0.0008;0;0;0;0.6333207411150779;4
09/02/25 - 17:48 ;		 MultiViewCNN;1;1;13;5;0.6271942700109174;0.7419354838709677;0.6183739592952113;0.6451612903225806;0.773109243697479;0.6462455227552882;0.0008;0;0;0;0.6183739592952113;5
09/02/25 - 17:48 ;		 MultiViewCNN;1;1;13;6;0.5947117632435214;0.7419354838709677;0.6084595707155043;0.6774193548387096;0.7857142857142857;0.634909737143353;0.0008;0;0;0;0.6084595707155043;6
09/02/25 - 17:49 ;		 MultiViewCNN;1;1;13;7;0.6051226950460865;0.7258064516129032;0.5970620705235389;0.6774193548387096;0.7689075630252101;0.6235554371574087;0.0008;0;0;0;0.5970620705235389;7
09/02/25 - 17:49 ;		 MultiViewCNN;1;1;13;8;0.5743459828438298;0.7580645161290323;0.6011087375302469;0.6129032258064516;0.7563025210084033;0.6168214272692601;0.0008;0;0;0;0.6011087375302469;8
09/02/25 - 17:50 ;		 MultiViewCNN;1;1;13;9;0.5379123649289531;0.7580645161290323;0.6741694769551677;0.6451612903225806;0.7857142857142857;0.6340258421750324;0.0008;1;0;0;0.6011087375302469;8
09/02/25 - 17:51 ;		 MultiViewCNN;1;1;13;10;0.5343922732337829;0.7741935483870968;0.6337011716058177;0.6774193548387096;0.815126050420168;0.633928441004268;0.0008;2;0;0;0.6011087375302469;8
09/02/25 - 17:51 ;		 MultiViewCNN;1;1;13;11;0.510687110885497;0.7903225806451613;0.6124319020778902;0.7096774193548387;0.7899159663865546;0.6274794793263546;0.0004;3;1;0;0.6011087375302469;8
09/02/25 - 17:52 ;		 MultiViewCNN;1;1;13;12;0.5127031457039618;0.7580645161290323;0.8149070874337228;0.5161290322580645;0.8487394957983193;0.683707761758565;0.0004;4;0;0;0.6011087375302469;8
09/02/25 - 17:52 ;		 MultiViewCNN;1;1;13;13;0.44320838105294014;0.8548387096774194;0.5265192245283434;0.7096774193548387;0.8235294117647058;0.6365512005894984;0.0004;5;0;1;0.6011087375302469;8
09/02/25 - 17:53 ;		 MultiViewCNN;1;1;14;0;0.6933362849297062;0.4838709677419355;0.6787722668340129;0.7419354838709677;0.7815126050420168;0.6787722668340129;0.0008;0;0;0;0.6787722668340129;0
09/02/25 - 17:54 ;		 MultiViewCNN;1;1;14;1;0.6697478390509083;0.6774193548387096;0.6623663248554352;0.5806451612903226;0.7478991596638656;0.6738504842404396;0.0008;0;0;0;0.6623663248554352;1
09/02/25 - 17:54 ;		 MultiViewCNN;1;1;14;2;0.6436318332149137;0.5645161290322581;0.647979695950785;0.5483870967741935;0.7436974789915967;0.6660892477535432;0.0008;0;0;0;0.647979695950785;2
09/02/25 - 17:55 ;		 MultiViewCNN;1;1;14;3;0.6455691533703958;0.6290322580645161;0.6337744997393701;0.5806451612903226;0.73109243697479;0.6563948233492912;0.0008;0;0;0;0.6337744997393701;3
09/02/25 - 17:55 ;		 MultiViewCNN;1;1;14;4;0.6378544434424369;0.6612903225806451;0.6103194452101185;0.7096774193548387;0.777310924369748;0.6425722099075394;0.0008;0;0;0;0.6103194452101185;4
09/02/25 - 17:56 ;		 MultiViewCNN;1;1;14;5;0.6365828225689549;0.6774193548387096;0.6121369696432545;0.7096774193548387;0.7941176470588234;0.6334416378282539;0.0008;0;0;0;0.6121369696432545;5
09/02/25 - 17:57 ;		 MultiViewCNN;1;1;14;6;0.592755135028593;0.7580645161290323;0.5861643379734408;0.7096774193548387;0.7857142857142858;0.61925844787181;0.0008;0;0;0;0.5861643379734408;6
09/02/25 - 17:57 ;		 MultiViewCNN;1;1;14;7;0.5651608551702192;0.7741935483870968;0.5840988870589964;0.6774193548387096;0.7773109243697478;0.6087105796279659;0.0008;0;0;0;0.5840988870589964;7
09/02/25 - 17:58 ;		 MultiViewCNN;1;1;14;8;0.5783628359917672;0.6935483870967742;0.5674842269189896;0.7419354838709677;0.7857142857142858;0.596342673815273;0.0008;0;0;0;0.5674842269189896;8
09/02/25 - 17:58 ;		 MultiViewCNN;1;1;14;9;0.5727584919621868;0.7419354838709677;0.6771367134586457;0.5806451612903226;0.8529411764705883;0.6205808857082847;0.0008;1;0;0;0.5674842269189896;8
09/02/25 - 17:59 ;		 MultiViewCNN;1;1;14;10;0.5249154596559463;0.7903225806451613;0.5338655421810765;0.7096774193548387;0.810924369747899;0.5945662826501222;0.0008;2;0;0;0.5674842269189896;8
09/02/25 - 18:00 ;		 MultiViewCNN;1;1;14;11;0.4977366626262665;0.7580645161290323;0.5522289929851409;0.7419354838709677;0.7773109243697478;0.5818650957506278;0.0008;0;0;0;0.5522289929851409;11
09/02/25 - 18:00 ;		 MultiViewCNN;1;1;14;12;0.5093170414047856;0.7419354838709677;0.5962066650390625;0.6774193548387096;0.819327731092437;0.5861675665371582;0.0008;1;0;0;0.5522289929851409;11
09/02/25 - 18:01 ;		 MultiViewCNN;1;1;14;13;0.5110597552791718;0.7741935483870968;0.7575536908641938;0.5483870967741935;0.861344537815126;0.6375834038352688;0.0008;2;0;0;0.5522289929851409;11
09/02/25 - 18:01 ;		 MultiViewCNN;1;1;14;14;0.4284105973858987;0.8709677419354839;0.5037192942634705;0.7096774193548387;0.8487394957983194;0.5974241709637294;0.0004;3;1;0;0.5522289929851409;11
09/02/25 - 18:02 ;		 MultiViewCNN;1;1;14;15;0.37518644140612695;0.9354838709677419;0.5788146516969127;0.6774193548387096;0.8697478991596639;0.5918413151836843;0.0004;4;0;0;0.5522289929851409;11
09/02/25 - 18:03 ;		 MultiViewCNN;1;1;14;16;0.36518693354821974;0.8548387096774194;0.49802033843532684;0.7096774193548387;0.8697478991596639;0.5636950221591771;0.0004;0;0;0;0.49802033843532684;16
09/02/25 - 18:03 ;		 MultiViewCNN;1;1;14;17;0.3746357204452638;0.8548387096774194;0.595083027116714;0.6774193548387096;0.8739495798319328;0.5731114236464381;0.0004;1;0;0;0.49802033843532684;16
09/02/25 - 18:04 ;		 MultiViewCNN;1;1;14;18;0.37837914978304216;0.8387096774193549;0.6509971003378591;0.6451612903225806;0.8865546218487395;0.5964771266538643;0.0004;2;0;0;0.49802033843532684;16
09/02/25 - 18:04 ;		 MultiViewCNN;1;1;14;19;0.3667380439658319;0.8870967741935484;0.487315732625223;0.7741935483870968;0.8823529411764706;0.5637287084452719;0.0002;3;1;0;0.49802033843532684;16
09/02/25 - 18:05 ;		 MultiViewCNN;1;1;14;20;0.3848553040335255;0.8548387096774194;0.4330734206784156;0.8064516129032258;0.8865546218487395;0.524532122115215;0.0002;0;0;0;0.4330734206784156;20
09/02/25 - 18:06 ;		 MultiViewCNN;1;1;14;21;0.3096144833872395;0.9032258064516129;0.41603537624882114;0.8064516129032258;0.8781512605042017;0.49198309835529686;0.0002;0;0;0;0.41603537624882114;21
09/02/25 - 18:06 ;		 MultiViewCNN;1;1;14;22;0.3434062114646358;0.8709677419354839;0.4554134424655668;0.7741935483870968;0.8739495798319328;0.48101220158837776;0.0002;0;0;0;0.4554134424655668;22
09/02/25 - 18:07 ;		 MultiViewCNN;1;1;14;23;0.3301754363121525;0.8870967741935484;0.4606938881258811;0.7741935483870968;0.8739495798319328;0.4749167075496288;0.0002;0;0;0;0.4606938881258811;23
09/02/25 - 18:07 ;		 MultiViewCNN;1;1;14;24;0.3525513477863804;0.8870967741935484;0.4676970281908589;0.7741935483870968;0.8781512605042017;0.47275080374199774;0.0002;0;0;0;0.4676970281908589;24
09/02/25 - 18:08 ;		 MultiViewCNN;1;1;14;25;0.2784624618868674;0.9354838709677419;0.46574645946102755;0.7741935483870968;0.8781512605042017;0.4706495004577066;0.0002;0;0;0;0.46574645946102755;25
09/02/25 - 18:09 ;		 MultiViewCNN;1;1;14;26;0.2777446662226031;0.9032258064516129;0.419609687982067;0.8064516129032258;0.8865546218487395;0.45533755671501475;0.0002;0;0;0;0.419609687982067;26
09/02/25 - 18:09 ;		 MultiViewCNN;1;1;14;27;0.26829991898229044;0.9193548387096774;0.42357284984280985;0.8064516129032258;0.8949579831932772;0.4458081446533533;0.0002;0;0;0;0.42357284984280985;27
09/02/25 - 18:10 ;		 MultiViewCNN;1;1;14;28;0.27563382060297076;0.9193548387096774;0.4287189466338004;0.8064516129032258;0.8781512605042017;0.4406813852474874;0.0002;0;0;0;0.4287189466338004;28
09/02/25 - 18:10 ;		 MultiViewCNN;1;1;14;29;0.3038958166876147;0.8709677419354839;0.5719590033254316;0.7096774193548387;0.8907563025210083;0.48006467067087066;0.0002;1;0;0;0.4287189466338004;28
09/02/25 - 18:11 ;		 MultiViewCNN;1;1;15;0;0.6868465658157102;0.4838709677419355;0.6844300320071559;0.5483870967741935;0.8445378151260504;0.6844300320071559;0.0008;0;0;0;0.6844300320071559;0
09/02/25 - 18:11 ;		 MultiViewCNN;1;1;15;1;0.6840264085800417;0.5645161290322581;0.6738126027968622;0.5483870967741935;0.7563025210084033;0.6812448032440678;0.0008;0;0;0;0.6738126027968622;1
09/02/25 - 18:12 ;		 MultiViewCNN;1;1;15;2;0.6675135647096941;0.6935483870967742;0.6652335370740583;0.5483870967741935;0.7352941176470589;0.6764414233930649;0.0008;0;0;0;0.6652335370740583;2
09/02/25 - 18:12 ;		 MultiViewCNN;1;1;15;3;0.6546235238352129;0.6290322580645161;0.6603114797222999;0.5161290322580645;0.7142857142857143;0.6716024402918354;0.0008;0;0;0;0.6603114797222999;3
09/02/25 - 18:13 ;		 MultiViewCNN;1;1;15;4;0.6382507854892362;0.6612903225806451;0.6424501980504682;0.6451612903225806;0.7352941176470588;0.6628567676194252;0.0008;0;0;0;0.6424501980504682;4
09/02/25 - 18:14 ;		 MultiViewCNN;1;1;15;5;0.6361396408850147;0.6935483870967742;0.6334000595154301;0.6129032258064516;0.726890756302521;0.6540197551882266;0.0008;0;0;0;0.6334000595154301;5
09/02/25 - 18:14 ;		 MultiViewCNN;1;1;15;6;0.6196257702765926;0.6774193548387096;0.6294406152540638;0.6774193548387096;0.7436974789915968;0.6466460132079778;0.0008;0;0;0;0.6294406152540638;6
09/02/25 - 18:15 ;		 MultiViewCNN;1;1;15;7;0.6029558008716952;0.6612903225806451;0.6343092264667634;0.7419354838709677;0.7521008403361346;0.6429449771856134;0.0008;0;0;0;0.6343092264667634;7
09/02/25 - 18:15 ;		 MultiViewCNN;1;1;15;8;0.5672877930825756;0.7258064516129032;0.6257165170484974;0.7419354838709677;0.7773109243697479;0.6377764391444786;0.0008;0;0;0;0.6257165170484974;8
09/02/25 - 18:16 ;		 MultiViewCNN;1;1;15;9;0.5682251251512959;0.7258064516129032;0.6908881347025594;0.5806451612903226;0.7941176470588235;0.6537099478119028;0.0008;1;0;0;0.6257165170484974;8
09/02/25 - 18:16 ;		 MultiViewCNN;1;1;15;10;0.5303529818211833;0.7741935483870968;0.6609866282632274;0.6451612903225806;0.7899159663865546;0.6558929519473001;0.0008;2;0;0;0.6257165170484974;8
09/02/25 - 18:17 ;		 MultiViewCNN;1;1;15;11;0.5049945702475886;0.7903225806451613;0.6199170206823656;0.6774193548387096;0.8361344537815126;0.6451001725678198;0.0004;3;1;0;0.6257165170484974;8
09/02/25 - 18:18 ;		 MultiViewCNN;1;1;15;12;0.5174127221107483;0.7580645161290323;0.5467281062756816;0.6451612903225806;0.7983193277310924;0.6155885526801783;0.0004;0;0;0;0.5467281062756816;12
09/02/25 - 18:18 ;		 MultiViewCNN;1;1;15;13;0.5500271560684327;0.7096774193548387;0.6117036525280245;0.7096774193548387;0.8109243697478993;0.6144230826345322;0.0004;1;0;0;0.5467281062756816;12
09/02/25 - 18:19 ;		 MultiViewCNN;1;1;15;14;0.46536388031898007;0.7741935483870968;0.542817852189464;0.6451612903225806;0.819327731092437;0.5929415135010117;0.0004;0;0;0;0.542817852189464;14
09/02/25 - 18:19 ;		 MultiViewCNN;1;1;15;15;0.45368056335756857;0.8064516129032258;0.6479405751151424;0.6774193548387096;0.8361344537815126;0.6094412319852509;0.0004;1;0;0;0.542817852189464;14
09/02/25 - 18:20 ;		 MultiViewCNN;1;1;15;16;0.4595260139434568;0.7903225806451613;0.716130276841502;0.6129032258064516;0.8361344537815126;0.6414479454421262;0.0004;2;0;0;0.542817852189464;14
09/02/25 - 18:20 ;		 MultiViewCNN;1;1;15;17;0.4189378225034283;0.8225806451612904;0.5992989934259846;0.6774193548387096;0.8529411764705883;0.6288032598372837;0.0002;3;1;0;0.542817852189464;14
09/02/25 - 18:21 ;		 MultiViewCNN;1;1;15;18;0.4405642113377971;0.8387096774193549;0.4990699214320029;0.7096774193548387;0.8571428571428572;0.5898832583156994;0.0002;0;0;0;0.4990699214320029;18
09/02/25 - 18:22 ;		 MultiViewCNN;1;1;15;19;0.3651927834556949;0.8870967741935484;0.5041538669217017;0.6774193548387096;0.8319327731092437;0.5641644408975001;0.0002;0;0;0;0.5041538669217017;19
09/02/25 - 18:22 ;		 MultiViewCNN;1;1;15;20;0.4263618569220266;0.8225806451612904;0.5347018251495976;0.7419354838709677;0.8151260504201682;0.5553256561731293;0.0002;0;0;0;0.5347018251495976;20
09/02/25 - 18:23 ;		 MultiViewCNN;1;1;15;21;0.3540484626447001;0.9032258064516129;0.6586608088785603;0.6774193548387096;0.8403361344537815;0.5863262019847586;0.0002;1;0;0;0.5347018251495976;20
09/02/25 - 18:24 ;		 MultiViewCNN;1;1;15;22;0.37554871843707177;0.9032258064516129;0.6150097645098164;0.6774193548387096;0.8571428571428572;0.5949312707422759;0.0002;2;0;0;0.5347018251495976;20
09/02/25 - 18:24 ;		 MultiViewCNN;1;1;15;23;0.3439337909221649;0.8870967741935484;0.5188315904909565;0.7419354838709677;0.8571428571428572;0.57210136666688;0.0001;3;1;0;0.5347018251495976;20
09/02/25 - 18:25 ;		 MultiViewCNN;1;1;15;24;0.3573281418892645;0.8548387096774194;0.5002815896464933;0.7096774193548387;0.8445378151260505;0.550555433560764;0.0001;0;0;0;0.5002815896464933;24
09/02/25 - 18:25 ;		 MultiViewCNN;1;1;15;25;0.356635227318733;0.8387096774193549;0.5259505731444205;0.7096774193548387;0.8403361344537815;0.5431739754358609;0.0001;0;0;0;0.5259505731444205;25
09/02/25 - 18:26 ;		 MultiViewCNN;1;1;15;26;0.35217149796024444;0.8870967741935484;0.5215525838636583;0.7096774193548387;0.8487394957983193;0.5366875579642001;0.0001;0;0;0;0.5215525838636583;26
09/02/25 - 18:27 ;		 MultiViewCNN;1;1;15;27;0.3118625408218753;0.9193548387096774;0.5369849877972757;0.6451612903225806;0.8445378151260504;0.5367767869141227;0.0001;1;0;0;0.5215525838636583;26
09/02/25 - 18:27 ;		 MultiViewCNN;1;1;15;28;0.2802872739491924;0.9354838709677419;0.5410138109037953;0.7096774193548387;0.8487394957983193;0.5380478941110245;0.0001;2;0;0;0.5215525838636583;26
09/02/25 - 18:28 ;		 MultiViewCNN;1;1;15;29;0.3969209107660478;0.8548387096774194;0.49720424317544504;0.7419354838709677;0.8445378151260504;0.5257947988303506;0.0001;0;0;0;0.49720424317544504;29
09/02/25 - 18:28 ;		 MultiViewCNN;1;1;16;0;0.7014123758962078;0.43548387096774194;0.6892505499624437;0.5483870967741935;0.6512605042016807;0.6892505499624437;0.0008;0;0;0;0.6892505499624437;0
09/02/25 - 18:29 ;		 MultiViewCNN;1;1;16;1;0.6843461278946169;0.5967741935483871;0.6798378421414283;0.6451612903225806;0.7184873949579832;0.686426737616139;0.0008;0;0;0;0.6798378421414283;1
09/02/25 - 18:30 ;		 MultiViewCNN;1;1;16;2;0.6798443082840212;0.5645161290322581;0.6646033467785004;0.6129032258064516;0.7142857142857142;0.6798797203648475;0.0008;0;0;0;0.6646033467785004;2
09/02/25 - 18:30 ;		 MultiViewCNN;1;1;16;3;0.6613409461513642;0.7258064516129032;0.6543479638714944;0.6129032258064516;0.7142857142857143;0.6722201934168415;0.0008;0;0;0;0.6543479638714944;3
09/02/25 - 18:31 ;		 MultiViewCNN;1;1;16;4;0.6473808961529885;0.5967741935483871;0.6446659372698876;0.6129032258064516;0.73109243697479;0.6639539165727553;0.0008;0;0;0;0.6446659372698876;4
09/02/25 - 18:31 ;		 MultiViewCNN;1;1;16;5;0.6360761619383289;0.7258064516129032;0.6361916968899388;0.6129032258064516;0.7226890756302521;0.6556252506679103;0.0008;0;0;0;0.6361916968899388;5
09/02/25 - 18:32 ;		 MultiViewCNN;1;1;16;6;0.6073388803389764;0.7741935483870968;0.6353595179896201;0.5806451612903226;0.7184873949579832;0.6495455308644232;0.0008;0;0;0;0.6353595179896201;6
09/02/25 - 18:33 ;		 MultiViewCNN;1;1;16;7;0.5672104666309972;0.7580645161290323;0.6330941992421304;0.5483870967741935;0.6890756302521008;0.6446101313777353;0.0008;0;0;0;0.6330941992421304;7
09/02/25 - 18:33 ;		 MultiViewCNN;1;1;16;8;0.5723108610799236;0.7580645161290323;0.6214756946409902;0.6451612903225806;0.7100840336134454;0.6376698003567116;0.0008;0;0;0;0.6214756946409902;8
09/02/25 - 18:34 ;		 MultiViewCNN;1;1;16;9;0.5280764477868234;0.7258064516129032;0.5980203891954115;0.7096774193548387;0.7563025210084033;0.6257749770083215;0.0008;0;0;0;0.5980203891954115;9
09/02/25 - 18:34 ;		 MultiViewCNN;1;1;16;10;0.5109721710605006;0.8548387096774194;0.6080629614091688;0.7096774193548387;0.7647058823529411;0.6204613723285757;0.0008;0;0;0;0.6080629614091688;10
09/02/25 - 18:35 ;		 MultiViewCNN;1;1;16;11;0.5238590557729045;0.7741935483870968;0.6034990299132562;0.7096774193548387;0.7563025210084033;0.6153726696039798;0.0008;0;0;0;0.6034990299132562;11
09/02/25 - 18:35 ;		 MultiViewCNN;1;1;16;12;0.524786030092547;0.8064516129032258;0.5990696885893422;0.7096774193548387;0.76890756302521;0.6104817752995885;0.0008;0;0;0;0.5990696885893422;12
09/02/25 - 18:36 ;		 MultiViewCNN;1;1;16;13;0.5268670608920436;0.7419354838709677;0.5898252600623716;0.7096774193548387;0.8109243697478992;0.6042848207284234;0.0008;0;0;0;0.5898252600623716;13
09/02/25 - 18:37 ;		 MultiViewCNN;1;1;16;14;0.4362665395582876;0.8387096774193549;0.625423195862001;0.6774193548387096;0.8109243697478992;0.6106263332684967;0.0008;1;0;0;0.5898252600623716;13
09/02/25 - 18:37 ;		 MultiViewCNN;1;1;16;15;0.44509796461751383;0.8548387096774194;0.6669106252731816;0.6129032258064516;0.8487394957983193;0.6275116208699021;0.0008;2;0;0;0.5898252600623716;13
09/02/25 - 18:38 ;		 MultiViewCNN;1;1;16;16;0.4523957881235307;0.8225806451612904;0.7256918261128087;0.5483870967741935;0.8571428571428571;0.6569656824427741;0.0004;3;1;0;0.5898252600623716;13
09/02/25 - 18:38 ;		 MultiViewCNN;1;1;16;17;0.4055240476323712;0.8709677419354839;0.6301869077067221;0.7096774193548387;0.8403361344537815;0.6489320500219584;0.0004;4;0;0;0.5898252600623716;13
09/02/25 - 18:39 ;		 MultiViewCNN;1;1;16;18;0.3511834086910371;0.9032258064516129;0.5308361149603321;0.7419354838709677;0.8109243697478992;0.6135032695034706;0.0004;5;0;1;0.5898252600623716;13
09/02/25 - 18:40 ;		 MultiViewCNN;1;1;17;0;0.6796675632076878;0.5483870967741935;0.6942824125289917;0.5483870967741935;0.453781512605042;0.6942824125289917;0.0008;0;0;0;0.6942824125289917;0
09/02/25 - 18:40 ;		 MultiViewCNN;1;1;17;1;0.6814843108577113;0.5483870967741935;0.6825821611189073;0.5161290322580645;0.6974789915966387;0.6907723371059663;0.0008;0;0;0;0.6825821611189073;1
09/02/25 - 18:41 ;		 MultiViewCNN;1;1;17;2;0.6678104477543985;0.6129032258064516;0.6640829943841503;0.5483870967741935;0.73109243697479;0.6827655342894214;0.0008;0;0;0;0.6640829943841503;2
09/02/25 - 18:41 ;		 MultiViewCNN;1;1;17;3;0.6604417370211694;0.6612903225806451;0.650429452619245;0.5483870967741935;0.7478991596638656;0.6730647097883684;0.0008;0;0;0;0.650429452619245;3
09/02/25 - 18:42 ;		 MultiViewCNN;1;1;17;4;0.6418646131792376;0.6290322580645161;0.638660148266823;0.6129032258064516;0.7436974789915967;0.6627433413319048;0.0008;0;0;0;0.638660148266823;4
09/02/25 - 18:42 ;		 MultiViewCNN;1;1;17;5;0.6198939258052457;0.7580645161290323;0.6260545196071747;0.6129032258064516;0.7521008403361344;0.6517366948144858;0.0008;0;0;0;0.6260545196071747;5
09/02/25 - 18:43 ;		 MultiViewCNN;1;1;17;6;0.608392390512651;0.7258064516129032;0.621246955087108;0.6451612903225806;0.7226890756302521;0.6425897728962724;0.0008;0;0;0;0.621246955087108;6
09/02/25 - 18:44 ;		 MultiViewCNN;1;1;17;7;0.6014185172896231;0.7258064516129032;0.6121536743256354;0.6774193548387096;0.7226890756302521;0.6334589433250812;0.0008;0;0;0;0.6121536743256354;7
09/02/25 - 18:44 ;		 MultiViewCNN;1;1;17;8;0.5674001939835087;0.7741935483870968;0.6059391171701493;0.7096774193548387;0.7521008403361344;0.6252029954786016;0.0008;0;0;0;0.6059391171701493;8
09/02/25 - 18:45 ;		 MultiViewCNN;1;1;17;9;0.5489873193925426;0.7580645161290323;0.631544352539124;0.6774193548387096;0.7815126050420168;0.6271054025967583;0.0008;1;0;0;0.6059391171701493;8
09/02/25 - 18:45 ;		 MultiViewCNN;1;1;17;10;0.5364612619723043;0.7741935483870968;0.6871489642127868;0.6451612903225806;0.7899159663865546;0.6451184710815668;0.0008;2;0;0;0.6059391171701493;8
09/02/25 - 18:46 ;		 MultiViewCNN;1;1;17;11;0.5214583816066864;0.7258064516129032;0.6342828840978684;0.6774193548387096;0.7983193277310925;0.6418677949864573;0.0004;3;1;0;0.6059391171701493;8
09/02/25 - 18:47 ;		 MultiViewCNN;1;1;17;12;0.46484318856270085;0.8225806451612904;0.6813220612464412;0.6451612903225806;0.8067226890756303;0.6537040748644525;0.0004;4;0;0;0.6059391171701493;8
09/02/25 - 18:47 ;		 MultiViewCNN;1;1;17;13;0.43564928058655034;0.8709677419354839;0.6896894228073859;0.6451612903225806;0.8193277310924371;0.6644996792473324;0.0004;5;0;1;0.6059391171701493;8
09/02/25 - 18:48 ;		 MultiViewCNN;1;1;18;0;0.6893196355911994;0.5161290322580645;0.6842296181186553;0.5483870967741935;0.7773109243697479;0.6842296181186553;0.0008;0;0;0;0.6842296181186553;0
09/02/25 - 18:49 ;		 MultiViewCNN;1;1;18;1;0.6647733738345485;0.6612903225806451;0.6715048474650229;0.5806451612903226;0.7563025210084034;0.6804121869225656;0.0008;0;0;0;0.6715048474650229;1
09/02/25 - 18:49 ;		 MultiViewCNN;1;1;18;2;0.6774813898148075;0.6451612903225806;0.6608062905649985;0.6774193548387096;0.7436974789915967;0.6745304180152955;0.0008;0;0;0;0.6608062905649985;2
09/02/25 - 18:50 ;		 MultiViewCNN;1;1;18;3;0.6473975162352285;0.6774193548387096;0.6506692959416297;0.5806451612903226;0.7226890756302521;0.6673720813931957;0.0008;0;0;0;0.6506692959416297;3
09/02/25 - 18:50 ;		 MultiViewCNN;1;1;18;4;0.6659559838233455;0.6129032258064516;0.6541437737403377;0.5161290322580645;0.7016806722689076;0.6634035890973382;0.0008;0;0;0;0.6541437737403377;4
09/02/25 - 18:51 ;		 MultiViewCNN;1;1;18;5;0.6206814646720886;0.6935483870967742;0.6620163263813141;0.5161290322580645;0.7016806722689076;0.6629874102825309;0.0008;1;0;0;0.6541437737403377;4
09/02/25 - 18:51 ;		 MultiViewCNN;1;1;18;6;0.6126509020405431;0.7419354838709677;0.646178622399607;0.5806451612903226;0.689075630252101;0.6579447739176537;0.0008;0;0;0;0.646178622399607;6
09/02/25 - 18:52 ;		 MultiViewCNN;1;1;18;7;0.5984776981415287;0.6774193548387096;0.6358144763977297;0.5806451612903226;0.7016806722689076;0.6513056846616765;0.0008;0;0;0;0.6358144763977297;7
09/02/25 - 18:53 ;		 MultiViewCNN;1;1;18;8;0.5910119548920663;0.7419354838709677;0.6381259233720841;0.6451612903225806;0.726890756302521;0.6473517562747987;0.0008;0;0;0;0.6381259233720841;8
09/02/25 - 18:53 ;		 MultiViewCNN;1;1;18;9;0.569268936111081;0.7903225806451613;0.6105495633617524;0.6129032258064516;0.726890756302521;0.6363110984008847;0.0008;0;0;0;0.6105495633617524;9
09/02/25 - 18:54 ;		 MultiViewCNN;1;1;18;10;0.5687447670967348;0.6451612903225806;0.6303843702039411;0.6129032258064516;0.726890756302521;0.6345330799418016;0.0008;1;0;0;0.6105495633617524;9
09/02/25 - 18:55 ;		 MultiViewCNN;1;1;18;11;0.559131125288625;0.7258064516129032;0.6949464255763639;0.6451612903225806;0.7521008403361344;0.6526570836321702;0.0008;2;0;0;0.6105495633617524;9
09/02/25 - 18:55 ;		 MultiViewCNN;1;1;18;12;0.522792600816296;0.7741935483870968;0.6185415656335892;0.6451612903225806;0.7436974789915967;0.6424224282325959;0.0004;3;1;0;0.6105495633617524;9
09/02/25 - 18:56 ;		 MultiViewCNN;1;1;18;13;0.5479801374097024;0.7419354838709677;0.5962263038081508;0.6129032258064516;0.7647058823529412;0.6285635909052623;0.0004;0;0;0;0.5962263038081508;13
09/02/25 - 18:56 ;		 MultiViewCNN;1;1;18;14;0.546902830562284;0.7419354838709677;0.585880542955091;0.6451612903225806;0.7478991596638656;0.6157586765202108;0.0004;0;0;0;0.585880542955091;14
09/02/25 - 18:57 ;		 MultiViewCNN;1;1;18;15;0.49701435719766923;0.7903225806451613;0.5838768578344776;0.6774193548387096;0.7478991596638657;0.6061941309144908;0.0004;0;0;0;0.5838768578344776;15
09/02/25 - 18:58 ;		 MultiViewCNN;1;1;18;16;0.48689756662614886;0.8064516129032258;0.622984653519046;0.6451612903225806;0.7857142857142857;0.6112312876958573;0.0004;1;0;0;0.5838768578344776;15
09/02/25 - 18:58 ;		 MultiViewCNN;1;1;18;17;0.49077206753915353;0.7580645161290323;0.6391764283180237;0.6129032258064516;0.7815126050420168;0.6196148298825073;0.0004;2;0;0;0.5838768578344776;15
09/02/25 - 18:59 ;		 MultiViewCNN;1;1;18;18;0.44159084270077364;0.8225806451612904;0.6313525380626801;0.6451612903225806;0.7983193277310925;0.6231361423365591;0.0002;3;1;0;0.5838768578344776;15
09/02/25 - 19:00 ;		 MultiViewCNN;1;1;18;19;0.4572197804527898;0.8064516129032258;0.5651503205299377;0.6774193548387096;0.7857142857142858;0.6057403957945726;0.0002;4;0;0;0.5838768578344776;15
09/02/25 - 19:00 ;		 MultiViewCNN;1;1;18;20;0.4390658063273276;0.8064516129032258;0.5477739053387796;0.6774193548387096;0.7857142857142857;0.5883504486578347;0.0002;0;0;0;0.5477739053387796;20
09/02/25 - 19:01 ;		 MultiViewCNN;1;1;18;21;0.5335742581275201;0.7096774193548387;0.5416637659072876;0.6774193548387096;0.7857142857142857;0.5743444438326706;0.0002;0;0;0;0.5416637659072876;21
09/02/25 - 19:02 ;		 MultiViewCNN;1;1;18;22;0.4653472400480701;0.8064516129032258;0.5568963500761217;0.7096774193548387;0.7941176470588235;0.5691100157057059;0.0002;0;0;0;0.5568963500761217;22
09/02/25 - 19:02 ;		 MultiViewCNN;1;1;18;23;0.4945827837913267;0.7741935483870968;0.5517025474579104;0.7096774193548387;0.8067226890756303;0.5638877752313671;0.0002;0;0;0;0.5517025474579104;23
09/02/25 - 19:03 ;		 MultiViewCNN;1;1;18;24;0.4556542711873208;0.7903225806451613;0.549950736184274;0.7096774193548387;0.8067226890756303;0.5597066635172392;0.0002;0;0;0;0.549950736184274;24
09/02/25 - 19:04 ;		 MultiViewCNN;1;1;18;25;0.5336416036851944;0.7903225806451613;0.5390107920092921;0.7096774193548387;0.8151260504201681;0.553497902064855;0.0002;0;0;0;0.5390107920092921;25
09/02/25 - 19:04 ;		 MultiViewCNN;1;1;18;26;0.4482799547333871;0.8064516129032258;0.5304403132007968;0.6774193548387096;0.819327731092437;0.5465806254056376;0.0002;0;0;0;0.5304403132007968;26
09/02/25 - 19:05 ;		 MultiViewCNN;1;1;18;27;0.503144133475519;0.8064516129032258;0.5181128786456201;0.6774193548387096;0.8025210084033614;0.5380403013776323;0.0002;0;0;0;0.5181128786456201;27
09/02/25 - 19:06 ;		 MultiViewCNN;1;1;18;28;0.45195079715021197;0.8064516129032258;0.5231412860655016;0.6774193548387096;0.8235294117647058;0.533570596783993;0.0002;0;0;0;0.5231412860655016;28
09/02/25 - 19:07 ;		 MultiViewCNN;1;1;18;29;0.4631154152654832;0.7741935483870968;0.5370007291916878;0.6774193548387096;0.8151260504201681;0.5345996365063015;0.0002;1;0;0;0.5231412860655016;28
09/02/25 - 19:07 ;		 MultiViewCNN;1;2;1;0;0.7005049336341119;0.4032258064516129;0.6928911862834808;0.41935483870967744;0.4041666666666667;0.6928911862834808;0.0002;0;0;0;0.6928911862834808;0
09/02/25 - 19:08 ;		 MultiViewCNN;1;2;1;1;0.6843062600781841;0.6290322580645161;0.6896753791839846;0.5806451612903226;0.7125;0.6919264441536319;0.0002;1;0;0;0.6928911862834808;0
09/02/25 - 19:09 ;		 MultiViewCNN;1;2;1;2;0.6818545537610208;0.5645161290322581;0.684985714574014;0.6129032258064516;0.7666666666666666;0.6898442252797465;0.0002;0;0;0;0.684985714574014;2
09/02/25 - 19:09 ;		 MultiViewCNN;1;2;1;3;0.6785010445502496;0.6129032258064516;0.6795000145512242;0.5806451612903226;0.8041666666666666;0.6867409620611897;0.0002;0;0;0;0.6795000145512242;3
09/02/25 - 19:10 ;		 MultiViewCNN;1;2;1;4;0.6746757588078899;0.6290322580645161;0.6736076551098977;0.6451612903225806;0.85;0.6828009699758021;0.0002;0;0;0;0.6736076551098977;4
09/02/25 - 19:11 ;		 MultiViewCNN;1;2;1;5;0.666724564567689;0.6612903225806451;0.6697340934507309;0.5806451612903226;0.8375;0.6788809070182806;0.0002;0;0;0;0.6697340934507309;5
09/02/25 - 19:11 ;		 MultiViewCNN;1;2;1;6;0.6626685684727084;0.6935483870967742;0.6671861006367591;0.5483870967741935;0.8041666666666667;0.6753724651038242;0.0002;0;0;0;0.6671861006367591;6
09/02/25 - 19:12 ;		 MultiViewCNN;1;2;1;7;0.6505756051309647;0.7258064516129032;0.66400993639423;0.5483870967741935;0.8083333333333333;0.6719637064909458;0.0002;0;0;0;0.66400993639423;7
09/02/25 - 19:13 ;		 MultiViewCNN;1;2;1;8;0.6473801751290599;0.6612903225806451;0.6625387187927;0.5161290322580645;0.7875;0.6691362101814721;0.0002;0;0;0;0.6625387187927;8
09/02/25 - 19:13 ;		 MultiViewCNN;1;2;1;9;0.6508508420759632;0.6451612903225806;0.65364231025019;0.5806451612903226;0.7916666666666667;0.6644880402020874;0.0002;0;0;0;0.65364231025019;9
09/02/25 - 19:14 ;		 MultiViewCNN;1;2;1;10;0.65195450475139;0.6451612903225806;0.6407993781951166;0.5806451612903226;0.8083333333333333;0.6573814415999961;0.0002;0;0;0;0.6407993781951166;10
09/02/25 - 19:15 ;		 MultiViewCNN;1;2;1;11;0.6232948072494999;0.7580645161290323;0.6376683788914834;0.5806451612903226;0.7916666666666667;0.6514675227874422;0.0002;0;0;0;0.6376683788914834;11
09/02/25 - 19:15 ;		 MultiViewCNN;1;2;1;12;0.6252828201939983;0.6935483870967742;0.6266183545512538;0.6451612903225806;0.8166666666666667;0.6440127723165856;0.0002;0;0;0;0.6266183545512538;12
09/02/25 - 19:16 ;		 MultiViewCNN;1;2;1;13;0.619160646392453;0.6935483870967742;0.6208976930187594;0.6451612903225806;0.8166666666666668;0.6370782485272377;0.0002;0;0;0;0.6208976930187594;13
09/02/25 - 19:16 ;		 MultiViewCNN;1;2;1;14;0.6319247811071335;0.6935483870967742;0.6272119668222242;0.6451612903225806;0.7958333333333333;0.6341183640157336;0.0002;0;0;0;0.6272119668222242;14
09/02/25 - 19:17 ;		 MultiViewCNN;1;2;1;15;0.61781019549216;0.6935483870967742;0.6115652784224479;0.6451612903225806;0.8208333333333333;0.6273524383377479;0.0002;0;0;0;0.6115652784224479;15
09/02/25 - 19:18 ;		 MultiViewCNN;1;2;1;16;0.6271383531631962;0.6612903225806451;0.6016670253969008;0.7096774193548387;0.8666666666666667;0.6196468144554937;0.0002;0;0;0;0.6016670253969008;16
09/02/25 - 19:18 ;		 MultiViewCNN;1;2;1;17;0.5995017251660747;0.7580645161290323;0.5988439571472907;0.7096774193548387;0.8500000000000001;0.6134059572630328;0.0002;0;0;0;0.5988439571472907;17
09/02/25 - 19:19 ;		 MultiViewCNN;1;2;1;18;0.5991276983291872;0.7419354838709677;0.5951636183646417;0.7096774193548387;0.8583333333333334;0.6079332555935154;0.0002;0;0;0;0.5951636183646417;18
09/02/25 - 19:20 ;		 MultiViewCNN;1;2;1;19;0.5893504311961513;0.7258064516129032;0.5922215100257627;0.7096774193548387;0.85;0.6032197319231896;0.0002;0;0;0;0.5922215100257627;19
09/02/25 - 19:20 ;		 MultiViewCNN;1;2;1;20;0.5809391890802691;0.7258064516129032;0.5865502818938224;0.7096774193548387;0.8375;0.5982188969143793;0.0002;0;0;0;0.5865502818938224;20
09/02/25 - 19:21 ;		 MultiViewCNN;1;2;1;21;0.588188846265116;0.7258064516129032;0.5835327063837359;0.7419354838709677;0.8541666666666666;0.5938130397551863;0.0002;0;0;0;0.5835327063837359;21
09/02/25 - 19:22 ;		 MultiViewCNN;1;2;1;22;0.5915908294339334;0.7741935483870968;0.5860230422789051;0.7741935483870968;0.8583333333333334;0.5914760405123018;0.0002;0;0;0;0.5860230422789051;22
09/02/25 - 19:22 ;		 MultiViewCNN;1;2;1;23;0.5790224017635468;0.7903225806451613;0.5792244922730231;0.7419354838709677;0.85;0.5878005760405182;0.0002;0;0;0;0.5792244922730231;23
09/02/25 - 19:23 ;		 MultiViewCNN;1;2;1;24;0.5329498052597046;0.7903225806451613;0.5827569596229061;0.7096774193548387;0.8541666666666666;0.5862874911152345;0.0002;1;0;0;0.5792244922730231;23
09/02/25 - 19:24 ;		 MultiViewCNN;1;2;1;25;0.5438763922260653;0.8064516129032258;0.5708639141052;0.8064516129032258;0.85;0.5816604180122241;0.0002;0;0;0;0.5708639141052;25
09/02/25 - 19:24 ;		 MultiViewCNN;1;2;1;26;0.5425967651028787;0.7580645161290323;0.5862552696658719;0.6129032258064516;0.8333333333333333;0.5830388735083184;0.0002;1;0;0;0.5708639141052;25
09/02/25 - 19:25 ;		 MultiViewCNN;1;2;1;27;0.519087351137592;0.8225806451612904;0.5871345054718756;0.6129032258064516;0.8333333333333333;0.5842675630973856;0.0002;2;0;0;0.5708639141052;25
09/02/25 - 19:26 ;		 MultiViewCNN;1;2;1;28;0.5426643317745578;0.7741935483870968;0.543045861105765;0.7741935483870968;0.8541666666666666;0.5719010524998993;0.0002;0;0;0;0.543045861105765;28
09/02/25 - 19:26 ;		 MultiViewCNN;1;2;1;29;0.5127944619424881;0.8387096774193549;0.5449478510887392;0.8064516129032258;0.8583333333333333;0.5638150920765512;0.0002;0;0;0;0.5449478510887392;29
09/02/25 - 19:27 ;		 MultiViewCNN;1;2;2;0;0.6971173824802521;0.45161290322580644;0.6929400620921966;0.4838709677419355;0.5291666666666668;0.6929400620921966;0.0002;0;0;0;0.6929400620921966;0
09/02/25 - 19:28 ;		 MultiViewCNN;1;2;2;1;0.6837944811390292;0.6290322580645161;0.6891876189939438;0.6129032258064516;0.6291666666666667;0.6918143291627207;0.0002;1;0;0;0.6929400620921966;0
09/02/25 - 19:28 ;		 MultiViewCNN;1;2;2;2;0.6869084085187604;0.5483870967741935;0.6823596685163437;0.6774193548387096;0.7458333333333333;0.6889779309688076;0.0002;0;0;0;0.6823596685163437;2
09/02/25 - 19:29 ;		 MultiViewCNN;1;2;2;3;0.6696754828576119;0.7258064516129032;0.6744184532473164;0.5806451612903226;0.8041666666666667;0.6846100876523602;0.0002;0;0;0;0.6744184532473164;3
09/02/25 - 19:30 ;		 MultiViewCNN;1;2;2;4;0.6658709164588682;0.6451612903225806;0.6676843358624366;0.5161290322580645;0.8416666666666667;0.679532362115383;0.0002;0;0;0;0.6676843358624366;4
09/02/25 - 19:30 ;		 MultiViewCNN;1;2;2;5;0.661605465796686;0.7096774193548387;0.663696906258983;0.5161290322580645;0.8541666666666666;0.674781725358463;0.0002;0;0;0;0.663696906258983;5
09/02/25 - 19:31 ;		 MultiViewCNN;1;2;2;6;0.6629488910398176;0.6612903225806451;0.6595710746703609;0.5161290322580645;0.85;0.6702185301520324;0.0002;0;0;0;0.6595710746703609;6
09/02/25 - 19:32 ;		 MultiViewCNN;1;2;2;7;0.6619657643379704;0.6451612903225806;0.6576224738551725;0.5161290322580645;0.8208333333333333;0.6664397132629744;0.0002;0;0;0;0.6576224738551725;7
09/02/25 - 19:33 ;		 MultiViewCNN;1;2;2;8;0.6462495884587688;0.6129032258064516;0.6532475390741902;0.5161290322580645;0.8291666666666666;0.6624820610063391;0.0002;0;0;0;0.6532475390741902;8
09/02/25 - 19:33 ;		 MultiViewCNN;1;2;2;9;0.6402245163917542;0.6774193548387096;0.6434265144409672;0.5806451612903226;0.8375;0.6567653970367275;0.0002;0;0;0;0.6434265144409672;9
09/02/25 - 19:34 ;		 MultiViewCNN;1;2;2;10;0.6410831462952399;0.7741935483870968;0.6357902403800718;0.5806451612903226;0.8458333333333333;0.6504728500397308;0.0002;0;0;0;0.6357902403800718;10
09/02/25 - 19:35 ;		 MultiViewCNN;1;2;2;11;0.6300815478447945;0.8064516129032258;0.6310072656600706;0.6129032258064516;0.8416666666666667;0.6446331747258327;0.0002;0;0;0;0.6310072656600706;11
09/02/25 - 19:35 ;		 MultiViewCNN;1;2;2;12;0.6280205076740634;0.7096774193548387;0.6276217122231761;0.6451612903225806;0.8333333333333333;0.6395297359750356;0.0002;0;0;0;0.6276217122231761;12
09/02/25 - 19:36 ;		 MultiViewCNN;1;2;2;13;0.6196947809188597;0.6935483870967742;0.6233768963044689;0.6451612903225806;0.8375;0.6346838840738656;0.0002;0;0;0;0.6233768963044689;13
09/02/25 - 19:37 ;		 MultiViewCNN;1;2;2;14;0.6155830679401275;0.7096774193548387;0.6178057693666027;0.6774193548387096;0.8333333333333334;0.6296204496616866;0.0002;0;0;0;0.6178057693666027;14
09/02/25 - 19:37 ;		 MultiViewCNN;1;2;2;15;0.6183121338967354;0.7419354838709677;0.6094763202051963;0.7096774193548387;0.8416666666666667;0.6235772108247395;0.0002;0;0;0;0.6094763202051963;15
09/02/25 - 19:38 ;		 MultiViewCNN;1;2;2;16;0.6029452047040386;0.7258064516129032;0.5964663124853565;0.8064516129032258;0.875;0.6154439413229246;0.0002;0;0;0;0.5964663124853565;16
09/02/25 - 19:38 ;		 MultiViewCNN;1;2;2;17;0.6041929587241142;0.7419354838709677;0.5938164591789246;0.8064516129032258;0.8791666666666667;0.6089556966797246;0.0002;0;0;0;0.5938164591789246;17
09/02/25 - 19:39 ;		 MultiViewCNN;1;2;2;18;0.5880219398006317;0.7903225806451613;0.5922278588817965;0.8064516129032258;0.875;0.6039373453403462;0.0002;0;0;0;0.5922278588817965;18
09/02/25 - 19:40 ;		 MultiViewCNN;1;2;2;19;0.6099520056478439;0.7258064516129032;0.5881376612570978;0.8387096774193549;0.875;0.5991974401153716;0.0002;0;0;0;0.5881376612570978;19
09/02/25 - 19:40 ;		 MultiViewCNN;1;2;2;20;0.5689659657016877;0.7258064516129032;0.579273812232479;0.8064516129032258;0.8916666666666666;0.5932203517505038;0.0002;0;0;0;0.579273812232479;20
09/02/25 - 19:41 ;		 MultiViewCNN;1;2;2;21;0.5745693252932641;0.8064516129032258;0.5715554875712241;0.8064516129032258;0.8875000000000001;0.5867208924967199;0.0002;0;0;0;0.5715554875712241;21
09/02/25 - 19:42 ;		 MultiViewCNN;1;2;2;22;0.5610688886334819;0.7903225806451613;0.5673738141213694;0.8064516129032258;0.8958333333333333;0.5809167689841147;0.0002;0;0;0;0.5673738141213694;22
09/02/25 - 19:42 ;		 MultiViewCNN;1;2;2;23;0.5762036327392824;0.7419354838709677;0.5692383589283112;0.8387096774193549;0.8916666666666667;0.5774132459673736;0.0002;0;0;0;0.5692383589283112;23
09/02/25 - 19:43 ;		 MultiViewCNN;1;2;2;24;0.5516244999824031;0.8225806451612904;0.5816541852489594;0.8709677419354839;0.8833333333333334;0.5786855277518493;0.0002;1;0;0;0.5692383589283112;23
09/02/25 - 19:43 ;		 MultiViewCNN;1;2;2;25;0.563077348855234;0.7419354838709677;0.5760707951361134;0.6774193548387096;0.8708333333333333;0.5779011079671286;0.0002;2;0;0;0.5692383589283112;23
09/02/25 - 19:44 ;		 MultiViewCNN;1;2;2;26;0.5493756051986448;0.7903225806451613;0.5904243203901476;0.6129032258064516;0.8875;0.5816580716940343;0.0001;3;1;0;0.5692383589283112;23
09/02/25 - 19:45 ;		 MultiViewCNN;1;2;2;27;0.5204495826075154;0.8064516129032258;0.5453272173481603;0.8064516129032258;0.8916666666666666;0.5707588153902721;0.0001;0;0;0;0.5453272173481603;27
09/02/25 - 19:45 ;		 MultiViewCNN;1;2;2;28;0.5295547900661346;0.7258064516129032;0.54032128472482;0.8064516129032258;0.8833333333333333;0.5616275561906364;0.0001;0;0;0;0.54032128472482;28
09/02/25 - 19:46 ;		 MultiViewCNN;1;2;2;29;0.5212059405542189;0.8387096774193549;0.5476589587426954;0.8387096774193549;0.8875;0.5574369769562542;0.0001;0;0;0;0.5476589587426954;29
09/02/25 - 19:47 ;		 MultiViewCNN;1;2;3;0;0.6996363209139916;0.43548387096774194;0.6935047680331815;0.5161290322580645;0.5083333333333333;0.6935047680331815;0.0002;0;0;0;0.6935047680331815;0
09/02/25 - 19:47 ;		 MultiViewCNN;1;2;3;1;0.684787598348433;0.5967741935483871;0.6905916333198547;0.5161290322580645;0.6666666666666667;0.6926308276191835;0.0002;1;0;0;0.6935047680331815;0
09/02/25 - 19:48 ;		 MultiViewCNN;1;2;3;2;0.6858620509024589;0.5645161290322581;0.6876885679460341;0.5161290322580645;0.8333333333333334;0.6911481497172386;0.0002;0;0;0;0.6876885679460341;2
09/02/25 - 19:48 ;		 MultiViewCNN;1;2;3;3;0.6841856260453502;0.5161290322580645;0.6838552971040049;0.5161290322580645;0.8583333333333334;0.6889602939332684;0.0002;0;0;0;0.6838552971040049;3
09/02/25 - 19:49 ;		 MultiViewCNN;1;2;3;4;0.6773664105323053;0.5806451612903226;0.6778139568144276;0.5161290322580645;0.8916666666666666;0.6856163927976161;0.0002;0;0;0;0.6778139568144276;4
09/02/25 - 19:50 ;		 MultiViewCNN;1;2;3;5;0.675782274815344;0.5967741935483871;0.6732722770783209;0.5161290322580645;0.9041666666666667;0.6819131580818275;0.0002;0;0;0;0.6732722770783209;5
09/02/25 - 19:51 ;		 MultiViewCNN;1;2;3;6;0.6664463781541393;0.6290322580645161;0.6702538401849808;0.5161290322580645;0.8916666666666666;0.6784153627127735;0.0002;0;0;0;0.6702538401849808;6
09/02/25 - 19:51 ;		 MultiViewCNN;1;2;3;7;0.6701877867021868;0.5806451612903226;0.6670947517118146;0.5161290322580645;0.875;0.6750191794124858;0.0002;0;0;0;0.6670947517118146;7
09/02/25 - 19:52 ;		 MultiViewCNN;1;2;3;8;0.6516132566236681;0.6129032258064516;0.6630748606497242;0.5161290322580645;0.85;0.6714358837836573;0.0002;0;0;0;0.6630748606497242;8
09/02/25 - 19:53 ;		 MultiViewCNN;1;2;3;9;0.6643609443018513;0.5967741935483871;0.6569621005365925;0.5483870967741935;0.85;0.6670937488095378;0.0002;0;0;0;0.6569621005365925;9
09/02/25 - 19:53 ;		 MultiViewCNN;1;2;3;10;0.6611583021379286;0.6612903225806451;0.6519025775694078;0.5806451612903226;0.8583333333333334;0.6625363974374987;0.0002;0;0;0;0.6519025775694078;10
09/02/25 - 19:54 ;		 MultiViewCNN;1;2;3;11;0.6495633759806233;0.6612903225806451;0.6484620782636827;0.6129032258064516;0.8500000000000001;0.6583141016853539;0.0002;0;0;0;0.6484620782636827;11
09/02/25 - 19:55 ;		 MultiViewCNN;1;2;3;12;0.6384558408491073;0.7258064516129032;0.6429092499517626;0.6451612903225806;0.8583333333333334;0.6536926461652764;0.0002;0;0;0;0.6429092499517626;12
09/02/25 - 19:56 ;		 MultiViewCNN;1;2;3;13;0.6366535771277643;0.7096774193548387;0.6396655594148943;0.6451612903225806;0.8500000000000001;0.6494845201401618;0.0002;0;0;0;0.6396655594148943;13
09/02/25 - 19:56 ;		 MultiViewCNN;1;2;3;14;0.6210014531689305;0.7741935483870968;0.6358343362808228;0.6451612903225806;0.8500000000000001;0.64538946498236;0.0002;0;0;0;0.6358343362808228;14
09/02/25 - 19:57 ;		 MultiViewCNN;1;2;3;15;0.6335933112329052;0.7258064516129032;0.6299414769295724;0.6451612903225806;0.8416666666666667;0.6407550685665238;0.0002;0;0;0;0.6299414769295724;15
09/02/25 - 19:58 ;		 MultiViewCNN;1;2;3;16;0.6241679499226231;0.7258064516129032;0.6265901423269703;0.7096774193548387;0.8375;0.6365055906946577;0.0002;0;0;0;0.6265901423269703;16
09/02/25 - 19:58 ;		 MultiViewCNN;1;2;3;17;0.6174591645117729;0.7419354838709677;0.6219648699606618;0.7419354838709677;0.8416666666666667;0.6321433744744589;0.0002;0;0;0;0.6219648699606618;17
09/02/25 - 19:59 ;		 MultiViewCNN;1;2;3;18;0.6067604614842322;0.6774193548387096;0.6201814278479545;0.6774193548387096;0.8583333333333334;0.6285547904865075;0.0002;0;0;0;0.6201814278479545;18
09/02/25 - 20:00 ;		 MultiViewCNN;1;2;3;19;0.6210350355794353;0.6935483870967742;0.6134431150651747;0.7419354838709677;0.8541666666666667;0.6240212878601077;0.0002;0;0;0;0.6134431150651747;19
09/02/25 - 20:00 ;		 MultiViewCNN;1;2;3;20;0.5786206520372822;0.8225806451612904;0.6107691584094879;0.7096774193548387;0.8625;0.6200456490249218;0.0002;0;0;0;0.6107691584094879;20
09/02/25 - 20:01 ;		 MultiViewCNN;1;2;3;21;0.6026692746147033;0.7096774193548387;0.6066411195262786;0.6774193548387096;0.8583333333333333;0.6160242901753288;0.0002;0;0;0;0.6066411195262786;21
09/02/25 - 20:02 ;		 MultiViewCNN;1;2;3;22;0.6078881390633122;0.7258064516129032;0.6011806341909594;0.6774193548387096;0.85;0.611571193380018;0.0002;0;0;0;0.6011806341909594;22
09/02/25 - 20:02 ;		 MultiViewCNN;1;2;3;23;0.6149965390082328;0.7096774193548387;0.5891492789791476;0.8064516129032258;0.9;0.6048446190597568;0.0002;0;0;0;0.5891492789791476;23
09/02/25 - 20:03 ;		 MultiViewCNN;1;2;3;24;0.585184593354502;0.7258064516129032;0.5886640414114921;0.8387096774193549;0.9208333333333334;0.5999904457652774;0.0002;0;0;0;0.5886640414114921;24
09/02/25 - 20:04 ;		 MultiViewCNN;1;2;3;25;0.5720744709814748;0.7903225806451613;0.5866209018614984;0.8387096774193549;0.9125000000000001;0.5959795825941436;0.0002;0;0;0;0.5866209018614984;25
09/02/25 - 20:05 ;		 MultiViewCNN;1;2;3;26;0.5681167321820413;0.7580645161290323;0.5826665759086609;0.8387096774193549;0.9125000000000001;0.5919856805884988;0.0002;0;0;0;0.5826665759086609;26
09/02/25 - 20:05 ;		 MultiViewCNN;1;2;3;27;0.5672725727481227;0.7580645161290323;0.5872395788469622;0.8387096774193549;0.8916666666666666;0.5905618500660378;0.0002;1;0;0;0.5826665759086609;26
09/02/25 - 20:06 ;		 MultiViewCNN;1;2;3;28;0.5480121816358259;0.8225806451612904;0.5838164975566249;0.7741935483870968;0.8875;0.5885382443132139;0.0002;0;0;0;0.5838164975566249;28
09/02/25 - 20:06 ;		 MultiViewCNN;1;2;3;29;0.5412469381286252;0.8064516129032258;0.571837511754805;0.8387096774193549;0.9000000000000001;0.5835280245456912;0.0002;0;0;0;0.571837511754805;29
09/02/25 - 20:07 ;		 MultiViewCNN;1;2;4;0;0.7049519515806629;0.45161290322580644;0.6971433701053742;0.4838709677419355;0.42083333333333334;0.6971433701053742;0.0002;0;0;0;0.6971433701053742;0
09/02/25 - 20:08 ;		 MultiViewCNN;1;2;4;1;0.6948434402865749;0.45161290322580644;0.6936029772604665;0.4838709677419355;0.5458333333333333;0.6960812522519018;0.0002;1;0;0;0.6971433701053742;0
09/02/25 - 20:08 ;		 MultiViewCNN;1;2;4;2;0.6848781012719677;0.5645161290322581;0.6888057762576688;0.5483870967741935;0.6541666666666667;0.6938986094536319;0.0002;0;0;0;0.6888057762576688;2
09/02/25 - 20:09 ;		 MultiViewCNN;1;2;4;3;0.6816492792098753;0.6290322580645161;0.6832612060731457;0.7741935483870968;0.7166666666666667;0.690707388439486;0.0002;0;0;0;0.6832612060731457;3
09/02/25 - 20:10 ;		 MultiViewCNN;1;2;4;4;0.6715043802415172;0.6774193548387096;0.6779368404419192;0.5806451612903226;0.75;0.6868762240402159;0.0002;0;0;0;0.6779368404419192;4
09/02/25 - 20:10 ;		 MultiViewCNN;1;2;4;5;0.6785992806957614;0.6290322580645161;0.673214449036506;0.5161290322580645;0.75;0.6827776915391028;0.0002;0;0;0;0.673214449036506;5
09/02/25 - 20:11 ;		 MultiViewCNN;1;2;4;6;0.6663283628802146;0.6935483870967742;0.6682479573834327;0.6129032258064516;0.7625;0.6784187712924017;0.0002;0;0;0;0.6682479573834327;6
09/02/25 - 20:12 ;		 MultiViewCNN;1;2;4;7;0.6667976783167932;0.7096774193548387;0.6632234415700359;0.6451612903225806;0.7875;0.6738601723756918;0.0002;0;0;0;0.6632234415700359;7
09/02/25 - 20:12 ;		 MultiViewCNN;1;2;4;8;0.6625417913160017;0.6774193548387096;0.6573898407720751;0.6451612903225806;0.8125;0.6689190728946068;0.0002;0;0;0;0.6573898407720751;8
09/02/25 - 20:13 ;		 MultiViewCNN;1;2;4;9;0.6557159270009687;0.7419354838709677;0.651766792420418;0.6774193548387096;0.8291666666666666;0.6637733887523501;0.0002;0;0;0;0.651766792420418;9
09/02/25 - 20:14 ;		 MultiViewCNN;1;2;4;10;0.6463252902030945;0.7903225806451613;0.6484358887518605;0.7096774193548387;0.8291666666666667;0.6591721387522033;0.0002;0;0;0;0.6484358887518605;10
09/02/25 - 20:14 ;		 MultiViewCNN;1;2;4;11;0.6496860038849616;0.7258064516129032;0.645131366868173;0.6774193548387096;0.8333333333333334;0.6549599071869942;0.0002;0;0;0;0.645131366868173;11
09/02/25 - 20:15 ;		 MultiViewCNN;1;2;4;12;0.6378434761877982;0.7903225806451613;0.6421496695087802;0.6774193548387096;0.8375;0.65111683588353;0.0002;0;0;0;0.6421496695087802;12
09/02/25 - 20:16 ;		 MultiViewCNN;1;2;4;13;0.6456606138137079;0.6935483870967742;0.6389835630693743;0.6774193548387096;0.8333333333333334;0.6474768540392832;0.0002;0;0;0;0.6389835630693743;13
09/02/25 - 20:16 ;		 MultiViewCNN;1;2;4;14;0.6341163842908798;0.7096774193548387;0.6338590921894196;0.6774193548387096;0.8375;0.6433915254843241;0.0002;0;0;0;0.6338590921894196;14
09/02/25 - 20:17 ;		 MultiViewCNN;1;2;4;15;0.6177889781613504;0.7741935483870968;0.6302731421685988;0.6774193548387096;0.8291666666666666;0.6394560104896064;0.0002;0;0;0;0.6302731421685988;15
09/02/25 - 20:18 ;		 MultiViewCNN;1;2;4;16;0.6123326747648178;0.7741935483870968;0.6261561551401692;0.6774193548387096;0.8333333333333333;0.6354660538847752;0.0002;0;0;0;0.6261561551401692;16
09/02/25 - 20:18 ;		 MultiViewCNN;1;2;4;17;0.603726981147643;0.7741935483870968;0.6207253663770614;0.6774193548387096;0.8333333333333333;0.631043847632461;0.0002;0;0;0;0.6207253663770614;17
09/02/25 - 20:19 ;		 MultiViewCNN;1;2;4;18;0.6029240835097528;0.7419354838709677;0.6171644868389252;0.6451612903225806;0.8416666666666667;0.6268800393944003;0.0002;0;0;0;0.6171644868389252;18
09/02/25 - 20:20 ;		 MultiViewCNN;1;2;4;19;0.6001591144069549;0.7258064516129032;0.6001674282935358;0.7096774193548387;0.8875;0.6188662560641409;0.0002;0;0;0;0.6001674282935358;19
09/02/25 - 20:20 ;		 MultiViewCNN;1;2;4;20;0.5948281672693068;0.7419354838709677;0.5939132513538483;0.7096774193548387;0.8833333333333333;0.6113803546510531;0.0002;0;0;0;0.5939132513538483;20
09/02/25 - 20:21 ;		 MultiViewCNN;1;2;4;21;0.5986525051055416;0.7258064516129032;0.5883583311111696;0.7419354838709677;0.8833333333333333;0.604473747589088;0.0002;0;0;0;0.5883583311111696;21
09/02/25 - 20:22 ;		 MultiViewCNN;1;2;4;22;0.5960736543901505;0.7419354838709677;0.5794329989340997;0.8064516129032258;0.9041666666666667;0.5969615229925915;0.0002;0;0;0;0.5794329989340997;22
09/02/25 - 20:22 ;		 MultiViewCNN;1;2;4;23;0.561233808917384;0.8225806451612904;0.5745345123352543;0.8387096774193549;0.9;0.5902334197953903;0.0002;0;0;0;0.5745345123352543;23
09/02/25 - 20:23 ;		 MultiViewCNN;1;2;4;24;0.5816969794611777;0.7741935483870968;0.5717715774813006;0.7741935483870968;0.9041666666666667;0.5846948671011634;0.0002;0;0;0;0.5717715774813006;24
09/02/25 - 20:24 ;		 MultiViewCNN;1;2;4;25;0.55015823148912;0.7903225806451613;0.5605639815330505;0.7741935483870968;0.9125;0.5774556014307295;0.0002;0;0;0;0.5605639815330505;25
09/02/25 - 20:25 ;		 MultiViewCNN;1;2;4;26;0.5657170780243412;0.7903225806451613;0.5573761059391883;0.8387096774193549;0.925;0.5714317527832671;0.0002;0;0;0;0.5573761059391883;26
09/02/25 - 20:25 ;		 MultiViewCNN;1;2;4;27;0.5521645411368339;0.8064516129032258;0.5541863999059123;0.7741935483870968;0.9166666666666666;0.5662581469200606;0.0002;0;0;0;0.5541863999059123;27
09/02/25 - 20:26 ;		 MultiViewCNN;1;2;4;28;0.5213624488922858;0.8548387096774194;0.5500704646110535;0.7741935483870968;0.9083333333333333;0.5614018422273584;0.0002;0;0;0;0.5500704646110535;28
09/02/25 - 20:27 ;		 MultiViewCNN;1;2;4;29;0.5521901413317649;0.7903225806451613;0.5397882057774451;0.7741935483870968;0.9125;0.5549177512923844;0.0002;0;0;0;0.5397882057774451;29
09/02/25 - 20:49 ;		 MultiViewCNN;1;2;5;0;0.6777291740140607;0.5806451612903226;0.6893005005774959;0.5483870967741935;0.5541666666666667;0.6893005005774959;0.0002;0;0;0;0.6893005005774959;0
09/02/25 - 20:50 ;		 MultiViewCNN;1;2;5;1;0.6865525918622171;0.5967741935483871;0.686436535850648;0.5806451612903226;0.6333333333333333;0.6884413111594415;0.0002;1;0;0;0.6893005005774959;0
09/02/25 - 20:51 ;		 MultiViewCNN;1;2;5;2;0.6817248232903019;0.5806451612903226;0.681981667395561;0.5806451612903226;0.7416666666666667;0.6865034180302774;0.0002;0;0;0;0.681981667395561;2
09/02/25 - 20:52 ;		 MultiViewCNN;1;2;5;3;0.6685777498829749;0.6935483870967742;0.677394857329707;0.5161290322580645;0.7875;0.6837708498201063;0.0002;0;0;0;0.677394857329707;3
09/02/25 - 20:53 ;		 MultiViewCNN;1;2;5;4;0.6700081748347129;0.6451612903225806;0.6726733292302778;0.5161290322580645;0.7958333333333333;0.6804415936431577;0.0002;0;0;0;0.6726733292302778;4
09/02/25 - 20:54 ;		 MultiViewCNN;1;2;5;5;0.667082178977228;0.5806451612903226;0.6694078387752656;0.5161290322580645;0.8041666666666667;0.67713146718279;0.0002;0;0;0;0.6694078387752656;5
09/02/25 - 20:54 ;		 MultiViewCNN;1;2;5;6;0.6587806536305335;0.6774193548387096;0.6663418373753948;0.5161290322580645;0.7916666666666666;0.6738945782405714;0.0002;0;0;0;0.6663418373753948;6
09/02/25 - 20:55 ;		 MultiViewCNN;1;2;5;7;0.6625511088678914;0.7096774193548387;0.6644378189117678;0.5161290322580645;0.7791666666666668;0.6710575504419303;0.0002;0;0;0;0.6644378189117678;7
09/02/25 - 20:56 ;		 MultiViewCNN;1;2;5;8;0.6642078488103805;0.6612903225806451;0.662842292939463;0.5483870967741935;0.7791666666666668;0.66859297319119;0.0002;0;0;0;0.662842292939463;8
09/02/25 - 20:57 ;		 MultiViewCNN;1;2;5;9;0.6461267721268439;0.6774193548387096;0.6615903608260616;0.5483870967741935;0.7791666666666667;0.6664921894816515;0.0002;0;0;0;0.6615903608260616;9
09/02/25 - 20:58 ;		 MultiViewCNN;1;2;5;10;0.640733988054337;0.7580645161290323;0.6594324131165782;0.5483870967741935;0.775;0.6643742565721295;0.0002;0;0;0;0.6594324131165782;10
09/02/25 - 20:59 ;		 MultiViewCNN;1;2;5;11;0.6562582888910847;0.6290322580645161;0.653126057117216;0.5483870967741935;0.775;0.6609997967356553;0.0002;0;0;0;0.653126057117216;11
09/02/25 - 21:00 ;		 MultiViewCNN;1;2;5;12;0.6346049078049198;0.7419354838709677;0.6482243191811347;0.5483870967741935;0.7791666666666667;0.6571671534692991;0.0002;0;0;0;0.6482243191811347;12
09/02/25 - 21:00 ;		 MultiViewCNN;1;2;5;13;0.6556110785853478;0.6451612903225806;0.6418037106913905;0.6129032258064516;0.7791666666666667;0.6525581206359264;0.0002;0;0;0;0.6418037106913905;13
09/02/25 - 21:01 ;		 MultiViewCNN;1;2;5;14;0.6500794291496277;0.6935483870967742;0.6371725259288665;0.7096774193548387;0.7916666666666666;0.6479424422238085;0.0002;0;0;0;0.6371725259288665;14
09/02/25 - 21:02 ;		 MultiViewCNN;1;2;5;15;0.622479259967804;0.7096774193548387;0.6349327237375321;0.7741935483870968;0.8083333333333333;0.6440395266779255;0.0002;0;0;0;0.6349327237375321;15
09/02/25 - 21:03 ;		 MultiViewCNN;1;2;5;16;0.6043445448721608;0.7741935483870968;0.6327941821467492;0.7741935483870968;0.8125;0.6406659233185725;0.0002;0;0;0;0.6327941821467492;16
09/02/25 - 21:04 ;		 MultiViewCNN;1;2;5;17;0.6138541986865382;0.7419354838709677;0.6319390227717738;0.6451612903225806;0.8125;0.6380478531545328;0.0002;0;0;0;0.6319390227717738;17
09/02/25 - 21:05 ;		 MultiViewCNN;1;2;5;18;0.627587701043775;0.6612903225806451;0.6286262273788452;0.6451612903225806;0.8166666666666667;0.6352213654218265;0.0002;0;0;0;0.6286262273788452;18
09/02/25 - 21:06 ;		 MultiViewCNN;1;2;5;19;0.6149131271146959;0.7419354838709677;0.6325868906513337;0.6129032258064516;0.7958333333333334;0.6344310229906787;0.0002;1;0;0;0.6286262273788452;18
09/02/25 - 21:07 ;		 MultiViewCNN;1;2;5;20;0.603738256039158;0.7258064516129032;0.6252400240590495;0.6129032258064516;0.7875;0.6316737233111899;0.0002;0;0;0;0.6252400240590495;20
09/02/25 - 21:08 ;		 MultiViewCNN;1;2;5;21;0.594426272376891;0.7580645161290323;0.615685720597544;0.7419354838709677;0.8041666666666667;0.626877322497096;0.0002;0;0;0;0.615685720597544;21
09/02/25 - 21:09 ;		 MultiViewCNN;1;2;5;22;0.6073820533290986;0.7096774193548387;0.6148941132330126;0.7741935483870968;0.8375;0.6232823597178709;0.0002;0;0;0;0.6148941132330126;22
09/02/25 - 21:10 ;		 MultiViewCNN;1;2;5;23;0.5892734758315548;0.7419354838709677;0.6138365980117552;0.7741935483870968;0.8541666666666666;0.6204486312060362;0.0002;0;0;0;0.6138365980117552;23
09/02/25 - 21:10 ;		 MultiViewCNN;1;2;5;24;0.6017796839437177;0.7419354838709677;0.6090611776997966;0.7741935483870968;0.8583333333333334;0.6170323951541643;0.0002;0;0;0;0.6090611776997966;24
09/02/25 - 21:11 ;		 MultiViewCNN;1;2;5;25;0.5884521468993156;0.7419354838709677;0.6052993555222789;0.7741935483870968;0.8541666666666666;0.6135124832645986;0.0002;0;0;0;0.6052993555222789;25
09/02/25 - 21:12 ;		 MultiViewCNN;1;2;5;26;0.592908388183963;0.7419354838709677;0.6054897731350314;0.7419354838709677;0.8375;0.6111056702257285;0.0002;0;0;0;0.6054897731350314;26
09/02/25 - 21:13 ;		 MultiViewCNN;1;2;5;27;0.5837206263695994;0.7096774193548387;0.6034539803381889;0.7419354838709677;0.8291666666666666;0.6088101632594666;0.0002;0;0;0;0.6034539803381889;27
09/02/25 - 21:14 ;		 MultiViewCNN;1;2;5;28;0.5974644345621909;0.7741935483870968;0.605555490139992;0.7419354838709677;0.8791666666666667;0.6078337613236242;0.0002;1;0;0;0.6034539803381889;27
09/02/25 - 21:15 ;		 MultiViewCNN;1;2;5;29;0.577072270454899;0.7741935483870968;0.5980833172798157;0.7419354838709677;0.8791666666666667;0.6049086281104816;0.0002;0;0;0;0.5980833172798157;29
09/02/25 - 21:15 ;		 MultiViewCNN;1;2;6;0;0.6954007456379552;0.4838709677419355;0.6935754591418851;0.5161290322580645;0.28750000000000003;0.6935754591418851;0.0002;0;0;0;0.6935754591418851;0
09/02/25 - 21:16 ;		 MultiViewCNN;1;2;6;1;0.6960725726619843;0.45161290322580644;0.6908391983278336;0.5161290322580645;0.7333333333333334;0.6927545808976696;0.0002;1;0;0;0.6935754591418851;0
09/02/25 - 21:17 ;		 MultiViewCNN;1;2;6;2;0.6929013709868154;0.5;0.6873703483612307;0.5161290322580645;0.8041666666666667;0.6911393111367379;0.0002;0;0;0;0.6873703483612307;2
09/02/25 - 21:18 ;		 MultiViewCNN;1;2;6;3;0.6801944009719356;0.5645161290322581;0.6837927122269908;0.5161290322580645;0.775;0.6889353314638137;0.0002;0;0;0;0.6837927122269908;3
09/02/25 - 21:18 ;		 MultiViewCNN;1;2;6;4;0.6903519245886034;0.5806451612903226;0.680586951394235;0.5161290322580645;0.7708333333333334;0.6864308174429401;0.0002;0;0;0;0.680586951394235;4
09/02/25 - 21:19 ;		 MultiViewCNN;1;2;6;5;0.6836854084845512;0.6129032258064516;0.6774135501154007;0.5806451612903226;0.7708333333333334;0.6837256372446783;0.0002;0;0;0;0.6774135501154007;5
09/02/25 - 21:20 ;		 MultiViewCNN;1;2;6;6;0.6688268434616828;0.6935483870967742;0.6740881877560769;0.6129032258064516;0.7958333333333334;0.6808344023980979;0.0002;0;0;0;0.6740881877560769;6
09/02/25 - 21:21 ;		 MultiViewCNN;1;2;6;7;0.6705391868468253;0.7258064516129032;0.6705451665386077;0.5806451612903226;0.8;0.6777476316402509;0.0002;0;0;0;0.6705451665386077;7
09/02/25 - 21:22 ;		 MultiViewCNN;1;2;6;8;0.6810566879087879;0.5645161290322581;0.6678390906703088;0.6129032258064516;0.8;0.6747750693492682;0.0002;0;0;0;0.6678390906703088;8
09/02/25 - 21:23 ;		 MultiViewCNN;1;2;6;9;0.6618313193321228;0.6612903225806451;0.6651866820550734;0.5483870967741935;0.7916666666666666;0.6718985531610098;0.0002;0;0;0;0.6651866820550734;9
09/02/25 - 21:24 ;		 MultiViewCNN;1;2;6;10;0.6658595761945171;0.6451612903225806;0.6630809826235617;0.5161290322580645;0.7708333333333334;0.6692532819997754;0.0002;0;0;0;0.6630809826235617;10
09/02/25 - 21:24 ;		 MultiViewCNN;1;2;6;11;0.6633279323577881;0.5967741935483871;0.6609095277324799;0.5483870967741935;0.7583333333333333;0.6667501557195867;0.0002;0;0;0;0.6609095277324799;11
09/02/25 - 21:25 ;		 MultiViewCNN;1;2;6;12;0.6467963668607897;0.6774193548387096;0.6565697827646809;0.5806451612903226;0.7625;0.663696043833115;0.0002;0;0;0;0.6565697827646809;12
09/02/25 - 21:26 ;		 MultiViewCNN;1;2;6;13;0.6416144986306468;0.6935483870967742;0.6529113419594303;0.5483870967741935;0.7708333333333334;0.6604606332710096;0.0002;0;0;0;0.6529113419594303;13
09/02/25 - 21:27 ;		 MultiViewCNN;1;2;6;14;0.638302078170161;0.6935483870967742;0.6483057025940188;0.5806451612903226;0.7791666666666668;0.6568141540679123;0.0002;0;0;0;0.6483057025940188;14
09/02/25 - 21:28 ;		 MultiViewCNN;1;2;6;15;0.6400076016303031;0.6774193548387096;0.646849803386196;0.5806451612903226;0.7791666666666668;0.6538248488633973;0.0002;0;0;0;0.646849803386196;15
09/02/25 - 21:29 ;		 MultiViewCNN;1;2;6;16;0.6298665404319763;0.7419354838709677;0.641795079554281;0.6129032258064516;0.7833333333333333;0.6502159180706624;0.0002;0;0;0;0.641795079554281;16
09/02/25 - 21:30 ;		 MultiViewCNN;1;2;6;17;0.6365531163830911;0.6935483870967742;0.6374572746215328;0.6129032258064516;0.8;0.6463883250359235;0.0002;0;0;0;0.6374572746215328;17
09/02/25 - 21:31 ;		 MultiViewCNN;1;2;6;18;0.6241091239836908;0.7258064516129032;0.6282231884617959;0.6774193548387096;0.8333333333333333;0.6409387840636852;0.0002;0;0;0;0.6282231884617959;18
09/02/25 - 21:32 ;		 MultiViewCNN;1;2;6;19;0.637753923093119;0.6935483870967742;0.6241691631655539;0.7419354838709677;0.8583333333333334;0.6359078977942458;0.0002;0;0;0;0.6241691631655539;19
09/02/25 - 21:32 ;		 MultiViewCNN;1;2;6;20;0.6132069883808013;0.8064516129032258;0.6225832412319798;0.8064516129032258;0.8708333333333333;0.631910500825566;0.0002;0;0;0;0.6225832412319798;20
09/02/25 - 21:33 ;		 MultiViewCNN;1;2;6;21;0.6150602198416187;0.7419354838709677;0.622735483031119;0.8064516129032258;0.8708333333333333;0.6291579954872318;0.0002;0;0;0;0.622735483031119;21
09/02/25 - 21:34 ;		 MultiViewCNN;1;2;6;22;0.6203938895656217;0.7419354838709677;0.621488421194015;0.7741935483870968;0.8666666666666667;0.6268571231992668;0.0002;0;0;0;0.621488421194015;22
09/02/25 - 21:35 ;		 MultiViewCNN;1;2;6;23;0.6056206072530439;0.7741935483870968;0.6168273802726499;0.8064516129032258;0.8625;0.6238482003212817;0.0002;0;0;0;0.6168273802726499;23
09/02/25 - 21:35 ;		 MultiViewCNN;1;2;6;24;0.597053300949835;0.7419354838709677;0.6144823220468336;0.8064516129032258;0.8625;0.6210384368389473;0.0002;0;0;0;0.6144823220468336;24
09/02/25 - 21:36 ;		 MultiViewCNN;1;2;6;25;0.6045030220862357;0.6935483870967742;0.6128563823238495;0.7741935483870968;0.8541666666666666;0.618583820484418;0.0002;0;0;0;0.6128563823238495;25
09/02/25 - 21:37 ;		 MultiViewCNN;1;2;6;26;0.5834643917699014;0.7741935483870968;0.6080381062722975;0.7419354838709677;0.8583333333333334;0.6154201062207818;0.0002;0;0;0;0.6080381062722975;26
09/02/25 - 21:38 ;		 MultiViewCNN;1;2;6;27;0.5798195389009291;0.7741935483870968;0.6035063497481807;0.7096774193548387;0.8750000000000001;0.6118459792790014;0.0002;0;0;0;0.6035063497481807;27
09/02/25 - 21:39 ;		 MultiViewCNN;1;2;6;28;0.5718491404287277;0.7903225806451613;0.5982157588005066;0.7741935483870968;0.8708333333333333;0.607756913135453;0.0002;0;0;0;0.5982157588005066;28
09/02/25 - 21:39 ;		 MultiViewCNN;1;2;6;29;0.5696684948859676;0.7419354838709677;0.5939751632751957;0.7741935483870968;0.8708333333333333;0.6036223881773758;0.0002;0;0;0;0.5939751632751957;29
09/02/25 - 21:41 ;		 MultiViewCNN;1;2;7;0;0.6987564006159382;0.45161290322580644;0.6889085288970701;0.5483870967741935;0.7333333333333334;0.6889085288970701;0.0005;0;0;0;0.6889085288970701;0
09/02/25 - 21:42 ;		 MultiViewCNN;1;2;7;1;0.6727364447809034;0.7096774193548387;0.6810473876614724;0.5483870967741935;0.7625;0.6865501865263908;0.0005;1;0;0;0.6889085288970701;0
09/02/25 - 21:42 ;		 MultiViewCNN;1;2;7;2;0.6557082822245937;0.6612903225806451;0.672756350809528;0.5161290322580645;0.7708333333333334;0.6824120358113319;0.0005;0;0;0;0.672756350809528;2
09/02/25 - 21:43 ;		 MultiViewCNN;1;2;7;3;0.6560433526192943;0.6129032258064516;0.6645635443349038;0.5161290322580645;0.7916666666666667;0.6770574883684034;0.0005;0;0;0;0.6645635443349038;3
09/02/25 - 21:44 ;		 MultiViewCNN;1;2;7;4;0.6408271155049724;0.6935483870967742;0.6520032978826954;0.5483870967741935;0.8;0.6695412312226909;0.0005;0;0;0;0.6520032978826954;4
09/02/25 - 21:45 ;		 MultiViewCNN;1;2;7;5;0.6447447249966283;0.6451612903225806;0.6429209728394786;0.5806451612903226;0.7999999999999999;0.6615551537077272;0.0005;0;0;0;0.6429209728394786;5
09/02/25 - 21:46 ;		 MultiViewCNN;1;2;7;6;0.6158180871317464;0.7096774193548387;0.6203914669252211;0.7096774193548387;0.8541666666666667;0.6492060476729753;0.0005;0;0;0;0.6203914669252211;6
09/02/25 - 21:47 ;		 MultiViewCNN;1;2;7;7;0.5925401199248529;0.7580645161290323;0.612389822160044;0.6774193548387096;0.8375;0.6381611800190958;0.0005;0;0;0;0.612389822160044;7
09/02/25 - 21:48 ;		 MultiViewCNN;1;2;7;8;0.6059618457671134;0.6774193548387096;0.6029338567487655;0.6774193548387096;0.8041666666666667;0.6275929830379967;0.0005;0;0;0;0.6029338567487655;8
09/02/25 - 21:49 ;		 MultiViewCNN;1;2;7;9;0.5820577586850813;0.7580645161290323;0.5986688329327491;0.7419354838709677;0.8583333333333334;0.6189157380064223;0.0005;0;0;0;0.5986688329327491;9
09/02/25 - 21:50 ;		 MultiViewCNN;1;2;7;10;0.582051359838055;0.7741935483870968;0.5761443376541138;0.7741935483870968;0.8708333333333333;0.6060843179007297;0.0005;0;0;0;0.5761443376541138;10
09/02/25 - 21:51 ;		 MultiViewCNN;1;2;7;11;0.5704306344832143;0.7580645161290323;0.5644237668283524;0.8064516129032258;0.8791666666666667;0.5935861525790165;0.0005;0;0;0;0.5644237668283524;11
09/02/25 - 21:52 ;		 MultiViewCNN;1;2;7;12;0.5415469850263288;0.7096774193548387;0.5769303864048373;0.6451612903225806;0.8916666666666667;0.5885894227267627;0.0005;0;0;0;0.5769303864048373;12
09/02/25 - 21:53 ;		 MultiViewCNN;1;2;7;13;0.5261992504519801;0.7741935483870968;0.5456272632844986;0.8064516129032258;0.8958333333333334;0.5757007748940834;0.0005;0;0;0;0.5456272632844986;13
09/02/25 - 21:55 ;		 MultiViewCNN;1;2;7;14;0.5131050530941256;0.7741935483870968;0.6071541347811299;0.6129032258064516;0.8875000000000001;0.5851367828601974;0.0005;1;0;0;0.5456272632844986;13
09/02/25 - 21:56 ;		 MultiViewCNN;1;2;7;15;0.522458924401191;0.7741935483870968;0.5311933390555843;0.7741935483870968;0.8875;0.5689537497188134;0.0005;0;0;0;0.5311933390555843;15
09/02/25 - 21:57 ;		 MultiViewCNN;1;2;7;16;0.4720612754744868;0.8387096774193549;0.5923572913292916;0.6451612903225806;0.8625;0.5759748122019568;0.0005;1;0;0;0.5311933390555843;15
09/02/25 - 21:58 ;		 MultiViewCNN;1;2;7;17;0.481425485303325;0.7419354838709677;0.5419715046882629;0.7741935483870968;0.8749999999999999;0.5657738199478486;0.0005;0;0;0;0.5419715046882629;17
09/02/25 - 22:00 ;		 MultiViewCNN;1;2;7;18;0.4591881690486785;0.8548387096774194;0.5489775615353738;0.7419354838709677;0.8916666666666667;0.5607349424241062;0.0005;0;0;0;0.5489775615353738;18
09/02/25 - 22:01 ;		 MultiViewCNN;1;2;7;19;0.4153200041863226;0.8709677419354839;0.5096539874230662;0.7419354838709677;0.8708333333333333;0.5454106559237941;0.0005;0;0;0;0.5096539874230662;19
09/02/25 - 22:02 ;		 MultiViewCNN;1;2;7;20;0.43274583835755626;0.8548387096774194;0.4980945683294727;0.8387096774193549;0.8583333333333333;0.5312158296454976;0.0005;0;0;0;0.4980945683294727;20
09/02/25 - 22:04 ;		 MultiViewCNN;1;2;7;21;0.4650925676668844;0.8064516129032258;0.6726503872102306;0.5806451612903226;0.8833333333333333;0.5736461969149175;0.0005;1;0;0;0.4980945683294727;20
09/02/25 - 22:05 ;		 MultiViewCNN;1;2;7;22;0.3972040318673657;0.8870967741935484;0.5435795764769277;0.6451612903225806;0.9333333333333333;0.5646262107835205;0.0005;2;0;0;0.4980945683294727;20
09/02/25 - 22:07 ;		 MultiViewCNN;1;2;7;23;0.38856003553636614;0.8709677419354839;0.47978783230627736;0.8387096774193549;0.925;0.5391746972403475;0.00025;3;1;0;0.4980945683294727;20
09/02/25 - 22:08 ;		 MultiViewCNN;1;2;7;24;0.3454644482943319;0.9193548387096774;0.4665491907827316;0.7741935483870968;0.9041666666666667;0.5173870453030627;0.00025;0;0;0;0.4665491907827316;24
09/02/25 - 22:09 ;		 MultiViewCNN;1;2;7;25;0.3415507193534605;0.8870967741935484;0.45468907586989865;0.7419354838709677;0.8958333333333334;0.4985776544731135;0.00025;0;0;0;0.45468907586989865;25
09/02/25 - 22:11 ;		 MultiViewCNN;1;2;7;26;0.337289099731753;0.8870967741935484;0.49670613581134426;0.7741935483870968;0.9;0.4980161988745827;0.00025;1;0;0;0.45468907586989865;25
09/02/25 - 22:13 ;		 MultiViewCNN;1;2;7;27;0.33698162724894865;0.8870967741935484;0.43902115475746895;0.7741935483870968;0.9083333333333333;0.48031768563944854;0.00025;0;0;0;0.43902115475746895;27
09/02/25 - 22:14 ;		 MultiViewCNN;1;2;7;28;0.2756745627810878;0.9354838709677419;0.45871475627345426;0.8709677419354839;0.9083333333333333;0.47383680682965024;0.00025;0;0;0;0.45871475627345426;28
09/02/25 - 22:15 ;		 MultiViewCNN;1;2;7;29;0.33100796082327444;0.8870967741935484;0.4171632509077749;0.8064516129032258;0.9083333333333333;0.45683474005308755;0.00025;0;0;0;0.4171632509077749;29
09/02/25 - 22:22 ;		 MultiViewCNN;1;2;8;0;0.6930159907187184;0.4838709677419355;0.6900307401534049;0.5806451612903226;0.5874999999999999;0.6900307401534049;0.0005;0;0;0;0.6900307401534049;0
09/02/25 - 22:23 ;		 MultiViewCNN;1;2;8;1;0.682354744403593;0.5967741935483871;0.6816420093659432;0.6774193548387096;0.6916666666666667;0.6875141209171663;0.0005;1;0;0;0.6900307401534049;0
09/02/25 - 22:24 ;		 MultiViewCNN;1;2;8;2;0.6655831413884317;0.6774193548387096;0.6713853786068578;0.5806451612903226;0.7708333333333334;0.6826754982240737;0.0005;0;0;0;0.6713853786068578;2
09/02/25 - 22:25 ;		 MultiViewCNN;1;2;8;3;0.6708044255933454;0.6129032258064516;0.6627376118013936;0.5806451612903226;0.7791666666666667;0.6766941322972696;0.0005;0;0;0;0.6627376118013936;3
09/02/25 - 22:26 ;		 MultiViewCNN;1;2;8;4;0.6585957234905612;0.6612903225806451;0.6553043415469508;0.5806451612903226;0.7875;0.670277195072174;0.0005;0;0;0;0.6553043415469508;4
09/02/25 - 22:26 ;		 MultiViewCNN;1;2;8;5;0.6456899700626251;0.7419354838709677;0.6431424502403505;0.6451612903225806;0.8041666666666667;0.662136771622627;0.0005;0;0;0;0.6431424502403505;5
09/02/25 - 22:27 ;		 MultiViewCNN;1;2;8;6;0.6400168211229386;0.7258064516129032;0.6339094523460634;0.7096774193548387;0.825;0.6536685758396579;0.0005;0;0;0;0.6339094523460634;6
09/02/25 - 22:28 ;		 MultiViewCNN;1;2;8;7;0.6191042238666166;0.8225806451612904;0.6271191373948128;0.6774193548387096;0.8291666666666667;0.6457037443062044;0.0005;0;0;0;0.6271191373948128;7
09/02/25 - 22:29 ;		 MultiViewCNN;1;2;8;8;0.6129197247566716;0.7580645161290323;0.6082813220639383;0.8064516129032258;0.8791666666666667;0.6344770176335245;0.0005;0;0;0;0.6082813220639383;8
09/02/25 - 22:30 ;		 MultiViewCNN;1;2;8;9;0.5941977673961271;0.7580645161290323;0.6035634048523442;0.7419354838709677;0.8708333333333333;0.6252029337991704;0.0005;0;0;0;0.6035634048523442;9
09/02/25 - 22:31 ;		 MultiViewCNN;1;2;8;10;0.5768016672903492;0.7741935483870968;0.5910316090429982;0.7741935483870968;0.8708333333333333;0.6149515363723187;0.0005;0;0;0;0.5910316090429982;10
09/02/25 - 22:31 ;		 MultiViewCNN;1;2;8;11;0.5790570897440757;0.7096774193548387;0.5856664373028663;0.7741935483870968;0.8666666666666667;0.6061660066514829;0.0005;0;0;0;0.5856664373028663;11
09/02/25 - 22:32 ;		 MultiViewCNN;1;2;8;12;0.5754543677453072;0.7741935483870968;0.5639874377558308;0.8064516129032258;0.8875;0.5935124359827872;0.0005;0;0;0;0.5639874377558308;12
09/02/25 - 22:33 ;		 MultiViewCNN;1;2;8;13;0.5261538749740969;0.7741935483870968;0.5778753776704112;0.6774193548387096;0.9166666666666667;0.5888213184890744;0.0005;0;0;0;0.5778753776704112;13
09/02/25 - 22:34 ;		 MultiViewCNN;1;2;8;14;0.5328506615854078;0.8225806451612904;0.547972031178013;0.8064516129032258;0.9000000000000001;0.5765665322957559;0.0005;0;0;0;0.547972031178013;14
09/02/25 - 22:34 ;		 MultiViewCNN;1;2;8;15;0.5117262313442845;0.8387096774193549;0.525967945975642;0.8387096774193549;0.8875;0.5613869563997217;0.0005;0;0;0;0.525967945975642;15
09/02/25 - 22:35 ;		 MultiViewCNN;1;2;8;16;0.4782341891719449;0.9032258064516129;0.5304609710170377;0.8064516129032258;0.8833333333333333;0.5521091607849165;0.0005;0;0;0;0.5304609710170377;16
09/02/25 - 22:36 ;		 MultiViewCNN;1;2;8;17;0.4463725128481465;0.8387096774193549;0.5112567120982755;0.8387096774193549;0.9125000000000001;0.5398534261789241;0.0005;0;0;0;0.5112567120982755;17
09/02/25 - 22:36 ;		 MultiViewCNN;1;2;8;18;0.5003834078388829;0.7903225806451613;0.5701444110562724;0.6129032258064516;0.9;0.5489407216421286;0.0005;1;0;0;0.5112567120982755;17
09/02/25 - 22:38 ;		 MultiViewCNN;1;2;8;19;0.444369274762369;0.8548387096774194;0.4941171253881147;0.8387096774193549;0.8958333333333333;0.5324936427659244;0.0005;0;0;0;0.4941171253881147;19
09/02/25 - 22:39 ;		 MultiViewCNN;1;2;8;20;0.45842098805212206;0.8225806451612904;0.5041784451853845;0.8064516129032258;0.8958333333333334;0.5239990834917624;0.0005;0;0;0;0.5041784451853845;20
09/02/25 - 22:40 ;		 MultiViewCNN;1;2;8;21;0.4068311866252653;0.8387096774193549;0.5628562473481701;0.6129032258064516;0.9125;0.5356562326486847;0.0005;1;0;0;0.5041784451853845;20
09/02/25 - 22:42 ;		 MultiViewCNN;1;2;8;22;0.4092972326663233;0.8709677419354839;0.49817178903087495;0.8064516129032258;0.8916666666666666;0.5244108995633417;0.0005;2;0;0;0.5041784451853845;20
09/02/25 - 22:43 ;		 MultiViewCNN;1;2;8;23;0.36828162497089756;0.8870967741935484;0.4412955295655035;0.8064516129032258;0.9166666666666666;0.4994762885639903;0.0005;0;0;0;0.4412955295655035;23
09/02/25 - 22:45 ;		 MultiViewCNN;1;2;8;24;0.3188283472291885;0.9354838709677419;0.5375642911080392;0.6774193548387096;0.8833333333333333;0.510902689327205;0.0005;1;0;0;0.4412955295655035;23
09/02/25 - 22:47 ;		 MultiViewCNN;1;2;8;25;0.3206710277065154;0.8870967741935484;0.41144561286895504;0.8387096774193549;0.9416666666666668;0.48106556638972997;0.0005;0;0;0;0.41144561286895504;25
09/02/25 - 22:48 ;		 MultiViewCNN;1;2;8;26;0.3769353008077991;0.8225806451612904;0.4775135901666457;0.7741935483870968;0.925;0.47999997352280466;0.0005;1;0;0;0.41144561286895504;25
09/02/25 - 22:51 ;		 MultiViewCNN;1;2;8;27;0.26282471129971163;0.967741935483871;0.4729643367951916;0.8064516129032258;0.8541666666666667;0.4778892825045207;0.0005;0;0;0;0.4729643367951916;27
09/02/25 - 22:53 ;		 MultiViewCNN;1;2;8;28;0.281377108827714;0.9354838709677419;0.4876402308863978;0.7419354838709677;0.925;0.48081456701908376;0.0005;1;0;0;0.4729643367951916;27
09/02/25 - 22:55 ;		 MultiViewCNN;1;2;8;29;0.3074297361796902;0.8709677419354839;0.41509967561691036;0.8064516129032258;0.9208333333333334;0.4611000995984317;0.0005;0;0;0;0.41509967561691036;29
09/02/25 - 18:32 ;		 MultiViewCNN;2;1;1;0;0.6995080940185054;0.4838709677419355;0.6947700342824382;0.4838709677419355;0.4708333333333333;0.6947700342824382;0.0002;0;0;0;0.6947700342824382;0
09/02/25 - 18:32 ;		 MultiViewCNN;2;1;1;1;0.6967781551422612;0.45161290322580644;0.6918179835042646;0.5161290322580645;0.575;0.6938844190489861;0.0002;1;0;0;0.6947700342824382;0
09/02/25 - 18:32 ;		 MultiViewCNN;2;1;1;2;0.6921661015479795;0.5;0.6862717809215668;0.6129032258064516;0.7166666666666667;0.6916006276107602;0.0002;0;0;0;0.6862717809215668;2
09/02/25 - 18:32 ;		 MultiViewCNN;2;1;1;3;0.6778692756929705;0.6612903225806451;0.6787278998282648;0.5483870967741935;0.7708333333333333;0.6877388092760115;0.0002;0;0;0;0.6787278998282648;3
09/02/25 - 18:32 ;		 MultiViewCNN;2;1;1;4;0.6803688156989313;0.5483870967741935;0.6725580307745165;0.5483870967741935;0.8166666666666667;0.683184575725563;0.0002;0;0;0;0.6725580307745165;4
09/02/25 - 18:32 ;		 MultiViewCNN;2;1;1;5;0.6708818501041781;0.7096774193548387;0.6663223101246741;0.5483870967741935;0.8291666666666666;0.6781258960452963;0.0002;0;0;0;0.6663223101246741;5
09/02/25 - 18:32 ;		 MultiViewCNN;2;1;1;6;0.6726748424191629;0.6129032258064516;0.6610744903164525;0.5483870967741935;0.825;0.6730104743266431;0.0002;0;0;0;0.6610744903164525;6
09/02/25 - 18:32 ;		 MultiViewCNN;2;1;1;7;0.6639433407014416;0.6935483870967742;0.6551426995185113;0.6129032258064516;0.8333333333333334;0.6676501418842036;0.0002;0;0;0;0.6551426995185113;7
09/02/25 - 18:33 ;		 MultiViewCNN;2;1;1;8;0.6641649949935174;0.6612903225806451;0.6502983281689305;0.6451612903225806;0.8458333333333333;0.6624445977696216;0.0002;0;0;0;0.6502983281689305;8
09/02/25 - 18:33 ;		 MultiViewCNN;2;1;1;9;0.6394778163202347;0.7258064516129032;0.6447203793833333;0.6451612903225806;0.85;0.6571273322537351;0.0002;0;0;0;0.6447203793833333;9
09/02/25 - 18:33 ;		 MultiViewCNN;2;1;1;10;0.648688885473436;0.6451612903225806;0.6388613408611666;0.6451612903225806;0.8625;0.6516475348359645;0.0002;0;0;0;0.6388613408611666;10
09/02/25 - 18:33 ;		 MultiViewCNN;2;1;1;11;0.6492487461336197;0.6774193548387096;0.6337048565187762;0.6774193548387096;0.8666666666666667;0.646264731340808;0.0002;0;0;0;0.6337048565187762;11
09/02/25 - 18:33 ;		 MultiViewCNN;2;1;1;12;0.6359657645225525;0.6935483870967742;0.6291015186617451;0.7419354838709677;0.8708333333333333;0.6411157675370891;0.0002;0;0;0;0.6291015186617451;12
09/02/25 - 18:33 ;		 MultiViewCNN;2;1;1;13;0.6326059814422361;0.6774193548387096;0.6234397888183594;0.7741935483870968;0.8875;0.6358129739214702;0.0002;0;0;0;0.6234397888183594;13
09/02/25 - 18:33 ;		 MultiViewCNN;2;1;1;14;0.6160259169916953;0.6935483870967742;0.6185857884345516;0.7741935483870968;0.8833333333333334;0.6306448182753945;0.0002;0;0;0;0.6185857884345516;14
09/02/25 - 18:33 ;		 MultiViewCNN;2;1;1;15;0.6069502138322399;0.8387096774193549;0.6130717646691107;0.7741935483870968;0.8708333333333333;0.6253729021935094;0.0002;0;0;0;0.6130717646691107;15
09/02/25 - 18:34 ;		 MultiViewCNN;2;1;1;16;0.6063634599408796;0.7580645161290323;0.6062635856290017;0.8064516129032258;0.8666666666666667;0.6196401072241571;0.0002;0;0;0;0.6062635856290017;16
09/02/25 - 18:34 ;		 MultiViewCNN;2;1;1;17;0.6077558532837899;0.6774193548387096;0.6016154443064043;0.7741935483870968;0.875;0.6142327083488313;0.0002;0;0;0;0.6016154443064043;17
09/02/25 - 18:34 ;		 MultiViewCNN;2;1;1;18;0.5946556906546315;0.7258064516129032;0.5957784037436208;0.8064516129032258;0.8625;0.6086964169672681;0.0002;0;0;0;0.5957784037436208;18
09/02/25 - 18:34 ;		 MultiViewCNN;2;1;1;19;0.6012475894343469;0.7096774193548387;0.5899110359530295;0.8064516129032258;0.8458333333333333;0.6030608026629964;0.0002;0;0;0;0.5899110359530295;19
09/02/25 - 18:34 ;		 MultiViewCNN;2;1;1;20;0.5840978660891133;0.7580645161290323;0.5861356892893391;0.8064516129032258;0.8541666666666666;0.5979832686508992;0.0002;0;0;0;0.5861356892893391;20
09/02/25 - 18:34 ;		 MultiViewCNN;2;1;1;21;0.5692938143207181;0.8225806451612904;0.5887718681366213;0.7741935483870968;0.8666666666666667;0.5952198484966158;0.0002;0;0;0;0.5887718681366213;21
09/02/25 - 18:34 ;		 MultiViewCNN;2;1;1;22;0.5629596498704725;0.7903225806451613;0.5882834734455231;0.7741935483870968;0.8666666666666667;0.593138935981288;0.0002;0;0;0;0.5882834734455231;22
09/02/25 - 18:35 ;		 MultiViewCNN;2;1;1;23;0.5705549197812234;0.7419354838709677;0.571297622496082;0.7419354838709677;0.8500000000000001;0.5865865419357261;0.0002;0;0;0;0.571297622496082;23
09/02/25 - 18:35 ;		 MultiViewCNN;2;1;1;24;0.5788788891607716;0.7258064516129032;0.5695156320448844;0.8064516129032258;0.8250000000000001;0.5814652689684736;0.0002;0;0;0;0.5695156320448844;24
09/02/25 - 18:35 ;		 MultiViewCNN;2;1;1;25;0.5607658989967839;0.7741935483870968;0.5615914060223487;0.8064516129032258;0.8458333333333334;0.5755031100846362;0.0002;0;0;0;0.5615914060223487;25
09/02/25 - 18:35 ;		 MultiViewCNN;2;1;1;26;0.568147256489723;0.7419354838709677;0.568337413572496;0.7741935483870968;0.8625;0.5733534011309941;0.0002;0;0;0;0.568337413572496;26
09/02/25 - 18:35 ;		 MultiViewCNN;2;1;1;27;0.5573023019298431;0.6935483870967742;0.5695759192589791;0.7419354838709677;0.8666666666666667;0.5722201565693896;0.0002;1;0;0;0.568337413572496;26
09/02/25 - 18:35 ;		 MultiViewCNN;2;1;1;28;0.546864474973371;0.7741935483870968;0.5705737663853553;0.7419354838709677;0.8833333333333333;0.5717262395141793;0.0002;2;0;0;0.568337413572496;26
09/02/25 - 18:35 ;		 MultiViewCNN;2;1;1;29;0.5167287136277845;0.8064516129032258;0.5677940095624616;0.7096774193548387;0.8791666666666667;0.570546570528664;0.0002;0;0;0;0.5677940095624616;29
09/02/25 - 18:35 ;		 MultiViewCNN;2;1;2;0;0.6989372026535773;0.5;0.6922801425380092;0.5161290322580645;0.4916666666666667;0.6922801425380092;0.0002;0;0;0;0.6922801425380092;0
09/02/25 - 18:36 ;		 MultiViewCNN;2;1;2;1;0.6913730290628248;0.5806451612903226;0.6871777176856995;0.5161290322580645;0.7791666666666667;0.6907494150823162;0.0002;1;0;0;0.6922801425380092;0
09/02/25 - 18:36 ;		 MultiViewCNN;2;1;2;2;0.6800033757763524;0.5967741935483871;0.6816644207123788;0.5161290322580645;0.8416666666666667;0.6880239167713349;0.0002;0;0;0;0.6816644207123788;2
09/02/25 - 18:36 ;		 MultiViewCNN;2;1;2;3;0.6737050106448512;0.6451612903225806;0.6759598082111727;0.5483870967741935;0.875;0.6844046842032863;0.0002;0;0;0;0.6759598082111727;3
09/02/25 - 18:36 ;		 MultiViewCNN;2;1;2;4;0.671777525255757;0.6612903225806451;0.6697204651371125;0.6129032258064516;0.8583333333333334;0.6799994184834341;0.0002;0;0;0;0.6697204651371125;4
09/02/25 - 18:36 ;		 MultiViewCNN;2;1;2;5;0.6715905070304871;0.6451612903225806;0.6650935007679847;0.6129032258064516;0.8458333333333334;0.6755276431687993;0.0002;0;0;0;0.6650935007679847;5
09/02/25 - 18:36 ;		 MultiViewCNN;2;1;2;6;0.6568124601917882;0.6774193548387096;0.6609538870473062;0.6129032258064516;0.8375;0.6711555163323514;0.0002;0;0;0;0.6609538870473062;6
09/02/25 - 18:36 ;		 MultiViewCNN;2;1;2;7;0.6614168382460072;0.6290322580645161;0.6561452669482077;0.6129032258064516;0.8416666666666667;0.6666524415171082;0.0002;0;0;0;0.6561452669482077;7
09/02/25 - 18:37 ;		 MultiViewCNN;2;1;2;8;0.6552953354773983;0.6774193548387096;0.6509429754749421;0.6129032258064516;0.85;0.6619396017044583;0.0002;0;0;0;0.6509429754749421;8
09/02/25 - 18:37 ;		 MultiViewCNN;2;1;2;9;0.6508736783458341;0.6935483870967742;0.6457246388158491;0.6129032258064516;0.8666666666666667;0.6570751128378756;0.0002;0;0;0;0.6457246388158491;9
09/02/25 - 18:37 ;		 MultiViewCNN;2;1;2;10;0.6373608669927043;0.6774193548387096;0.6413426341549042;0.6129032258064516;0.8458333333333333;0.6523553692329841;0.0002;0;0;0;0.6413426341549042;10
09/02/25 - 18:37 ;		 MultiViewCNN;2;1;2;11;0.6343685042473578;0.7258064516129032;0.6358122844849864;0.6129032258064516;0.8291666666666666;0.6473924438085847;0.0002;0;0;0;0.6358122844849864;11
09/02/25 - 18:37 ;		 MultiViewCNN;2;1;2;12;0.632681785091277;0.6774193548387096;0.6284306203165362;0.6451612903225806;0.8333333333333334;0.6417038967609702;0.0002;0;0;0;0.6284306203165362;12
09/02/25 - 18:37 ;		 MultiViewCNN;2;1;2;13;0.6335204532069545;0.7096774193548387;0.6236089717957282;0.6774193548387096;0.8458333333333334;0.6362754192713975;0.0002;0;0;0;0.6236089717957282;13
09/02/25 - 18:37 ;		 MultiViewCNN;2;1;2;14;0.6327302552038624;0.7580645161290323;0.6184566828512377;0.7741935483870968;0.8666666666666667;0.6309297983453496;0.0002;0;0;0;0.6184566828512377;14
09/02/25 - 18:37 ;		 MultiViewCNN;2;1;2;15;0.6314208276810185;0.6612903225806451;0.6134127936055583;0.7419354838709677;0.8750000000000001;0.6256746969234122;0.0002;0;0;0;0.6134127936055583;15
09/02/25 - 18:38 ;		 MultiViewCNN;2;1;2;16;0.6080003169275099;0.7741935483870968;0.6096834578821736;0.7096774193548387;0.8875000000000001;0.6208773252110406;0.0002;0;0;0;0.6096834578821736;16
09/02/25 - 18:38 ;		 MultiViewCNN;2;1;2;17;0.608437878470267;0.7903225806451613;0.6068775846112159;0.7419354838709677;0.8833333333333334;0.6166774030310931;0.0002;0;0;0;0.6068775846112159;17
09/02/25 - 18:38 ;		 MultiViewCNN;2;1;2;18;0.59930403770939;0.7741935483870968;0.5997203646167633;0.7096774193548387;0.8791666666666667;0.6115902915067941;0.0002;0;0;0;0.5997203646167633;18
09/02/25 - 18:38 ;		 MultiViewCNN;2;1;2;19;0.6019549158311659;0.7096774193548387;0.5948229912788637;0.7096774193548387;0.8791666666666668;0.606560101438415;0.0002;0;0;0;0.5948229912788637;19
09/02/25 - 18:38 ;		 MultiViewCNN;2;1;2;20;0.5992254864784979;0.7741935483870968;0.5867158597515475;0.7096774193548387;0.8791666666666667;0.6006068289323547;0.0002;0;0;0;0.5867158597515475;20
09/02/25 - 18:38 ;		 MultiViewCNN;2;1;2;21;0.5821296784185594;0.7903225806451613;0.5787108175216182;0.7096774193548387;0.8833333333333334;0.5940380255091338;0.0002;0;0;0;0.5787108175216182;21
09/02/25 - 18:38 ;		 MultiViewCNN;2;1;2;22;0.5822549577682249;0.7903225806451613;0.5775815998354266;0.7741935483870968;0.9166666666666667;0.5891010978070216;0.0002;0;0;0;0.5775815998354266;22
09/02/25 - 18:38 ;		 MultiViewCNN;2;1;2;23;0.572084746053142;0.8225806451612904;0.5699938843327184;0.7419354838709677;0.8958333333333334;0.5833689337647306;0.0002;0;0;0;0.5699938843327184;23
09/02/25 - 18:39 ;		 MultiViewCNN;2;1;2;24;0.5571094789812642;0.7903225806451613;0.5635830221637603;0.8064516129032258;0.9083333333333334;0.5774331602844395;0.0002;0;0;0;0.5635830221637603;24
09/02/25 - 18:39 ;		 MultiViewCNN;2;1;2;25;0.5634969049884427;0.8548387096774194;0.5687764709995639;0.7419354838709677;0.9291666666666667;0.5748361534989768;0.0002;0;0;0;0.5687764709995639;25
09/02/25 - 18:39 ;		 MultiViewCNN;2;1;2;26;0.5260010957717896;0.8548387096774194;0.5594785117333935;0.7419354838709677;0.9333333333333333;0.5702288609693017;0.0002;0;0;0;0.5594785117333935;26
09/02/25 - 18:39 ;		 MultiViewCNN;2;1;2;27;0.5346755827626875;0.8225806451612904;0.543984466983426;0.7741935483870968;0.9333333333333333;0.5623555427735389;0.0002;0;0;0;0.543984466983426;27
09/02/25 - 18:39 ;		 MultiViewCNN;2;1;2;28;0.5094411834593742;0.8709677419354839;0.5422755595176451;0.7741935483870968;0.9416666666666668;0.5563315477967707;0.0002;0;0;0;0.5422755595176451;28
09/02/25 - 18:39 ;		 MultiViewCNN;2;1;2;29;0.4956807446095251;0.8387096774193549;0.5397093257596416;0.7419354838709677;0.9458333333333334;0.551344881185632;0.0002;0;0;0;0.5397093257596416;29
09/02/25 - 18:39 ;		 MultiViewCNN;2;1;3;0;0.6876802367548789;0.5483870967741935;0.6906677292239282;0.5161290322580645;0.65;0.6906677292239282;0.0002;0;0;0;0.6906677292239282;0
09/02/25 - 18:40 ;		 MultiViewCNN;2;1;3;1;0.6788587647099649;0.5806451612903226;0.6864479837879058;0.5161290322580645;0.8958333333333333;0.6894018055931215;0.0002;1;0;0;0.6906677292239282;0
09/02/25 - 18:40 ;		 MultiViewCNN;2;1;3;2;0.679258486916942;0.5645161290322581;0.6791134688162035;0.5161290322580645;0.8708333333333335;0.6863153045600461;0.0002;0;0;0;0.6791134688162035;2
09/02/25 - 18:40 ;		 MultiViewCNN;2;1;3;3;0.6795312608441999;0.5967741935483871;0.6720854390052057;0.4838709677419355;0.8208333333333333;0.682046344893594;0.0002;0;0;0;0.6720854390052057;3
09/02/25 - 18:40 ;		 MultiViewCNN;2;1;3;4;0.6693299739591537;0.5967741935483871;0.665627819876517;0.5483870967741935;0.8;0.6771207873884708;0.0002;0;0;0;0.665627819876517;4
09/02/25 - 18:40 ;		 MultiViewCNN;2;1;3;5;0.6662336818633541;0.6290322580645161;0.6609572441347183;0.5483870967741935;0.7958333333333334;0.6722717244123451;0.0002;0;0;0;0.6609572441347183;5
09/02/25 - 18:40 ;		 MultiViewCNN;2;1;3;6;0.656776906982545;0.7258064516129032;0.6564173256197283;0.5483870967741935;0.8;0.66751540477456;0.0002;0;0;0;0.6564173256197283;6
09/02/25 - 18:40 ;		 MultiViewCNN;2;1;3;7;0.6620646138345042;0.6451612903225806;0.6502812812405248;0.6129032258064516;0.8208333333333333;0.6623451677143494;0.0002;0;0;0;0.6502812812405248;7
09/02/25 - 18:41 ;		 MultiViewCNN;2;1;3;8;0.6621913717639062;0.6935483870967742;0.646941113856531;0.6129032258064516;0.8333333333333333;0.6577239515570038;0.0002;0;0;0;0.646941113856531;8
09/02/25 - 18:41 ;		 MultiViewCNN;2;1;3;9;0.6629951961578862;0.6774193548387096;0.6426757112626107;0.6129032258064516;0.85;0.6532094794686858;0.0002;0;0;0;0.6426757112626107;9
09/02/25 - 18:41 ;		 MultiViewCNN;2;1;3;10;0.6360735431794198;0.7903225806451613;0.6386470487040858;0.6129032258064516;0.8541666666666666;0.6488407502393058;0.0002;0;0;0;0.6386470487040858;10
09/02/25 - 18:41 ;		 MultiViewCNN;2;1;3;11;0.646812956179342;0.6612903225806451;0.6347776901337409;0.6451612903225806;0.8625;0.6446218322076362;0.0002;0;0;0;0.6347776901337409;11
09/02/25 - 18:41 ;		 MultiViewCNN;2;1;3;12;0.6247160396268291;0.8064516129032258;0.6295984944989604;0.7096774193548387;0.8708333333333333;0.6401148308950335;0.0002;0;0;0;0.6295984944989604;12
09/02/25 - 18:41 ;		 MultiViewCNN;2;1;3;13;0.6392982006072998;0.7258064516129032;0.6241812552175214;0.7741935483870968;0.875;0.6353347581917799;0.0002;0;0;0;0.6241812552175214;13
09/02/25 - 18:41 ;		 MultiViewCNN;2;1;3;14;0.6322478171317808;0.7580645161290323;0.6188228437977452;0.7741935483870968;0.8708333333333333;0.6303811838735695;0.0002;0;0;0;0.6188228437977452;14
09/02/25 - 18:41 ;		 MultiViewCNN;2;1;3;15;0.6329050621678752;0.7258064516129032;0.6149314180497201;0.7096774193548387;0.8666666666666667;0.6257462541264146;0.0002;0;0;0;0.6149314180497201;15
09/02/25 - 18:42 ;		 MultiViewCNN;2;1;3;16;0.6139307099003946;0.7419354838709677;0.6086867413213176;0.8064516129032258;0.8666666666666667;0.6206284002848854;0.0002;0;0;0;0.6086867413213176;16
09/02/25 - 18:42 ;		 MultiViewCNN;2;1;3;17;0.6151515130073794;0.7419354838709677;0.6043177689275434;0.8387096774193549;0.8958333333333334;0.6157352108776828;0.0002;0;0;0;0.6043177689275434;17
09/02/25 - 18:42 ;		 MultiViewCNN;2;1;3;18;0.6060342884832813;0.7580645161290323;0.5999518882843756;0.8387096774193549;0.9083333333333333;0.6110002140996906;0.0002;0;0;0;0.5999518882843756;18
09/02/25 - 18:42 ;		 MultiViewCNN;2;1;3;19;0.5988034932844101;0.7741935483870968;0.5950582546572531;0.7741935483870968;0.9125000000000001;0.6062176262669594;0.0002;0;0;0;0.5950582546572531;19
09/02/25 - 18:42 ;		 MultiViewCNN;2;1;3;20;0.5856891735907523;0.7741935483870968;0.5879879882258754;0.8387096774193549;0.9125;0.6007487348546342;0.0002;0;0;0;0.5879879882258754;20
09/02/25 - 18:42 ;		 MultiViewCNN;2;1;3;21;0.6017830256492861;0.7258064516129032;0.5803350037144076;0.8064516129032258;0.9333333333333333;0.5946246155125662;0.0002;0;0;0;0.5803350037144076;21
09/02/25 - 18:42 ;		 MultiViewCNN;2;1;3;22;0.5647057179481753;0.8064516129032258;0.5754029635460146;0.9032258064516129;0.9416666666666667;0.5888581199226007;0.0002;0;0;0;0.5754029635460146;22
09/02/25 - 18:43 ;		 MultiViewCNN;2;1;3;23;0.5624784731095837;0.8387096774193549;0.5743028848401962;0.8064516129032258;0.9416666666666667;0.5844915493978793;0.0002;0;0;0;0.5743028848401962;23
09/02/25 - 18:43 ;		 MultiViewCNN;2;1;3;24;0.5671131764688799;0.7903225806451613;0.5671365107259443;0.8064516129032258;0.9416666666666668;0.5792850377962988;0.0002;0;0;0;0.5671365107259443;24
09/02/25 - 18:43 ;		 MultiViewCNN;2;1;3;25;0.5637541317170666;0.7903225806451613;0.564379338295229;0.8064516129032258;0.9541666666666667;0.5748133279459778;0.0002;0;0;0;0.564379338295229;25
09/02/25 - 18:43 ;		 MultiViewCNN;2;1;3;26;0.5166815307832533;0.9032258064516129;0.550729323779383;0.8387096774193549;0.9375;0.5675881266959993;0.0002;0;0;0;0.550729323779383;26
09/02/25 - 18:43 ;		 MultiViewCNN;2;1;3;27;0.521513948517461;0.8225806451612904;0.543735029235963;0.8709677419354839;0.9416666666666667;0.5604321974579884;0.0002;0;0;0;0.543735029235963;27
09/02/25 - 18:43 ;		 MultiViewCNN;2;1;3;28;0.486848775417574;0.9032258064516129;0.5322952010939198;0.8387096774193549;0.9375;0.5519910985487678;0.0002;0;0;0;0.5322952010939198;28
09/02/25 - 18:43 ;		 MultiViewCNN;2;1;3;29;0.5010151997689278;0.8548387096774194;0.5354744042119672;0.8064516129032258;0.9541666666666667;0.5470360902477276;0.0002;0;0;0;0.5354744042119672;29
09/02/25 - 18:43 ;		 MultiViewCNN;2;1;4;0;0.6971008277708485;0.45161290322580644;0.6855760005212599;0.4838709677419355;0.8125;0.6855760005212599;0.0002;0;0;0;0.6855760005212599;0
09/02/25 - 18:44 ;		 MultiViewCNN;2;1;4;1;0.6973903063804873;0.4838709677419355;0.6813235917399006;0.7419354838709677;0.8500000000000001;0.6843002778868521;0.0002;1;0;0;0.6855760005212599;0
09/02/25 - 18:44 ;		 MultiViewCNN;2;1;4;2;0.6840439842593286;0.532258064516129;0.6748843769873342;0.7096774193548387;0.875;0.6814755076169967;0.0002;0;0;0;0.6748843769873342;2
09/02/25 - 18:44 ;		 MultiViewCNN;2;1;4;3;0.6850758483332973;0.532258064516129;0.6697128415107727;0.7096774193548387;0.8875;0.6779467077851294;0.0002;0;0;0;0.6697128415107727;3
09/02/25 - 18:44 ;		 MultiViewCNN;2;1;4;4;0.6732217669487;0.6451612903225806;0.6649414800828503;0.7096774193548387;0.8916666666666666;0.6740451394744457;0.0002;0;0;0;0.6649414800828503;4
09/02/25 - 18:44 ;		 MultiViewCNN;2;1;4;5;0.6649693769793357;0.6612903225806451;0.6604673054910475;0.7096774193548387;0.8958333333333334;0.6699717892794261;0.0002;0;0;0;0.6604673054910475;5
09/02/25 - 18:44 ;		 MultiViewCNN;2;1;4;6;0.6532908447327153;0.7258064516129032;0.6561556939155825;0.7096774193548387;0.8916666666666667;0.665826960670273;0.0002;0;0;0;0.6561556939155825;6
09/02/25 - 18:44 ;		 MultiViewCNN;2;1;4;7;0.6584795405787807;0.6612903225806451;0.6502493523782299;0.6774193548387096;0.8916666666666667;0.6611536781826601;0.0002;0;0;0;0.6502493523782299;7
09/02/25 - 18:45 ;		 MultiViewCNN;2;1;4;8;0.6482141210186866;0.7258064516129032;0.6443050869049565;0.6774193548387096;0.8916666666666667;0.656099100799349;0.0002;0;0;0;0.6443050869049565;8
09/02/25 - 18:45 ;		 MultiViewCNN;2;1;4;9;0.6608380367678981;0.6290322580645161;0.6388594412034557;0.7419354838709677;0.9;0.6509272029205809;0.0002;0;0;0;0.6388594412034557;9
09/02/25 - 18:45 ;		 MultiViewCNN;2;1;4;10;0.6475331168020925;0.6774193548387096;0.6352086028745098;0.7096774193548387;0.8958333333333333;0.6462116229067595;0.0002;0;0;0;0.6352086028745098;10
09/02/25 - 18:45 ;		 MultiViewCNN;2;1;4;11;0.6385233536843331;0.6612903225806451;0.6298771077586759;0.7741935483870968;0.9;0.6413112683623343;0.0002;0;0;0;0.6298771077586759;11
09/02/25 - 18:45 ;		 MultiViewCNN;2;1;4;12;0.636522070054085;0.7096774193548387;0.6253071042799181;0.7741935483870968;0.9083333333333334;0.6365100191376094;0.0002;0;0;0;0.6253071042799181;12
09/02/25 - 18:45 ;		 MultiViewCNN;2;1;4;13;0.6328367148676226;0.7580645161290323;0.6199526806031505;0.7741935483870968;0.9;0.6315428175772717;0.0002;0;0;0;0.6199526806031505;13
09/02/25 - 18:45 ;		 MultiViewCNN;2;1;4;14;0.6135763276007867;0.6774193548387096;0.6141583438842527;0.7741935483870968;0.8833333333333334;0.626327475469366;0.0002;0;0;0;0.6141583438842527;14
09/02/25 - 18:45 ;		 MultiViewCNN;2;1;4;15;0.6215203327517356;0.7258064516129032;0.607386919759935;0.7741935483870968;0.8833333333333333;0.6206453087565366;0.0002;0;0;0;0.607386919759935;15
09/02/25 - 18:46 ;		 MultiViewCNN;2;1;4;16;0.6053350625499603;0.6774193548387096;0.6008952413835833;0.8387096774193549;0.8833333333333334;0.6147202885446506;0.0002;0;0;0;0.6008952413835833;16
09/02/25 - 18:46 ;		 MultiViewCNN;2;1;4;17;0.6312406293807491;0.6935483870967742;0.5977179696482997;0.8064516129032258;0.9083333333333333;0.6096195928757453;0.0002;0;0;0;0.5977179696482997;17
09/02/25 - 18:46 ;		 MultiViewCNN;2;1;4;18;0.6025775574868725;0.7419354838709677;0.5989138791638036;0.8064516129032258;0.9125;0.6064078787621627;0.0002;0;0;0;0.5989138791638036;18
09/02/25 - 18:46 ;		 MultiViewCNN;2;1;4;19;0.6014448731176315;0.7741935483870968;0.5922857253782211;0.8064516129032258;0.9166666666666666;0.6021712327469803;0.0002;0;0;0;0.5922857253782211;19
09/02/25 - 18:46 ;		 MultiViewCNN;2;1;4;20;0.5835694189994566;0.7741935483870968;0.5876441463347404;0.8387096774193549;0.9208333333333334;0.5978131068233083;0.0002;0;0;0;0.5876441463347404;20
09/02/25 - 18:46 ;		 MultiViewCNN;2;1;4;21;0.5757798610195037;0.8225806451612904;0.5814499201313141;0.7741935483870968;0.9166666666666667;0.59290415081571;0.0002;0;0;0;0.5814499201313141;21
09/02/25 - 18:46 ;		 MultiViewCNN;2;1;4;22;0.5869256373374693;0.7741935483870968;0.58084015692434;0.8064516129032258;0.9166666666666666;0.5892849526482989;0.0002;0;0;0;0.58084015692434;22
09/02/25 - 18:46 ;		 MultiViewCNN;2;1;4;23;0.5774680529871294;0.8225806451612904;0.5766583796470396;0.7741935483870968;0.9166666666666667;0.5854969807479211;0.0002;0;0;0;0.5766583796470396;23
09/02/25 - 18:47 ;		 MultiViewCNN;2;1;4;24;0.5872536378522073;0.7419354838709677;0.5680798965115701;0.8064516129032258;0.9125;0.5802718554770158;0.0002;0;0;0;0.5680798965115701;24
09/02/25 - 18:47 ;		 MultiViewCNN;2;1;4;25;0.5513980052163524;0.8225806451612904;0.5633913413170846;0.8064516129032258;0.9125;0.5752077012290364;0.0002;0;0;0;0.5633913413170846;25
09/02/25 - 18:47 ;		 MultiViewCNN;2;1;4;26;0.5299431518200906;0.8225806451612904;0.5614382605398854;0.7741935483870968;0.9125;0.5710768690222912;0.0002;0;0;0;0.5614382605398854;26
09/02/25 - 18:47 ;		 MultiViewCNN;2;1;4;27;0.5304793946204647;0.7741935483870968;0.5662286608449875;0.8064516129032258;0.9125;0.5696224065691;0.0002;1;0;0;0.5614382605398854;26
09/02/25 - 18:47 ;		 MultiViewCNN;2;1;4;28;0.5464521088907796;0.7741935483870968;0.5531840132128808;0.7741935483870968;0.9166666666666667;0.5646908885622343;0.0002;0;0;0;0.5531840132128808;28
09/02/25 - 18:47 ;		 MultiViewCNN;2;1;4;29;0.5076442457014515;0.8548387096774194;0.5366920088568041;0.8064516129032258;0.8875;0.5562912246506052;0.0002;0;0;0;0.5366920088568041;29
09/02/25 - 19:11 ;		 MultiViewCNN;2;1;5;0;0.6909398878774335;0.5;0.6867915065057816;0.7419354838709677;0.8166666666666667;0.6867915065057816;0.0002;0;0;0;0.6867915065057816;0
09/02/25 - 19:11 ;		 MultiViewCNN;2;1;5;1;0.6825427047667965;0.5483870967741935;0.6837123843931383;0.6774193548387096;0.8;0.6858677698719886;0.0002;1;0;0;0.6867915065057816;0
09/02/25 - 19:11 ;		 MultiViewCNN;2;1;5;2;0.6729929254901025;0.6451612903225806;0.6776606709726395;0.6451612903225806;0.8166666666666667;0.6834056402021839;0.0002;0;0;0;0.6776606709726395;2
09/02/25 - 19:12 ;		 MultiViewCNN;2;1;5;3;0.6812954679612191;0.5483870967741935;0.6702624809357428;0.5806451612903226;0.7875000000000001;0.6794626924222515;0.0002;0;0;0;0.6702624809357428;3
09/02/25 - 19:12 ;		 MultiViewCNN;2;1;5;4;0.6618807181235282;0.6774193548387096;0.664781678107477;0.6129032258064516;0.7958333333333334;0.6750583881278192;0.0002;0;0;0;0.664781678107477;4
09/02/25 - 19:12 ;		 MultiViewCNN;2;1;5;5;0.6727288250000246;0.5483870967741935;0.6599735021591187;0.6451612903225806;0.8;0.670532922337209;0.0002;0;0;0;0.6599735021591187;5
09/02/25 - 19:12 ;		 MultiViewCNN;2;1;5;6;0.6652638220017956;0.6451612903225806;0.6562855186000947;0.6129032258064516;0.8041666666666667;0.6662587012160747;0.0002;0;0;0;0.6562855186000947;6
09/02/25 - 19:12 ;		 MultiViewCNN;2;1;5;7;0.6665390960631832;0.6451612903225806;0.6513086461251781;0.6451612903225806;0.8208333333333334;0.6617736846888057;0.0002;0;0;0;0.6513086461251781;7
09/02/25 - 19:12 ;		 MultiViewCNN;2;1;5;8;0.6427827535137054;0.6935483870967742;0.6468960315950455;0.7419354838709677;0.8333333333333334;0.6573103887606776;0.0002;0;0;0;0.6468960315950455;8
09/02/25 - 19:12 ;		 MultiViewCNN;2;1;5;9;0.6383106939254268;0.6935483870967742;0.6426539190353886;0.7096774193548387;0.8541666666666666;0.6529134478430909;0.0002;0;0;0;0.6426539190353886;9
09/02/25 - 19:12 ;		 MultiViewCNN;2;1;5;10;0.642956345312057;0.7580645161290323;0.6380427018288644;0.7096774193548387;0.8624999999999999;0.6484522240388229;0.0002;0;0;0;0.6380427018288644;10
09/02/25 - 19:13 ;		 MultiViewCNN;2;1;5;11;0.6458311869252112;0.6935483870967742;0.6336368380054351;0.7419354838709677;0.8708333333333333;0.6440076082288065;0.0002;0;0;0;0.6336368380054351;11
09/02/25 - 19:13 ;		 MultiViewCNN;2;1;5;12;0.6411748893799321;0.7096774193548387;0.627992978019099;0.7741935483870968;0.8625;0.6392032191658943;0.0002;0;0;0;0.627992978019099;12
09/02/25 - 19:13 ;		 MultiViewCNN;2;1;5;13;0.6430284188639733;0.6774193548387096;0.6231404735196021;0.7741935483870968;0.8666666666666667;0.6343843954720066;0.0002;0;0;0;0.6231404735196021;13
09/02/25 - 19:13 ;		 MultiViewCNN;2;1;5;14;0.6208149540808893;0.6935483870967742;0.6183674969980794;0.7419354838709677;0.8708333333333333;0.6295793259298285;0.0002;0;0;0;0.6183674969980794;14
09/02/25 - 19:13 ;		 MultiViewCNN;2;1;5;15;0.6555820011323498;0.6612903225806451;0.6144969367211864;0.7419354838709677;0.8916666666666666;0.6250546091672358;0.0002;0;0;0;0.6144969367211864;15
09/02/25 - 19:13 ;		 MultiViewCNN;2;1;5;16;0.6223011862847113;0.6774193548387096;0.6116916498830242;0.7419354838709677;0.9000000000000001;0.6210457213819722;0.0002;0;0;0;0.6116916498830242;16
09/02/25 - 19:13 ;		 MultiViewCNN;2;1;5;17;0.6277280103775763;0.6935483870967742;0.607305520965207;0.7419354838709677;0.8916666666666666;0.6169236612569426;0.0002;0;0;0;0.607305520965207;17
09/02/25 - 19:13 ;		 MultiViewCNN;2;1;5;18;0.6080334513418136;0.7258064516129032;0.6033142958917925;0.7741935483870968;0.8958333333333333;0.6128408516473975;0.0002;0;0;0;0.6033142958917925;18
09/02/25 - 19:14 ;		 MultiViewCNN;2;1;5;19;0.6084540409426535;0.7258064516129032;0.5987622257201902;0.7741935483870968;0.8958333333333333;0.6086172638692353;0.0002;0;0;0;0.5987622257201902;19
09/02/25 - 19:14 ;		 MultiViewCNN;2;1;5;20;0.6010611134190713;0.7419354838709677;0.5933987209873814;0.7741935483870968;0.8791666666666667;0.6040517010046791;0.0002;0;0;0;0.5933987209873814;20
09/02/25 - 19:14 ;		 MultiViewCNN;2;1;5;21;0.6084574211028314;0.7419354838709677;0.5892293376307334;0.7419354838709677;0.8916666666666667;0.5996049919924953;0.0002;0;0;0;0.5892293376307334;21
09/02/25 - 19:14 ;		 MultiViewCNN;2;1;5;22;0.590578313796751;0.7096774193548387;0.5863432518897518;0.7419354838709677;0.8916666666666667;0.5956264699616722;0.0002;0;0;0;0.5863432518897518;22
09/02/25 - 19:14 ;		 MultiViewCNN;2;1;5;23;0.5686580980977705;0.7903225806451613;0.5801547150458058;0.7741935483870968;0.8916666666666667;0.5909849434869123;0.0002;0;0;0;0.5801547150458058;23
09/02/25 - 19:14 ;		 MultiViewCNN;2;1;5;24;0.5867086014439983;0.7419354838709677;0.5743053036351358;0.7741935483870968;0.8875;0.5859810515313794;0.0002;0;0;0;0.5743053036351358;24
09/02/25 - 19:14 ;		 MultiViewCNN;2;1;5;25;0.5679602238439745;0.7741935483870968;0.5672176422611359;0.6774193548387096;0.8833333333333333;0.5803520287503063;0.0002;0;0;0;0.5672176422611359;25
09/02/25 - 19:14 ;		 MultiViewCNN;2;1;5;26;0.5729591154283092;0.8064516129032258;0.5640176265470443;0.7419354838709677;0.8875000000000001;0.5754517080893277;0.0002;0;0;0;0.5640176265470443;26
09/02/25 - 19:15 ;		 MultiViewCNN;2;1;5;27;0.5319510477204477;0.7903225806451613;0.5610881390110138;0.8064516129032258;0.8958333333333334;0.5711426373658335;0.0002;0;0;0;0.5610881390110138;27
09/02/25 - 19:15 ;		 MultiViewCNN;2;1;5;28;0.5521440082980741;0.8387096774193549;0.5581718837061236;0.8064516129032258;0.8958333333333334;0.5672514112679206;0.0002;0;0;0;0.5581718837061236;28
09/02/25 - 19:15 ;		 MultiViewCNN;2;1;5;29;0.5420116782188416;0.8064516129032258;0.5533757613551232;0.8064516129032258;0.9;0.5630887162940814;0.0002;0;0;0;0.5533757613551232;29
09/02/25 - 19:15 ;		 MultiViewCNN;2;1;6;0;0.7113070526430684;0.45161290322580644;0.6968787793190249;0.4838709677419355;0.32083333333333336;0.6968787793190249;0.0002;0;0;0;0.6968787793190249;0
09/02/25 - 19:15 ;		 MultiViewCNN;2;1;6;1;0.6959920006413614;0.46774193548387094;0.6934159994125366;0.4838709677419355;0.7416666666666667;0.6958399453470784;0.0002;1;0;0;0.6968787793190249;0
09/02/25 - 19:15 ;		 MultiViewCNN;2;1;6;2;0.6955115487498622;0.5161290322580645;0.6885037210679823;0.4838709677419355;0.875;0.6936390780633495;0.0002;0;0;0;0.6885037210679823;2
09/02/25 - 19:15 ;		 MultiViewCNN;2;1;6;3;0.6921132418417162;0.45161290322580644;0.6843002419317922;0.4838709677419355;0.9375;0.6908374272238822;0.0002;0;0;0;0.6843002419317922;3
09/02/25 - 19:15 ;		 MultiViewCNN;2;1;6;4;0.686776457294341;0.5806451612903226;0.6797519057027755;0.7741935483870968;0.9291666666666667;0.6875117707675502;0.0002;0;0;0;0.6797519057027755;4
09/02/25 - 19:16 ;		 MultiViewCNN;2;1;6;5;0.6811078748395366;0.5806451612903226;0.6752015429158365;0.7419354838709677;0.925;0.6838187024120361;0.0002;0;0;0;0.6752015429158365;5
09/02/25 - 19:16 ;		 MultiViewCNN;2;1;6;6;0.6742026305967762;0.6612903225806451;0.6703060711583784;0.7096774193548387;0.9166666666666666;0.6797649130359388;0.0002;0;0;0;0.6703060711583784;6
09/02/25 - 19:16 ;		 MultiViewCNN;2;1;6;7;0.6699470339282867;0.7096774193548387;0.6657982122513556;0.7096774193548387;0.9083333333333333;0.6755749028005638;0.0002;0;0;0;0.6657982122513556;7
09/02/25 - 19:16 ;		 MultiViewCNN;2;1;6;8;0.6717288321064364;0.6290322580645161;0.6619368099397228;0.7096774193548387;0.8999999999999999;0.6714834749423114;0.0002;0;0;0;0.6619368099397228;8
09/02/25 - 19:16 ;		 MultiViewCNN;2;1;6;9;0.6636261267046775;0.7096774193548387;0.657838563765249;0.7096774193548387;0.8958333333333333;0.6673900015891927;0.0002;0;0;0;0.657838563765249;9
09/02/25 - 19:16 ;		 MultiViewCNN;2;1;6;10;0.6495407204474172;0.7258064516129032;0.6531732370776515;0.6774193548387096;0.8875;0.6631249722357303;0.0002;0;0;0;0.6531732370776515;10
09/02/25 - 19:16 ;		 MultiViewCNN;2;1;6;11;0.6562308034589214;0.6935483870967742;0.6495163152294774;0.7096774193548387;0.8916666666666667;0.6590423751338544;0.0002;0;0;0;0.6495163152294774;11
09/02/25 - 19:17 ;		 MultiViewCNN;2;1;6;12;0.6535240988577565;0.7096774193548387;0.6449310414252742;0.7096774193548387;0.8916666666666667;0.6548089750212803;0.0002;0;0;0;0.6449310414252742;12
09/02/25 - 19:17 ;		 MultiViewCNN;2;1;6;13;0.6599880130060257;0.6612903225806451;0.6406310143009308;0.7096774193548387;0.8791666666666667;0.6505555868051754;0.0002;0;0;0;0.6406310143009308;13
09/02/25 - 19:17 ;		 MultiViewCNN;2;1;6;14;0.6446132909867072;0.6774193548387096;0.6357426989463068;0.7096774193548387;0.8791666666666667;0.6461117204475147;0.0002;0;0;0;0.6357426989463068;14
09/02/25 - 19:17 ;		 MultiViewCNN;2;1;6;15;0.6318320997299687;0.7419354838709677;0.6307299983116889;0.6774193548387096;0.8791666666666667;0.6414972038067669;0.0002;0;0;0;0.6307299983116889;15
09/02/25 - 19:17 ;		 MultiViewCNN;2;1;6;16;0.6317780710035755;0.7741935483870968;0.6263127500011075;0.6774193548387096;0.875;0.6369418676650691;0.0002;0;0;0;0.6263127500011075;16
09/02/25 - 19:17 ;		 MultiViewCNN;2;1;6;17;0.6329257757432999;0.7419354838709677;0.6200725686165595;0.7096774193548387;0.8583333333333334;0.6318810779505162;0.0002;0;0;0;0.6200725686165595;17
09/02/25 - 19:17 ;		 MultiViewCNN;2;1;6;18;0.6174495258638936;0.7096774193548387;0.6142606139183044;0.7096774193548387;0.8833333333333333;0.6265949387408526;0.0002;0;0;0;0.6142606139183044;18
09/02/25 - 19:17 ;		 MultiViewCNN;2;1;6;19;0.6186555931645055;0.7419354838709677;0.6096967804816461;0.7419354838709677;0.8875;0.6215254912630905;0.0002;0;0;0;0.6096967804816461;19
09/02/25 - 19:18 ;		 MultiViewCNN;2;1;6;20;0.6050608965658373;0.7741935483870968;0.6040206263142247;0.7096774193548387;0.8833333333333333;0.6162740317784308;0.0002;0;0;0;0.6040206263142247;20
09/02/25 - 19:18 ;		 MultiViewCNN;2;1;6;21;0.5903227021617274;0.7741935483870968;0.5985906624024914;0.7096774193548387;0.8625;0.6109690209656489;0.0002;0;0;0;0.5985906624024914;21
09/02/25 - 19:18 ;		 MultiViewCNN;2;1;6;22;0.5932555044850996;0.7096774193548387;0.5942449108246834;0.7741935483870968;0.8875;0.6059517879233592;0.0002;0;0;0;0.5942449108246834;22
09/02/25 - 19:18 ;		 MultiViewCNN;2;1;6;23;0.5953682891784176;0.7419354838709677;0.5886207299847757;0.7741935483870968;0.8875;0.6007524705417842;0.0002;0;0;0;0.5886207299847757;23
09/02/25 - 19:18 ;		 MultiViewCNN;2;1;6;24;0.5593448146697013;0.7419354838709677;0.5819468805866856;0.8064516129032258;0.8833333333333333;0.5951107935552546;0.0002;0;0;0;0.5819468805866856;24
09/02/25 - 19:18 ;		 MultiViewCNN;2;1;6;25;0.5600817203521729;0.7903225806451613;0.5775997754066221;0.7419354838709677;0.8708333333333333;0.5898574881106649;0.0002;0;0;0;0.5775997754066221;25
09/02/25 - 19:18 ;		 MultiViewCNN;2;1;6;26;0.568776992059523;0.8064516129032258;0.5731004245819584;0.7741935483870968;0.8833333333333333;0.5848303690520529;0.0002;0;0;0;0.5731004245819584;26
09/02/25 - 19:18 ;		 MultiViewCNN;2;1;6;27;0.5505750486927647;0.8064516129032258;0.5650804331225734;0.8064516129032258;0.8875000000000001;0.578905388273209;0.0002;0;0;0;0.5650804331225734;27
09/02/25 - 19:19 ;		 MultiViewCNN;2;1;6;28;0.5386338195493144;0.7580645161290323;0.5570059668633246;0.7741935483870968;0.8875;0.5723355618502437;0.0002;0;0;0;0.5570059668633246;28
09/02/25 - 19:19 ;		 MultiViewCNN;2;1;6;29;0.5502614878839062;0.8064516129032258;0.5488326895621515;0.7741935483870968;0.8875;0.5652847001638159;0.0002;0;0;0;0.5488326895621515;29
09/02/25 - 19:19 ;		 MultiViewCNN;2;1;7;0;0.680724968833308;0.6451612903225806;0.6784804463386536;0.7419354838709677;0.8333333333333333;0.6784804463386536;0.0005;0;0;0;0.6784804463386536;0
09/02/25 - 19:19 ;		 MultiViewCNN;2;1;7;1;0.6660000278103736;0.6612903225806451;0.6627627534251059;0.8064516129032258;0.875;0.6737651384645893;0.0005;0;0;0;0.6627627534251059;1
09/02/25 - 19:19 ;		 MultiViewCNN;2;1;7;2;0.6582629507587802;0.6451612903225806;0.6452196105833976;0.7419354838709677;0.8708333333333333;0.6652014801002317;0.0005;0;0;0;0.6452196105833976;2
09/02/25 - 19:19 ;		 MultiViewCNN;2;1;7;3;0.6534369645580169;0.6774193548387096;0.6341847700457419;0.5806451612903226;0.8333333333333334;0.6558964670838847;0.0005;0;0;0;0.6341847700457419;3
09/02/25 - 19:19 ;		 MultiViewCNN;2;1;7;4;0.6424615633103156;0.6451612903225806;0.6197577099646291;0.7096774193548387;0.8541666666666667;0.645054839948108;0.0005;0;0;0;0.6197577099646291;4
09/02/25 - 19:20 ;		 MultiViewCNN;2;1;7;5;0.6257382054482737;0.7096774193548387;0.6066585683053539;0.7741935483870968;0.8916666666666666;0.6335359584552818;0.0005;0;0;0;0.6066585683053539;5
09/02/25 - 19:20 ;		 MultiViewCNN;2;1;7;6;0.6140847321479551;0.6935483870967742;0.5945196055596874;0.7419354838709677;0.9041666666666667;0.6218310525866034;0.0005;0;0;0;0.5945196055596874;6
09/02/25 - 19:20 ;		 MultiViewCNN;2;1;7;7;0.6041280223477271;0.7419354838709677;0.5834258506374974;0.7741935483870968;0.9166666666666667;0.6103094920018716;0.0005;0;0;0;0.5834258506374974;7
09/02/25 - 19:20 ;		 MultiViewCNN;2;1;7;8;0.6068240519492857;0.6935483870967742;0.5709255241578625;0.8064516129032258;0.9;0.5984943016486688;0.0005;0;0;0;0.5709255241578625;8
09/02/25 - 19:20 ;		 MultiViewCNN;2;1;7;9;0.5749227827595126;0.7903225806451613;0.5684370206248376;0.8064516129032258;0.9166666666666667;0.5894771173415194;0.0005;0;0;0;0.5684370206248376;9
09/02/25 - 19:20 ;		 MultiViewCNN;2;1;7;10;0.5805699748377646;0.7741935483870968;0.5788192306795428;0.7419354838709677;0.9500000000000001;0.5862797513429263;0.0005;0;0;0;0.5788192306795428;10
09/02/25 - 19:20 ;		 MultiViewCNN;2;1;7;11;0.5451041671537584;0.8225806451612904;0.5383525490760803;0.7741935483870968;0.9291666666666667;0.5719015906628725;0.0005;0;0;0;0.5383525490760803;11
09/02/25 - 19:20 ;		 MultiViewCNN;2;1;7;12;0.5505379957537497;0.7741935483870968;0.554084554795296;0.7741935483870968;0.9458333333333334;0.5665564799025995;0.0005;0;0;0;0.554084554795296;12
09/02/25 - 19:21 ;		 MultiViewCNN;2;1;7;13;0.5181730235776594;0.8225806451612904;0.5303829639188705;0.7741935483870968;0.8958333333333333;0.5557044251074807;0.0005;0;0;0;0.5303829639188705;13
09/02/25 - 19:21 ;		 MultiViewCNN;2;1;7;14;0.512043716446046;0.7741935483870968;0.5057556648408214;0.8064516129032258;0.8916666666666667;0.5407197970274829;0.0005;0;0;0;0.5057556648408214;14
09/02/25 - 19:21 ;		 MultiViewCNN;2;1;7;15;0.4710353699422652;0.8870967741935484;0.5437871871456024;0.7741935483870968;0.9166666666666667;0.5416400140629187;0.0005;1;0;0;0.5057556648408214;14
09/02/25 - 19:21 ;		 MultiViewCNN;2;1;7;16;0.47670028767278116;0.8064516129032258;0.4711598523201481;0.8387096774193549;0.9333333333333333;0.5204959655400875;0.0005;0;0;0;0.4711598523201481;16
09/02/25 - 19:21 ;		 MultiViewCNN;2;1;7;17;0.4555328219167648;0.8870967741935484;0.5693872071081593;0.6451612903225806;0.9333333333333333;0.535163338010509;0.0005;1;0;0;0.4711598523201481;16
09/02/25 - 19:21 ;		 MultiViewCNN;2;1;7;18;0.4149217115294549;0.9032258064516129;0.4515278656636515;0.7419354838709677;0.9208333333333334;0.5100726963064517;0.0005;0;0;0;0.4515278656636515;18
09/02/25 - 19:21 ;		 MultiViewCNN;2;1;7;19;0.4529947619284353;0.8225806451612904;0.4727415144443512;0.7741935483870968;0.9375;0.4988733417478215;0.0005;0;0;0;0.4727415144443512;19
09/02/25 - 19:22 ;		 MultiViewCNN;2;1;7;20;0.37793463660824683;0.8870967741935484;0.4416694160430662;0.8064516129032258;0.9333333333333333;0.4817121640363949;0.0005;0;0;0;0.4416694160430662;20
09/02/25 - 19:22 ;		 MultiViewCNN;2;1;7;21;0.3873967932116601;0.8387096774193549;0.42734604304836643;0.8064516129032258;0.9125000000000001;0.46540232773998635;0.0005;0;0;0;0.42734604304836643;21
09/02/25 - 19:22 ;		 MultiViewCNN;2;1;7;22;0.34519491849407075;0.9354838709677419;0.49837368149911204;0.7419354838709677;0.9125000000000001;0.47529373386772406;0.0005;1;0;0;0.42734604304836643;21
09/02/25 - 19:22 ;		 MultiViewCNN;2;1;7;23;0.2941210308382588;0.9354838709677419;0.4105261871891637;0.8064516129032258;0.9291666666666667;0.45586346986415593;0.0005;0;0;0;0.4105261871891637;23
09/02/25 - 19:22 ;		 MultiViewCNN;2;1;7;24;0.3167140829947687;0.9516129032258065;0.6933456813135455;0.6451612903225806;0.925;0.5271081332989728;0.0005;1;0;0;0.4105261871891637;23
09/02/25 - 19:22 ;		 MultiViewCNN;2;1;7;25;0.3746240985008978;0.8548387096774194;0.40590452474932515;0.8709677419354839;0.9625;0.4907470507340785;0.0005;2;0;0;0.4105261871891637;23
09/02/25 - 19:22 ;		 MultiViewCNN;2;1;7;26;0.35091666060109294;0.8870967741935484;0.3651849915904383;0.8387096774193549;0.9166666666666667;0.45307843299098643;0.0005;0;0;0;0.3651849915904383;26
09/02/25 - 19:22 ;		 MultiViewCNN;2;1;7;27;0.23665231466293335;0.967741935483871;0.6327136505034662;0.6451612903225806;0.9291666666666667;0.5069689982447303;0.0005;1;0;0;0.3651849915904383;26
09/02/25 - 19:23 ;		 MultiViewCNN;2;1;7;28;0.3048627203510654;0.8709677419354839;0.4342698118379039;0.8064516129032258;0.9333333333333333;0.48515924232268237;0.0005;2;0;0;0.3651849915904383;26
09/02/25 - 19:23 ;		 MultiViewCNN;2;1;7;29;0.31907109868141914;0.8870967741935484;0.5964758876831301;0.7096774193548387;0.9458333333333334;0.5185542359308166;0.00025;3;1;0;0.3651849915904383;26
09/02/25 - 19:23 ;		 MultiViewCNN;2;1;8;0;0.6866661233286704;0.6290322580645161;0.6864143975319401;0.4838709677419355;0.8333333333333334;0.6864143975319401;0.0005;0;0;0;0.6864143975319401;0
09/02/25 - 19:23 ;		 MultiViewCNN;2;1;8;1;0.6684689983244865;0.6774193548387096;0.6701108774831218;0.8064516129032258;0.9041666666666667;0.6815233415172945;0.0005;0;0;0;0.6701108774831218;1
09/02/25 - 19:23 ;		 MultiViewCNN;2;1;8;2;0.6547683592765562;0.6129032258064516;0.6507596508149178;0.8064516129032258;0.9083333333333333;0.6722942343065815;0.0005;0;0;0;0.6507596508149178;2
09/02/25 - 19:23 ;		 MultiViewCNN;2;1;8;3;0.638431102998795;0.7741935483870968;0.6351003723759805;0.7741935483870968;0.9083333333333334;0.6611360757274012;0.0005;0;0;0;0.6351003723759805;3
09/02/25 - 19:23 ;		 MultiViewCNN;2;1;8;4;0.6332772508744271;0.6774193548387096;0.6192187916847968;0.7741935483870968;0.9;0.6485608905146198;0.0005;0;0;0;0.6192187916847968;4
09/02/25 - 19:23 ;		 MultiViewCNN;2;1;8;5;0.6077403656898006;0.7580645161290323;0.6002624803973783;0.7096774193548387;0.8958333333333333;0.6340713674794474;0.0005;0;0;0;0.6002624803973783;5
09/02/25 - 19:24 ;		 MultiViewCNN;2;1;8;6;0.596993084876768;0.7903225806451613;0.584492891065536;0.7741935483870968;0.9041666666666667;0.619197824555274;0.0005;0;0;0;0.584492891065536;6
09/02/25 - 19:24 ;		 MultiViewCNN;2;1;8;7;0.5794896329602888;0.7741935483870968;0.5689432351819931;0.8064516129032258;0.8958333333333334;0.6041214477432897;0.0005;0;0;0;0.5689432351819931;7
09/02/25 - 19:24 ;		 MultiViewCNN;2;1;8;8;0.5604576545376931;0.8064516129032258;0.565247735669536;0.7741935483870968;0.9333333333333333;0.5924593341211636;0.0005;0;0;0;0.565247735669536;8
09/02/25 - 19:24 ;		 MultiViewCNN;2;1;8;9;0.5279646054390938;0.8225806451612904;0.5690239648665151;0.7741935483870968;0.925;0.585428723344769;0.0005;0;0;0;0.5690239648665151;9
09/02/25 - 19:24 ;		 MultiViewCNN;2;1;8;10;0.5228042487175234;0.8225806451612904;0.5212163982852813;0.8064516129032258;0.925;0.5661650258269226;0.0005;0;0;0;0.5212163982852813;10
09/02/25 - 19:24 ;		 MultiViewCNN;2;1;8;11;0.49545689744334065;0.8225806451612904;0.5126853191083477;0.8064516129032258;0.9333333333333333;0.5501211138113501;0.0005;0;0;0;0.5126853191083477;11
09/02/25 - 19:24 ;		 MultiViewCNN;2;1;8;12;0.45607721517162936;0.8709677419354839;0.5775750029471612;0.6451612903225806;0.9583333333333334;0.5583572805520933;0.0005;1;0;0;0.5126853191083477;11
09/02/25 - 19:24 ;		 MultiViewCNN;2;1;8;13;0.4200792053053456;0.9193548387096774;0.4605906480743039;0.8709677419354839;0.9333333333333333;0.5290272908087564;0.0005;0;0;0;0.4605906480743039;13
09/02/25 - 19:25 ;		 MultiViewCNN;2;1;8;14;0.4132474334009232;0.8870967741935484;0.4751011517740065;0.7741935483870968;0.9458333333333334;0.5128494490983314;0.0005;0;0;0;0.4751011517740065;14
09/02/25 - 19:25 ;		 MultiViewCNN;2;1;8;15;0.4219698713671777;0.8387096774193549;0.6485312811789974;0.5806451612903226;0.9458333333333334;0.5535539987225312;0.0005;1;0;0;0.4751011517740065;14
09/02/25 - 19:25 ;		 MultiViewCNN;2;1;8;16;0.3342008023492752;0.8870967741935484;0.4249501487901134;0.8387096774193549;0.9166666666666666;0.5149728437428058;0.0005;2;0;0;0.4751011517740065;14
09/02/25 - 19:25 ;		 MultiViewCNN;2;1;8;17;0.3260397555366639;0.8870967741935484;0.4925348643333681;0.7419354838709677;0.9416666666666668;0.5082414499199746;0.0005;0;0;0;0.4925348643333681;17
09/02/25 - 19:25 ;		 MultiViewCNN;2;1;8;18;0.296448621057695;0.9516129032258065;0.5779849079347426;0.6451612903225806;0.9416666666666668;0.5291644873244049;0.0005;1;0;0;0.4925348643333681;17
09/02/25 - 19:25 ;		 MultiViewCNN;2;1;8;19;0.3677936859669224;0.8870967741935484;0.4135072337042901;0.8064516129032258;0.9416666666666667;0.4944673112383704;0.0005;0;0;0;0.4135072337042901;19
09/02/25 - 19:25 ;		 MultiViewCNN;2;1;8;20;0.3166634594240496;0.9193548387096774;0.40034748950312216;0.8064516129032258;0.9416666666666667;0.46623136471779586;0.0005;0;0;0;0.40034748950312216;20
09/02/25 - 19:25 ;		 MultiViewCNN;2;1;8;21;0.3436343131526824;0.8387096774193549;0.4249124675989151;0.8387096774193549;0.9416666666666668;0.45383569558213166;0.0005;0;0;0;0.4249124675989151;21
09/02/25 - 19:26 ;		 MultiViewCNN;2;1;8;22;0.2964862085157825;0.9032258064516129;0.3932777787408521;0.8064516129032258;0.9333333333333333;0.4356683205297478;0.0005;0;0;0;0.3932777787408521;22
09/02/25 - 19:26 ;		 MultiViewCNN;2;1;8;23;0.327456092161517;0.8387096774193549;0.5957718779963832;0.6774193548387096;0.9375;0.4836993877697384;0.0005;1;0;0;0.3932777787408521;22
09/02/25 - 19:26 ;		 MultiViewCNN;2;1;8;24;0.22479945421218872;0.967741935483871;0.48495981577903996;0.8064516129032258;0.9458333333333334;0.4840775161725288;0.0005;2;0;0;0.3932777787408521;22
09/02/25 - 19:26 ;		 MultiViewCNN;2;1;8;25;0.2638085215322433;0.9193548387096774;0.7466911635091228;0.6451612903225806;0.9458333333333334;0.5628616103735069;0.00025;3;1;0;0.3932777787408521;22
09/02/25 - 19:26 ;		 MultiViewCNN;2;1;8;26;0.19192243103058107;0.967741935483871;0.39808157759328044;0.8064516129032258;0.9291666666666667;0.5134276005394389;0.00025;4;0;0;0.3932777787408521;22
09/02/25 - 19:26 ;		 MultiViewCNN;2;1;8;27;0.14663139682623647;0.9838709677419355;0.35777090153386515;0.8064516129032258;0.9333333333333333;0.4667305908377668;0.00025;5;0;1;0.3932777787408521;22
09/02/25 - 19:26 ;		 MultiViewCNN;2;1;9;0;0.7005814659980035;0.5161290322580645;0.6840812352395826;0.5483870967741935;0.8333333333333334;0.6840812352395826;0.0005;0;0;0;0.6840812352395826;0
09/02/25 - 19:27 ;		 MultiViewCNN;2;1;9;1;0.6802953693174547;0.5806451612903226;0.6770929098129272;0.5483870967741935;0.9000000000000001;0.681984737611586;0.0005;1;0;0;0.6840812352395826;0
09/02/25 - 19:27 ;		 MultiViewCNN;2;1;9;2;0.6726803087419079;0.6129032258064516;0.6648434573604215;0.5483870967741935;0.9208333333333334;0.6768423535362366;0.0005;0;0;0;0.6648434573604215;2
09/02/25 - 19:27 ;		 MultiViewCNN;2;1;9;3;0.6519580906437289;0.7580645161290323;0.6491504907608032;0.5806451612903226;0.8833333333333333;0.6685347947036065;0.0005;0;0;0;0.6491504907608032;3
09/02/25 - 19:27 ;		 MultiViewCNN;2;1;9;4;0.6624944556143976;0.5967741935483871;0.6372128859643014;0.5806451612903226;0.8541666666666667;0.6591382220818149;0.0005;0;0;0;0.6372128859643014;4
09/02/25 - 19:27 ;		 MultiViewCNN;2;1;9;5;0.6458470859835225;0.6774193548387096;0.6265052114763567;0.5483870967741935;0.8500000000000001;0.6493483189001774;0.0005;0;0;0;0.6265052114763567;5
09/02/25 - 19:27 ;		 MultiViewCNN;2;1;9;6;0.630553949263788;0.6612903225806451;0.613684311989815;0.6451612903225806;0.8625;0.6386491168270687;0.0005;0;0;0;0.613684311989815;6
09/02/25 - 19:27 ;		 MultiViewCNN;2;1;9;7;0.6154490478577153;0.7258064516129032;0.5997317029583838;0.7741935483870968;0.8666666666666667;0.6269738926664632;0.0005;0;0;0;0.5997317029583838;7
09/02/25 - 19:27 ;		 MultiViewCNN;2;1;9;8;0.6359549972318834;0.6774193548387096;0.5893366682913995;0.7741935483870968;0.8833333333333333;0.6156827253539441;0.0005;0;0;0;0.5893366682913995;8
09/02/25 - 19:28 ;		 MultiViewCNN;2;1;9;9;0.601770366391828;0.7419354838709677;0.5827348982134173;0.8064516129032258;0.9125;0.6057983772117861;0.0005;0;0;0;0.5827348982134173;9
09/02/25 - 19:28 ;		 MultiViewCNN;2;1;9;10;0.5923556166310464;0.7741935483870968;0.589063907823255;0.7741935483870968;0.9458333333333333;0.6007780363952268;0.0005;0;0;0;0.589063907823255;10
09/02/25 - 19:28 ;		 MultiViewCNN;2;1;9;11;0.5832923593059662;0.8387096774193549;0.5743349982846168;0.7741935483870968;0.9458333333333333;0.5928451249620438;0.0005;0;0;0;0.5743349982846168;11
09/02/25 - 19:28 ;		 MultiViewCNN;2;1;9;12;0.562481047645692;0.8387096774193549;0.5549038167922727;0.8064516129032258;0.925;0.5814627325111125;0.0005;0;0;0;0.5549038167922727;12
09/02/25 - 19:28 ;		 MultiViewCNN;2;1;9;13;0.5329059881548728;0.8387096774193549;0.540514261491837;0.8064516129032258;0.9291666666666667;0.5691781912053298;0.0005;0;0;0;0.540514261491837;13
09/02/25 - 19:28 ;		 MultiViewCNN;2;1;9;14;0.5262557114324262;0.8387096774193549;0.5492247227699526;0.7419354838709677;0.9458333333333333;0.5631921506747166;0.0005;0;0;0;0.5492247227699526;14
09/02/25 - 19:28 ;		 MultiViewCNN;2;1;9;15;0.524313832482984;0.8225806451612904;0.49838646188859015;0.7741935483870968;0.9125;0.5437504440388786;0.0005;0;0;0;0.49838646188859015;15
09/02/25 - 19:28 ;		 MultiViewCNN;2;1;9;16;0.47571523343363115;0.8709677419354839;0.4912111913004229;0.8064516129032258;0.9333333333333333;0.5279886682173419;0.0005;0;0;0;0.4912111913004229;16
09/02/25 - 19:29 ;		 MultiViewCNN;2;1;9;17;0.4552552988452296;0.9193548387096774;0.5273820777093211;0.7096774193548387;0.9583333333333334;0.5278066910649356;0.0005;1;0;0;0.4912111913004229;16
09/02/25 - 19:29 ;		 MultiViewCNN;2;1;9;18;0.42180148440022625;0.8870967741935484;0.47355558314631063;0.7741935483870968;0.9458333333333333;0.5115313586893481;0.0005;0;0;0;0.47355558314631063;18
09/02/25 - 19:29 ;		 MultiViewCNN;2;1;9;19;0.40370978078534525;0.9032258064516129;0.4734881981726616;0.7741935483870968;0.9541666666666667;0.5001184105343421;0.0005;0;0;0;0.4734881981726616;19
09/02/25 - 19:29 ;		 MultiViewCNN;2;1;9;20;0.3847431751989549;0.8387096774193549;0.5059294123803416;0.7096774193548387;0.9625;0.5018617110881419;0.0005;1;0;0;0.4734881981726616;19
09/02/25 - 19:29 ;		 MultiViewCNN;2;1;9;21;0.4122176593349826;0.8709677419354839;0.5191737509542896;0.7096774193548387;0.9375;0.5070553230479862;0.0005;2;0;0;0.4734881981726616;19
09/02/25 - 19:29 ;		 MultiViewCNN;2;1;9;22;0.32652681296871555;0.9354838709677419;0.5553574610141015;0.7419354838709677;0.9125;0.5215459644378208;0.00025;3;1;0;0.4734881981726616;19
09/02/25 - 19:29 ;		 MultiViewCNN;2;1;9;23;0.3971800996411231;0.8225806451612904;0.4137974621788148;0.8387096774193549;0.9083333333333333;0.48922141376011896;0.00025;0;0;0;0.4137974621788148;23
09/02/25 - 19:30 ;		 MultiViewCNN;2;1;9;24;0.39540453110971757;0.7903225806451613;0.6400210492072567;0.6451612903225806;0.9458333333333333;0.5344613043942603;0.00025;1;0;0;0.4137974621788148;23
09/02/25 - 19:30 ;		 MultiViewCNN;2;1;9;25;0.3214001540214785;0.9354838709677419;0.5288147734057519;0.6774193548387096;0.9500000000000001;0.5327673450977077;0.00025;2;0;0;0.4137974621788148;23
09/02/25 - 19:30 ;		 MultiViewCNN;2;1;9;26;0.3309962470685282;0.8709677419354839;0.4134393536275433;0.8064516129032258;0.9458333333333334;0.4969689476566584;0.000125;3;1;0;0.4137974621788148;23
09/02/25 - 19:30 ;		 MultiViewCNN;2;1;9;27;0.3181884144583056;0.8870967741935484;0.39998273984078436;0.8064516129032258;0.9541666666666667;0.4678730853118962;0.000125;0;0;0;0.39998273984078436;27
09/02/25 - 19:30 ;		 MultiViewCNN;2;1;9;28;0.32990908911151273;0.8870967741935484;0.42444924289180386;0.8064516129032258;0.9333333333333333;0.4548459325858685;0.000125;0;0;0;0.42444924289180386;28
09/02/25 - 19:30 ;		 MultiViewCNN;2;1;9;29;0.2643856848439863;0.9354838709677419;0.4191728013177072;0.8064516129032258;0.9333333333333333;0.4441439932054201;0.000125;0;0;0;0.4191728013177072;29
09/02/25 - 19:30 ;		 MultiViewCNN;2;1;10;0;0.6938993027133327;0.5161290322580645;0.6858286376922361;0.5161290322580645;0.8416666666666668;0.6858286376922361;0.0005;0;0;0;0.6858286376922361;0
09/02/25 - 19:30 ;		 MultiViewCNN;2;1;10;1;0.6707647404363078;0.5967741935483871;0.6753238824106031;0.5483870967741935;0.8916666666666667;0.6826772111077462;0.0005;1;0;0;0.6858286376922361;0
09/02/25 - 19:31 ;		 MultiViewCNN;2;1;10;2;0.663741365555794;0.6451612903225806;0.6621368373593977;0.7096774193548387;0.9125;0.6765150989832416;0.0005;0;0;0;0.6621368373593977;2
09/02/25 - 19:31 ;		 MultiViewCNN;2;1;10;3;0.6549763064230641;0.6774193548387096;0.6490290549493605;0.6774193548387096;0.8791666666666667;0.6682692857730772;0.0005;0;0;0;0.6490290549493605;3
09/02/25 - 19:31 ;		 MultiViewCNN;2;1;10;4;0.6328227942989718;0.7258064516129032;0.6392989581631076;0.6451612903225806;0.85;0.6595781874900863;0.0005;0;0;0;0.6392989581631076;4
09/02/25 - 19:31 ;		 MultiViewCNN;2;1;10;5;0.6224702173663724;0.6774193548387096;0.6297280211602488;0.6451612903225806;0.7958333333333334;0.650623137591135;0.0005;0;0;0;0.6297280211602488;5
09/02/25 - 19:31 ;		 MultiViewCNN;2;1;10;6;0.6143078342560799;0.7903225806451613;0.6068534005072809;0.6774193548387096;0.8083333333333333;0.6374922164659786;0.0005;0;0;0;0.6068534005072809;6
09/02/25 - 19:31 ;		 MultiViewCNN;2;1;10;7;0.6054153692337775;0.6774193548387096;0.5872894640891783;0.6774193548387096;0.8333333333333334;0.6224313907529385;0.0005;0;0;0;0.5872894640891783;7
09/02/25 - 19:31 ;		 MultiViewCNN;2;1;10;8;0.5692414141470387;0.8709677419354839;0.5734114608457012;0.7096774193548387;0.8250000000000001;0.6077254117807672;0.0005;0;0;0;0.5734114608457012;8
09/02/25 - 19:31 ;		 MultiViewCNN;2;1;10;9;0.5425717676839521;0.8387096774193549;0.5683636761480763;0.7741935483870968;0.8208333333333334;0.5959168910909599;0.0005;0;0;0;0.5683636761480763;9
09/02/25 - 19:32 ;		 MultiViewCNN;2;1;10;10;0.5411580320327513;0.7903225806451613;0.5674400118089491;0.7419354838709677;0.875;0.5873738273063567;0.0005;0;0;0;0.5674400118089491;10
09/02/25 - 19:32 ;		 MultiViewCNN;2;1;10;11;0.5034643959614539;0.8064516129032258;0.5809201002120972;0.6774193548387096;0.8916666666666666;0.5854377091780788;0.0005;1;0;0;0.5674400118089491;10
09/02/25 - 19:32 ;		 MultiViewCNN;2;1;10;12;0.4832354534056879;0.8225806451612904;0.5440590535440752;0.7419354838709677;0.8875;0.5730241124878778;0.0005;0;0;0;0.5440590535440752;12
09/02/25 - 19:32 ;		 MultiViewCNN;2;1;10;13;0.45303582183776364;0.8709677419354839;0.6835385618671295;0.5161290322580645;0.9166666666666667;0.6061784473016533;0.0005;1;0;0;0.5440590535440752;12
09/02/25 - 19:32 ;		 MultiViewCNN;2;1;10;14;0.44198533796495004;0.8548387096774194;0.5236010089997323;0.7741935483870968;0.9375;0.581405215811077;0.0005;2;0;0;0.5440590535440752;12
09/02/25 - 19:32 ;		 MultiViewCNN;2;1;10;15;0.4202415568213309;0.8870967741935484;0.519932113347515;0.7741935483870968;0.9333333333333333;0.5629632850720083;0.0005;0;0;0;0.519932113347515;15
09/02/25 - 19:32 ;		 MultiViewCNN;2;1;10;16;0.4099717188266016;0.8709677419354839;0.6162557851883673;0.5806451612903226;0.9208333333333334;0.578951035106916;0.0005;1;0;0;0.519932113347515;15
09/02/25 - 19:33 ;		 MultiViewCNN;2;1;10;17;0.36244878269010977;0.9032258064516129;0.43040359020233154;0.8387096774193549;0.9125;0.5343868016355406;0.0005;0;0;0;0.43040359020233154;17
09/02/25 - 19:33 ;		 MultiViewCNN;2;1;10;18;0.39064875437367347;0.8064516129032258;0.52966506250443;0.7096774193548387;0.9333333333333333;0.5329702798962074;0.0005;1;0;0;0.43040359020233154;17
09/02/25 - 19:33 ;		 MultiViewCNN;2;1;10;19;0.3098814199047704;0.9193548387096774;0.5823820963982613;0.6774193548387096;0.9291666666666667;0.5477938248468235;0.0005;2;0;0;0.43040359020233154;17
09/02/25 - 19:33 ;		 MultiViewCNN;2;1;10;20;0.31526899818451176;0.9354838709677419;0.42409100359485996;0.8064516129032258;0.9291666666666667;0.5106829784712343;0.0005;0;0;0;0.42409100359485996;20
09/02/25 - 19:33 ;		 MultiViewCNN;2;1;10;21;0.27624677554253607;0.9354838709677419;0.4578591921637135;0.7741935483870968;0.9333333333333333;0.49483584257897806;0.0005;0;0;0;0.4578591921637135;21
09/02/25 - 19:33 ;		 MultiViewCNN;2;1;10;22;0.32316860075919857;0.8709677419354839;0.41536635160446167;0.8064516129032258;0.9166666666666667;0.4709949952866231;0.0005;0;0;0;0.41536635160446167;22
09/02/25 - 19:33 ;		 MultiViewCNN;2;1;10;23;0.306351286749686;0.8709677419354839;0.4218510793101403;0.8387096774193549;0.9208333333333334;0.4562518204936783;0.0005;0;0;0;0.4218510793101403;23
09/02/25 - 19:33 ;		 MultiViewCNN;2;1;10;24;0.21547403835481213;0.967741935483871;0.5059773133647057;0.7419354838709677;0.925;0.4711694683549865;0.0005;1;0;0;0.4218510793101403;23
09/02/25 - 19:34 ;		 MultiViewCNN;2;1;10;25;0.3659675630830949;0.8387096774193549;0.6045837344661835;0.6774193548387096;0.9416666666666667;0.5111937481883456;0.0005;2;0;0;0.4218510793101403;23
09/02/25 - 19:34 ;		 MultiViewCNN;2;1;10;26;0.2659887834902733;0.9354838709677419;0.4775964444683444;0.8064516129032258;0.95;0.5011145570723452;0.00025;3;1;0;0.4218510793101403;23
09/02/25 - 19:34 ;		 MultiViewCNN;2;1;10;27;0.17168232750508092;0.9838709677419355;0.35637149887700237;0.8064516129032258;0.95;0.4576916396137424;0.00025;4;0;0;0.4218510793101403;23
09/02/25 - 19:34 ;		 MultiViewCNN;2;1;10;28;0.21092932887615695;0.9354838709677419;0.33886534071737723;0.8387096774193549;0.9500000000000001;0.42204374994483285;0.00025;0;0;0;0.33886534071737723;28
09/02/25 - 19:34 ;		 MultiViewCNN;2;1;10;29;0.22546924025781692;0.9354838709677419;0.38366799969826976;0.8064516129032258;0.9500000000000001;0.4105310248708639;0.00025;0;0;0;0.38366799969826976;29
09/02/25 - 19:34 ;		 MultiViewCNN;2;1;11;0;0.6933042195535475;0.5483870967741935;0.6836551427841187;0.8064516129032258;0.9041666666666667;0.6836551427841187;0.0005;0;0;0;0.6836551427841187;0
09/02/25 - 19:34 ;		 MultiViewCNN;2;1;11;1;0.6798503571941007;0.6612903225806451;0.6742145938258017;0.7096774193548387;0.9166666666666666;0.6808229780966235;0.0005;1;0;0;0.6836551427841187;0
09/02/25 - 19:34 ;		 MultiViewCNN;2;1;11;2;0.6668313472501693;0.6290322580645161;0.6616270311417118;0.7741935483870968;0.9375000000000001;0.6750641940101499;0.0005;0;0;0;0.6616270311417118;2
09/02/25 - 19:35 ;		 MultiViewCNN;2;1;11;3;0.6551121550221597;0.6774193548387096;0.6468331525402684;0.6774193548387096;0.9208333333333334;0.6665948815691854;0.0005;0;0;0;0.6468331525402684;3
09/02/25 - 19:35 ;		 MultiViewCNN;2;1;11;4;0.6592635531579295;0.6774193548387096;0.6344165379001249;0.7419354838709677;0.9166666666666667;0.6569413784684672;0.0005;0;0;0;0.6344165379001249;4
09/02/25 - 19:35 ;		 MultiViewCNN;2;1;11;5;0.6394302556591649;0.6774193548387096;0.624707946854253;0.7419354838709677;0.9125;0.6472713489842029;0.0005;0;0;0;0.624707946854253;5
09/02/25 - 19:35 ;		 MultiViewCNN;2;1;11;6;0.6319286669454267;0.7258064516129032;0.612093735125757;0.8064516129032258;0.9;0.6367180648266692;0.0005;0;0;0;0.612093735125757;6
09/02/25 - 19:35 ;		 MultiViewCNN;2;1;11;7;0.6172832981232674;0.7258064516129032;0.6034913543731936;0.7419354838709677;0.8916666666666666;0.6267500516906265;0.0005;0;0;0;0.6034913543731936;7
09/02/25 - 19:35 ;		 MultiViewCNN;2;1;11;8;0.620815517440919;0.7258064516129032;0.5916362174095646;0.7419354838709677;0.8958333333333333;0.6162159014063079;0.0005;0;0;0;0.5916362174095646;8
09/02/25 - 19:35 ;		 MultiViewCNN;2;1;11;9;0.6056159311725248;0.7258064516129032;0.5760189333269673;0.8064516129032258;0.9083333333333333;0.6041568109825057;0.0005;0;0;0;0.5760189333269673;9
09/02/25 - 19:35 ;		 MultiViewCNN;2;1;11;10;0.5940169518993746;0.8225806451612904;0.5679201733681464;0.8709677419354839;0.9;0.5932858196981979;0.0005;0;0;0;0.5679201733681464;10
09/02/25 - 19:36 ;		 MultiViewCNN;2;1;11;11;0.5767347889561807;0.7741935483870968;0.5573842871573663;0.8064516129032258;0.8916666666666667;0.5825153599359484;0.0005;0;0;0;0.5573842871573663;11
09/02/25 - 19:36 ;		 MultiViewCNN;2;1;11;12;0.5612802986175783;0.7903225806451613;0.549064866958126;0.8064516129032258;0.9125;0.5724802120426017;0.0005;0;0;0;0.549064866958126;12
09/02/25 - 19:36 ;		 MultiViewCNN;2;1;11;13;0.5450308399815713;0.8225806451612904;0.563546649871334;0.8064516129032258;0.9208333333333333;0.5698001433912213;0.0005;1;0;0;0.549064866958126;12
09/02/25 - 19:36 ;		 MultiViewCNN;2;1;11;14;0.5287931619151947;0.8064516129032258;0.5392323424739223;0.8064516129032258;0.9166666666666666;0.5606298031160315;0.0005;0;0;0;0.5392323424739223;14
09/02/25 - 19:36 ;		 MultiViewCNN;2;1;11;15;0.5417081117630005;0.7419354838709677;0.511909487747377;0.8064516129032258;0.9041666666666667;0.5460137085054351;0.0005;0;0;0;0.511909487747377;15
09/02/25 - 19:36 ;		 MultiViewCNN;2;1;11;16;0.5107264066896131;0.8064516129032258;0.5122114804483229;0.8064516129032258;0.9333333333333333;0.5358730400883014;0.0005;0;0;0;0.5122114804483229;16
09/02/25 - 19:36 ;		 MultiViewCNN;2;1;11;17;0.5111609793478443;0.7580645161290323;0.4932729217313951;0.8064516129032258;0.9333333333333333;0.5230930045812294;0.0005;0;0;0;0.4932729217313951;17
09/02/25 - 19:37 ;		 MultiViewCNN;2;1;11;18;0.4485294645832431;0.8709677419354839;0.5871838581177496;0.5806451612903226;0.9541666666666667;0.5423202606421855;0.0005;1;0;0;0.4932729217313951;17
09/02/25 - 19:37 ;		 MultiViewCNN;2;1;11;19;0.4512463981105435;0.8548387096774194;0.48425411216674313;0.7741935483870968;0.9541666666666667;0.5249004160995527;0.0005;2;0;0;0.4932729217313951;17
09/02/25 - 19:37 ;		 MultiViewCNN;2;1;11;20;0.4600694987081712;0.7741935483870968;0.4747375951659295;0.7741935483870968;0.9125;0.5098515698194658;0.0005;0;0;0;0.4747375951659295;20
09/02/25 - 19:37 ;		 MultiViewCNN;2;1;11;21;0.3988331267910619;0.8709677419354839;0.5791102667008677;0.6451612903225806;0.9458333333333333;0.5306291788838863;0.0005;1;0;0;0.4747375951659295;20
09/02/25 - 19:37 ;		 MultiViewCNN;2;1;11;22;0.4172013267394035;0.8225806451612904;0.4469185692648734;0.7741935483870968;0.9416666666666667;0.5055159959981824;0.0005;0;0;0;0.4469185692648734;22
09/02/25 - 19:37 ;		 MultiViewCNN;2;1;11;23;0.40830152457760227;0.9032258064516129;0.44979031239786454;0.7741935483870968;0.9333333333333333;0.488798290918087;0.0005;0;0;0;0.44979031239786454;23
09/02/25 - 19:37 ;		 MultiViewCNN;2;1;11;24;0.4163361903159849;0.8387096774193549;0.6673512074255175;0.5806451612903226;0.9500000000000001;0.5423641658703161;0.0005;1;0;0;0.44979031239786454;23
09/02/25 - 19:37 ;		 MultiViewCNN;2;1;11;25;0.34611086499306465;0.9516129032258065;0.4216965696504039;0.8064516129032258;0.9208333333333334;0.5061638870043424;0.0005;2;0;0;0.44979031239786454;23
09/02/25 - 19:38 ;		 MultiViewCNN;2;1;11;26;0.3301784982604365;0.9354838709677419;0.6066456725520473;0.6451612903225806;0.9333333333333333;0.5363084226686539;0.00025;3;1;0;0.44979031239786454;23
09/02/25 - 19:38 ;		 MultiViewCNN;2;1;11;27;0.29938215017318726;0.9193548387096774;0.43422912974511424;0.8064516129032258;0.9416666666666667;0.505684634791592;0.00025;4;0;0;0.44979031239786454;23
09/02/25 - 19:38 ;		 MultiViewCNN;2;1;11;28;0.32860430209867414;0.9032258064516129;0.4126333104025933;0.8387096774193549;0.9208333333333334;0.47776923747489236;0.00025;0;0;0;0.4126333104025933;28
09/02/25 - 19:38 ;		 MultiViewCNN;2;1;11;29;0.2740566124839167;0.967741935483871;0.3982313284950872;0.8064516129032258;0.9458333333333333;0.4539078647809508;0.00025;0;0;0;0.3982313284950872;29
09/02/25 - 19:38 ;		 MultiViewCNN;2;1;12;0;0.7002902242445177;0.5161290322580645;0.6910209886489376;0.5161290322580645;0.725;0.6910209886489376;0.0005;0;0;0;0.6910209886489376;0
09/02/25 - 19:38 ;		 MultiViewCNN;2;1;12;1;0.6784661892921694;0.5645161290322581;0.6820193029219105;0.5161290322580645;0.8416666666666667;0.6883204829308294;0.0005;1;0;0;0.6910209886489376;0
09/02/25 - 19:38 ;		 MultiViewCNN;2;1;12;2;0.6770582122187461;0.5967741935483871;0.6680258012587025;0.6129032258064516;0.775;0.6822320784291913;0.0005;0;0;0;0.6680258012587025;2
09/02/25 - 19:38 ;		 MultiViewCNN;2;1;12;3;0.6623367340334;0.6129032258064516;0.6558624140677913;0.6451612903225806;0.7791666666666668;0.6743211791207713;0.0005;0;0;0;0.6558624140677913;3
09/02/25 - 19:39 ;		 MultiViewCNN;2;1;12;4;0.6465557083006828;0.7258064516129032;0.6456078906213084;0.6774193548387096;0.7833333333333333;0.6657071925709324;0.0005;0;0;0;0.6456078906213084;4
09/02/25 - 19:39 ;		 MultiViewCNN;2;1;12;5;0.6331171239576032;0.7419354838709677;0.6364603523285158;0.6774193548387096;0.7875;0.6569331404982073;0.0005;0;0;0;0.6364603523285158;5
09/02/25 - 19:39 ;		 MultiViewCNN;2;1;12;6;0.6085630040014943;0.7580645161290323;0.6237738459340988;0.6451612903225806;0.7958333333333334;0.6469853521289747;0.0005;0;0;0;0.6237738459340988;6
09/02/25 - 19:39 ;		 MultiViewCNN;2;1;12;7;0.6117140593067292;0.7096774193548387;0.6121416764874612;0.6129032258064516;0.7875;0.6365322494365206;0.0005;0;0;0;0.6121416764874612;7
09/02/25 - 19:39 ;		 MultiViewCNN;2;1;12;8;0.58922702458597;0.7258064516129032;0.5938836951409617;0.6451612903225806;0.7791666666666666;0.6237376831478529;0.0005;0;0;0;0.5938836951409617;8
09/02/25 - 19:39 ;		 MultiViewCNN;2;1;12;9;0.5702632511815717;0.8064516129032258;0.5811794390601497;0.7096774193548387;0.8208333333333333;0.6109702099215419;0.0005;0;0;0;0.5811794390601497;9
09/02/25 - 19:39 ;		 MultiViewCNN;2;1;12;10;0.5689643602217397;0.7741935483870968;0.5698455139513938;0.7741935483870968;0.8458333333333333;0.5986328011304975;0.0005;0;0;0;0.5698455139513938;10
09/02/25 - 19:40 ;		 MultiViewCNN;2;1;12;11;0.548592500148281;0.7580645161290323;0.5614764103966374;0.7741935483870968;0.8374999999999999;0.5874858839103395;0.0005;0;0;0;0.5614764103966374;11
09/02/25 - 19:40 ;		 MultiViewCNN;2;1;12;12;0.556466817855835;0.7419354838709677;0.5447155189129614;0.6774193548387096;0.8333333333333334;0.5746547744111261;0.0005;0;0;0;0.5447155189129614;12
09/02/25 - 19:40 ;		 MultiViewCNN;2;1;12;13;0.5204381269793357;0.8225806451612904;0.5360737933266547;0.7419354838709677;0.85;0.5630804800857847;0.0005;0;0;0;0.5360737933266547;13
09/02/25 - 19:40 ;		 MultiViewCNN;2;1;12;14;0.4853756043218797;0.8225806451612904;0.5360144309459194;0.7419354838709677;0.8624999999999999;0.554960665343825;0.0005;0;0;0;0.5360144309459194;14
09/02/25 - 19:40 ;		 MultiViewCNN;2;1;12;15;0.5018744016847303;0.8064516129032258;0.5513827743068818;0.7419354838709677;0.8916666666666667;0.5538872980327421;0.0005;1;0;0;0.5360144309459194;14
09/02/25 - 19:40 ;		 MultiViewCNN;2;1;12;16;0.4639319373715308;0.8548387096774194;0.5221155276221614;0.7419354838709677;0.8708333333333333;0.5443557669095678;0.0005;0;0;0;0.5221155276221614;16
09/02/25 - 19:40 ;		 MultiViewCNN;2;1;12;17;0.4567220480211319;0.8870967741935484;0.5043902839383771;0.8064516129032258;0.8708333333333333;0.5323661220182105;0.0005;0;0;0;0.5043902839383771;17
09/02/25 - 19:40 ;		 MultiViewCNN;2;1;12;18;0.4052238522037383;0.8709677419354839;0.5346709268708383;0.7419354838709677;0.9083333333333333;0.5330575634739989;0.0005;1;0;0;0.5043902839383771;17
09/02/25 - 19:41 ;		 MultiViewCNN;2;1;12;19;0.4110034377344193;0.8709677419354839;0.4643856834980749;0.8387096774193549;0.9125;0.5124559994812217;0.0005;0;0;0;0.4643856834980749;19
09/02/25 - 19:41 ;		 MultiViewCNN;2;1;12;20;0.4592904246622516;0.8225806451612904;0.4421122300048028;0.7419354838709677;0.8916666666666666;0.49135286863829597;0.0005;0;0;0;0.4421122300048028;20
09/02/25 - 19:41 ;		 MultiViewCNN;2;1;12;21;0.4200278789766373;0.8548387096774194;0.4574565724019081;0.8064516129032258;0.9083333333333333;0.4811839797673796;0.0005;0;0;0;0.4574565724019081;21
09/02/25 - 19:41 ;		 MultiViewCNN;2;1;12;22;0.44096110424687784;0.8387096774193549;0.4887122425340837;0.7419354838709677;0.9208333333333334;0.48344245859739077;0.0005;1;0;0;0.4574565724019081;21
09/02/25 - 19:41 ;		 MultiViewCNN;2;1;12;23;0.4646991625908882;0.8064516129032258;0.5246714353561401;0.7096774193548387;0.9291666666666667;0.49581115162501554;0.0005;2;0;0;0.4574565724019081;21
09/02/25 - 19:41 ;		 MultiViewCNN;2;1;12;24;0.418598017384929;0.8064516129032258;0.5031589077365014;0.7419354838709677;0.9291666666666667;0.4980154784584613;0.00025;3;1;0;0.4574565724019081;21
09/02/25 - 19:41 ;		 MultiViewCNN;2;1;12;25;0.35627853870391846;0.9193548387096774;0.4570933791898912;0.7741935483870968;0.9375;0.4857388486778902;0.00025;4;0;0;0.4574565724019081;21
09/02/25 - 19:41 ;		 MultiViewCNN;2;1;12;26;0.3370952817701524;0.8548387096774194;0.3962616209060915;0.8387096774193549;0.9208333333333334;0.4588956803463506;0.00025;0;0;0;0.3962616209060915;26
09/02/25 - 19:42 ;		 MultiViewCNN;2;1;12;27;0.32466336219541486;0.9032258064516129;0.3953962181845019;0.8064516129032258;0.925;0.43984584169779595;0.00025;0;0;0;0.3953962181845019;27
09/02/25 - 19:42 ;		 MultiViewCNN;2;1;12;28;0.30733241573456793;0.8870967741935484;0.4273843553758437;0.8387096774193549;0.9333333333333333;0.4361073958012102;0.00025;0;0;0;0.4273843553758437;28
09/02/25 - 19:42 ;		 MultiViewCNN;2;1;12;29;0.33352161319025103;0.8709677419354839;0.39341907635811835;0.8387096774193549;0.9291666666666667;0.42330089996828263;0.00025;0;0;0;0.39341907635811835;29
09/02/25 - 19:42 ;		 MultiViewCNN;2;1;13;0;0.6948246955871582;0.5161290322580645;0.6868754856048092;0.4838709677419355;0.9041666666666667;0.6868754856048092;0.0008;0;0;0;0.6868754856048092;0
09/02/25 - 19:42 ;		 MultiViewCNN;2;1;13;1;0.673132759909476;0.6612903225806451;0.6703507323418895;0.7741935483870968;0.8875000000000001;0.6819180596259332;0.0008;0;0;0;0.6703507323418895;1
09/02/25 - 19:42 ;		 MultiViewCNN;2;1;13;2;0.6577148533636524;0.6612903225806451;0.6523952484130859;0.6129032258064516;0.8416666666666667;0.673061216262079;0.0008;0;0;0;0.6523952484130859;2
09/02/25 - 19:42 ;		 MultiViewCNN;2;1;13;3;0.6641659121359548;0.6612903225806451;0.6342837291379129;0.6451612903225806;0.8166666666666667;0.6614279701248291;0.0008;0;0;0;0.6342837291379129;3
09/02/25 - 19:42 ;		 MultiViewCNN;2;1;13;4;0.6280431439799647;0.6935483870967742;0.6210277561218508;0.6774193548387096;0.8333333333333334;0.6493079059239356;0.0008;0;0;0;0.6210277561218508;4
09/02/25 - 19:43 ;		 MultiViewCNN;2;1;13;5;0.6013916384789252;0.7096774193548387;0.6054549005723768;0.7419354838709677;0.8375;0.636152004318468;0.0008;0;0;0;0.6054549005723768;5
09/02/25 - 19:43 ;		 MultiViewCNN;2;1;13;6;0.620989691826605;0.7580645161290323;0.5943785578973831;0.7741935483870968;0.8375;0.6236199703921426;0.0008;0;0;0;0.5943785578973831;6
09/02/25 - 19:43 ;		 MultiViewCNN;2;1;13;7;0.5610923805544453;0.7419354838709677;0.5783573427507954;0.7096774193548387;0.85;0.6100411820997385;0.0008;0;0;0;0.5783573427507954;7
09/02/25 - 19:43 ;		 MultiViewCNN;2;1;13;8;0.5501329456606219;0.7741935483870968;0.5833303140055749;0.7419354838709677;0.9166666666666667;0.6020279216714893;0.0008;0;0;0;0.5833303140055749;8
09/02/25 - 19:43 ;		 MultiViewCNN;2;1;13;9;0.5523446106141613;0.8064516129032258;0.545344800718369;0.7419354838709677;0.8999999999999999;0.5850229853855532;0.0008;0;0;0;0.545344800718369;9
09/02/25 - 19:43 ;		 MultiViewCNN;2;1;13;10;0.47671309017365976;0.8709677419354839;0.5175809764092968;0.7741935483870968;0.8833333333333333;0.5647903826926762;0.0008;0;0;0;0.5175809764092968;10
09/02/25 - 19:43 ;		 MultiViewCNN;2;1;13;11;0.4853010216066914;0.8225806451612904;0.5348088279847176;0.7741935483870968;0.8875;0.5557959162802886;0.0008;0;0;0;0.5348088279847176;11
09/02/25 - 19:44 ;		 MultiViewCNN;2;1;13;12;0.45745981700958743;0.8387096774193549;0.4772377466001818;0.7741935483870968;0.9041666666666667;0.5322284653762565;0.0008;0;0;0;0.4772377466001818;12
09/02/25 - 19:44 ;		 MultiViewCNN;2;1;13;13;0.3998496340167138;0.9032258064516129;0.45335458651665717;0.8064516129032258;0.9333333333333333;0.5085663017183766;0.0008;0;0;0;0.45335458651665717;13
09/02/25 - 19:44 ;		 MultiViewCNN;2;1;13;14;0.3967427688260232;0.8709677419354839;0.5666496099964264;0.7419354838709677;0.9666666666666667;0.5259912942017915;0.0008;1;0;0;0.45335458651665717;13
09/02/25 - 19:44 ;		 MultiViewCNN;2;1;13;15;0.35755800143364935;0.9193548387096774;0.4084880784634621;0.8387096774193549;0.9333333333333333;0.4907403294802926;0.0008;0;0;0;0.4084880784634621;15
09/02/25 - 19:44 ;		 MultiViewCNN;2;1;13;16;0.40141381371405815;0.8387096774193549;0.40905646643330973;0.8064516129032258;0.9166666666666667;0.4662351705661977;0.0008;0;0;0;0.40905646643330973;16
09/02/25 - 19:44 ;		 MultiViewCNN;2;1;13;17;0.27052484596929244;0.9516129032258065;0.5609970477319532;0.6774193548387096;0.9541666666666667;0.4946637337159243;0.0008;1;0;0;0.40905646643330973;16
09/02/25 - 19:44 ;		 MultiViewCNN;2;1;13;18;0.29072613869943925;0.9354838709677419;0.38255721234506174;0.8064516129032258;0.9333333333333333;0.46103177730466555;0.0008;0;0;0;0.38255721234506174;18
09/02/25 - 19:44 ;		 MultiViewCNN;2;1;13;19;0.35194275840636224;0.8709677419354839;0.5455064542831913;0.7096774193548387;0.9208333333333334;0.4863741803982233;0.0008;1;0;0;0.38255721234506174;18
09/02/25 - 19:45 ;		 MultiViewCNN;2;1;13;20;0.26722402005426343;0.9193548387096774;0.3714703133990688;0.8709677419354839;0.925;0.4519030202984769;0.0008;0;0;0;0.3714703133990688;20
09/02/25 - 19:45 ;		 MultiViewCNN;2;1;13;21;0.324814046582868;0.8548387096774194;0.37233798638466864;0.8064516129032258;0.9416666666666668;0.4280335101243344;0.0008;0;0;0;0.37233798638466864;21
09/02/25 - 19:45 ;		 MultiViewCNN;2;1;13;22;0.32272879731270576;0.8870967741935484;0.6305444259797374;0.5483870967741935;0.9333333333333333;0.4887867848809552;0.0008;1;0;0;0.37233798638466864;21
09/02/25 - 19:45 ;		 MultiViewCNN;2;1;13;23;0.24416908814061072;0.967741935483871;0.3748441675016957;0.9032258064516129;0.9500000000000001;0.45460399966717735;0.0008;2;0;0;0.37233798638466864;21
09/02/25 - 19:45 ;		 MultiViewCNN;2;1;13;24;0.20311840599583042;0.9516129032258065;0.367277798152739;0.8064516129032258;0.9500000000000001;0.4284061392128458;0.0004;3;1;0;0.37233798638466864;21
09/02/25 - 19:45 ;		 MultiViewCNN;2;1;13;25;0.25866980802628303;0.9032258064516129;0.3890533956789201;0.8064516129032258;0.9458333333333334;0.41660031615266807;0.0004;0;0;0;0.3890533956789201;25
09/02/25 - 19:45 ;		 MultiViewCNN;2;1;13;26;0.19302356819952687;0.9838709677419355;0.4057067776879957;0.7741935483870968;0.9583333333333334;0.41333225461326634;0.0004;0;0;0;0.4057067776879957;26
09/02/25 - 19:45 ;		 MultiViewCNN;2;1;13;27;0.22954885036714615;0.9193548387096774;0.37919978653230973;0.8064516129032258;0.9541666666666667;0.40309251418897935;0.0004;0;0;0;0.37919978653230973;27
09/02/25 - 19:46 ;		 MultiViewCNN;2;1;13;28;0.1964323107273348;0.967741935483871;0.3232367168511114;0.7741935483870968;0.9458333333333334;0.3791357749876189;0.0004;0;0;0;0.3232367168511114;28
09/02/25 - 19:46 ;		 MultiViewCNN;2;1;13;29;0.14512730822447809;0.967741935483871;0.44634880846546543;0.7741935483870968;0.9375;0.39929968503097285;0.0004;1;0;0;0.3232367168511114;28
09/02/25 - 19:46 ;		 MultiViewCNN;2;1;14;0;0.6886953865328143;0.5806451612903226;0.678249228385187;0.8064516129032258;0.8541666666666667;0.678249228385187;0.0008;0;0;0;0.678249228385187;0
09/02/25 - 19:46 ;		 MultiViewCNN;2;1;14;1;0.6658039054562969;0.6451612903225806;0.6640913794117589;0.6129032258064516;0.8833333333333333;0.6740018736931586;0.0008;0;0;0;0.6640913794117589;1
09/02/25 - 19:46 ;		 MultiViewCNN;2;1;14;2;0.6514640854251;0.6935483870967742;0.6494954843674937;0.5483870967741935;0.8875;0.666649956895459;0.0008;0;0;0;0.6494954843674937;2
09/02/25 - 19:46 ;		 MultiViewCNN;2;1;14;3;0.6364198057882248;0.7258064516129032;0.6336263860425642;0.6129032258064516;0.8875;0.6567428856395905;0.0008;0;0;0;0.6336263860425642;3
09/02/25 - 19:46 ;		 MultiViewCNN;2;1;14;4;0.6310414210442574;0.7258064516129032;0.6137781354688829;0.7419354838709677;0.9041666666666667;0.6438534605883782;0.0008;0;0;0;0.6137781354688829;4
09/02/25 - 19:47 ;		 MultiViewCNN;2;1;14;5;0.5968305776196141;0.7258064516129032;0.5976056514247772;0.7419354838709677;0.8958333333333334;0.6299791178392978;0.0008;0;0;0;0.5976056514247772;5
09/02/25 - 19:47 ;		 MultiViewCNN;2;1;14;6;0.5768576495109066;0.7419354838709677;0.5742565585720923;0.7419354838709677;0.8875;0.6132623500591361;0.0008;0;0;0;0.5742565585720923;6
09/02/25 - 19:47 ;		 MultiViewCNN;2;1;14;7;0.5781381783946868;0.7096774193548387;0.56155296679466;0.7419354838709677;0.8833333333333333;0.5977495350797932;0.0008;0;0;0;0.56155296679466;7
09/02/25 - 19:47 ;		 MultiViewCNN;2;1;14;8;0.5343471515563226;0.7580645161290323;0.5377868606198218;0.8064516129032258;0.8916666666666667;0.5797607327418017;0.0008;0;0;0;0.5377868606198218;8
09/02/25 - 19:47 ;		 MultiViewCNN;2;1;14;9;0.5296176191299192;0.7903225806451613;0.6198667307053843;0.5806451612903226;0.8916666666666666;0.5917925321308765;0.0008;1;0;0;0.5377868606198218;8
09/02/25 - 19:47 ;		 MultiViewCNN;2;1;14;10;0.5059759443806063;0.8225806451612904;0.5360054546786893;0.7741935483870968;0.9208333333333334;0.5750564088952204;0.0008;0;0;0;0.5360054546786893;10
09/02/25 - 19:47 ;		 MultiViewCNN;2;1;14;11;0.48514683400430986;0.7580645161290323;0.5294724702835083;0.7741935483870968;0.9166666666666666;0.5613812273117067;0.0008;0;0;0;0.5294724702835083;11
09/02/25 - 19:47 ;		 MultiViewCNN;2;1;14;12;0.44112235884512624;0.8387096774193549;0.4813244419713174;0.8064516129032258;0.9083333333333333;0.5373641917095899;0.0008;0;0;0;0.4813244419713174;12
09/02/25 - 19:48 ;		 MultiViewCNN;2;1;14;13;0.47194043378676137;0.7419354838709677;0.5837361774136943;0.6129032258064516;0.9375;0.5512757874208212;0.0008;1;0;0;0.4813244419713174;12
09/02/25 - 19:48 ;		 MultiViewCNN;2;1;14;14;0.41373962740744313;0.8548387096774194;0.4539748959002956;0.8709677419354839;0.9125;0.5220855199646635;0.0008;0;0;0;0.4539748959002956;14
09/02/25 - 19:48 ;		 MultiViewCNN;2;1;14;15;0.3862816220329654;0.8709677419354839;0.440958373969601;0.8064516129032258;0.9041666666666667;0.49774737616614473;0.0008;0;0;0;0.440958373969601;15
09/02/25 - 19:48 ;		 MultiViewCNN;2;1;14;16;0.3583905562277763;0.9032258064516129;0.4078740333357165;0.8064516129032258;0.9375;0.47078537331701625;0.0008;0;0;0;0.4078740333357165;16
09/02/25 - 19:48 ;		 MultiViewCNN;2;1;14;17;0.3190015035290872;0.8870967741935484;0.41688594991160977;0.8064516129032258;0.925;0.4546155462953943;0.0008;0;0;0;0.41688594991160977;17
09/02/25 - 19:48 ;		 MultiViewCNN;2;1;14;18;0.31216519398073994;0.9516129032258065;0.5604501578115648;0.7096774193548387;0.8999999999999999;0.4863659297502454;0.0008;1;0;0;0.41688594991160977;17
09/02/25 - 19:48 ;		 MultiViewCNN;2;1;14;19;0.342702591611493;0.8709677419354839;0.43662308108422065;0.7741935483870968;0.9249999999999999;0.47144307515043793;0.0008;2;0;0;0.41688594991160977;17
09/02/25 - 19:48 ;		 MultiViewCNN;2;1;14;20;0.27568816657989254;0.8548387096774194;0.48471637887339436;0.8064516129032258;0.9333333333333333;0.47542506626732484;0.0004;3;1;0;0.41688594991160977;17
09/02/25 - 19:49 ;		 MultiViewCNN;2;1;14;21;0.27362899241908906;0.8870967741935484;0.518738446697112;0.7419354838709677;0.9416666666666667;0.488419080396261;0.0004;4;0;0;0.41688594991160977;17
09/02/25 - 19:49 ;		 MultiViewCNN;2;1;14;22;0.18435593394021835;0.9516129032258065;0.3701758673114161;0.8064516129032258;0.9208333333333334;0.4529461164708075;0.0004;0;0;0;0.3701758673114161;22
09/02/25 - 19:49 ;		 MultiViewCNN;2;1;14;23;0.20830858378641068;0.9354838709677419;0.3946297062981513;0.8064516129032258;0.9416666666666667;0.4354511934190106;0.0004;0;0;0;0.3946297062981513;23
09/02/25 - 19:49 ;		 MultiViewCNN;2;1;14;24;0.22039606782697863;0.9516129032258065;0.4249152098932574;0.8064516129032258;0.9375;0.43229039836128463;0.0004;0;0;0;0.4249152098932574;24
09/02/25 - 19:49 ;		 MultiViewCNN;2;1;14;25;0.2233884209586728;0.9354838709677419;0.38412785433953806;0.8064516129032258;0.9625;0.41784163515476064;0.0004;0;0;0;0.38412785433953806;25
09/02/25 - 19:49 ;		 MultiViewCNN;2;1;14;26;0.24711652917246665;0.9354838709677419;0.36613758244822103;0.8064516129032258;0.9458333333333334;0.40233041934279873;0.0004;0;0;0;0.36613758244822103;26
09/02/25 - 19:49 ;		 MultiViewCNN;2;1;14;27;0.1713375622226346;0.9354838709677419;0.4089127125278596;0.8064516129032258;0.925;0.4043051072983169;0.0004;1;0;0;0.36613758244822103;26
09/02/25 - 19:50 ;		 MultiViewCNN;2;1;14;28;0.23389708034453854;0.9516129032258065;0.7789825085670717;0.6451612903225806;0.9416666666666667;0.5167083276789433;0.0004;2;0;0;0.36613758244822103;26
09/02/25 - 19:50 ;		 MultiViewCNN;2;1;14;29;0.1412081235358792;0.967741935483871;0.4129790375309606;0.8064516129032258;0.9166666666666666;0.4855895406345484;0.0002;3;1;0;0.36613758244822103;26
09/02/25 - 19:50 ;		 MultiViewCNN;2;1;15;0;0.6936185148454481;0.46774193548387094;0.6856517311065428;0.7419354838709677;0.8458333333333334;0.6856517311065428;0.0008;0;0;0;0.6856517311065428;0
09/02/25 - 19:50 ;		 MultiViewCNN;2;1;15;1;0.668119615124118;0.5806451612903226;0.6643369505482335;0.7096774193548387;0.8833333333333333;0.67925729693905;0.0008;0;0;0;0.6643369505482335;1
09/02/25 - 19:50 ;		 MultiViewCNN;2;1;15;2;0.6580680993295485;0.5967741935483871;0.6408858722256076;0.5483870967741935;0.8291666666666667;0.6677458695250172;0.0008;0;0;0;0.6408858722256076;2
09/02/25 - 19:50 ;		 MultiViewCNN;2;1;15;3;0.6272466105799521;0.6612903225806451;0.6233382359627755;0.5161290322580645;0.825;0.6544235794563447;0.0008;0;0;0;0.6233382359627755;3
09/02/25 - 19:50 ;		 MultiViewCNN;2;1;15;4;0.6115245896001016;0.7096774193548387;0.602283779651888;0.6129032258064516;0.8291666666666666;0.6387816395150075;0.0008;0;0;0;0.602283779651888;4
09/02/25 - 19:50 ;		 MultiViewCNN;2;1;15;5;0.6053058370467155;0.7096774193548387;0.5852831082959329;0.8064516129032258;0.8291666666666666;0.622732080149285;0.0008;0;0;0;0.5852831082959329;5
09/02/25 - 19:51 ;		 MultiViewCNN;2;1;15;6;0.5925396334740424;0.6935483870967742;0.5781051055077584;0.7741935483870968;0.8666666666666668;0.6093439877568271;0.0008;0;0;0;0.5781051055077584;6
09/02/25 - 19:51 ;		 MultiViewCNN;2;1;15;7;0.5621598574423021;0.7580645161290323;0.5944607873116771;0.7096774193548387;0.8958333333333334;0.604879027623282;0.0008;0;0;0;0.5944607873116771;7
09/02/25 - 19:51 ;		 MultiViewCNN;2;1;15;8;0.5362497491221274;0.7903225806451613;0.5602484230072268;0.7741935483870968;0.8625;0.5914898462384655;0.0008;0;0;0;0.5602484230072268;8
09/02/25 - 19:51 ;		 MultiViewCNN;2;1;15;9;0.5263451914633474;0.7741935483870968;0.5267686911167637;0.8064516129032258;0.8791666666666667;0.572073499701955;0.0008;0;0;0;0.5267686911167637;9
09/02/25 - 19:51 ;		 MultiViewCNN;2;1;15;10;0.4871235316799533;0.8548387096774194;0.6547222406633438;0.5806451612903226;0.9166666666666667;0.5968681219903716;0.0008;1;0;0;0.5267686911167637;9
09/02/25 - 19:51 ;		 MultiViewCNN;2;1;15;11;0.44440223324683403;0.9032258064516129;0.5751547140459861;0.7419354838709677;0.9;0.590354099607056;0.0008;2;0;0;0.5267686911167637;9
09/02/25 - 19:51 ;		 MultiViewCNN;2;1;15;12;0.4680053178341158;0.8064516129032258;0.609574439064149;0.6129032258064516;0.9458333333333334;0.5961202014441839;0.0004;3;1;0;0.5267686911167637;9
09/02/25 - 19:51 ;		 MultiViewCNN;2;1;15;13;0.3965742991816613;0.9032258064516129;0.4970782053086065;0.7741935483870968;0.9333333333333333;0.5664076026035106;0.0004;0;0;0;0.4970782053086065;13
09/02/25 - 19:52 ;		 MultiViewCNN;2;1;15;14;0.37960378681459733;0.9032258064516129;0.44030578386399055;0.8709677419354839;0.8916666666666667;0.5285770569816546;0.0004;0;0;0;0.44030578386399055;14
09/02/25 - 19:52 ;		 MultiViewCNN;2;1;15;15;0.3556258370799403;0.8709677419354839;0.462236306359691;0.8064516129032258;0.8666666666666666;0.5086748317950655;0.0004;0;0;0;0.462236306359691;15
09/02/25 - 19:52 ;		 MultiViewCNN;2;1;15;16;0.3558696469952983;0.9032258064516129;0.5280698807008805;0.7741935483870968;0.8708333333333333;0.51449334646681;0.0004;1;0;0;0.462236306359691;15
09/02/25 - 19:52 ;		 MultiViewCNN;2;1;15;17;0.38936372341648223;0.8387096774193549;0.4871817269632893;0.7419354838709677;0.8833333333333333;0.5062998606157538;0.0004;0;0;0;0.4871817269632893;17
09/02/25 - 19:52 ;		 MultiViewCNN;2;1;15;18;0.35791855954354806;0.8870967741935484;0.4387158001622846;0.8064516129032258;0.8875000000000001;0.486024642479713;0.0004;0;0;0;0.4387158001622846;18
09/02/25 - 19:52 ;		 MultiViewCNN;2;1;15;19;0.32832170590277643;0.8870967741935484;0.5236981664934466;0.7741935483870968;0.9208333333333333;0.49732669968383303;0.0004;1;0;0;0.4387158001622846;18
09/02/25 - 19:52 ;		 MultiViewCNN;2;1;15;20;0.31628933068244686;0.9032258064516129;0.514402816372533;0.7741935483870968;0.9333333333333333;0.502449534690443;0.0004;2;0;0;0.4387158001622846;18
09/02/25 - 19:52 ;		 MultiViewCNN;2;1;15;21;0.31263702146468625;0.8870967741935484;0.49220477765606296;0.7741935483870968;0.9249999999999999;0.49937610758012896;0.0002;3;1;0;0.4387158001622846;18
09/02/25 - 19:53 ;		 MultiViewCNN;2;1;15;22;0.22453959382349445;0.9838709677419355;0.39820025044102825;0.8387096774193549;0.9083333333333333;0.4690233504383987;0.0002;0;0;0;0.39820025044102825;22
09/02/25 - 19:53 ;		 MultiViewCNN;2;1;15;23;0.28725181664189986;0.9032258064516129;0.4091295503800915;0.8387096774193549;0.9083333333333333;0.45105521042090657;0.0002;0;0;0;0.4091295503800915;23
09/02/25 - 19:53 ;		 MultiViewCNN;2;1;15;24;0.23725885200885036;0.9516129032258065;0.4142003270887559;0.7741935483870968;0.9083333333333333;0.4399987454212614;0.0002;0;0;0;0.4142003270887559;24
09/02/25 - 19:53 ;		 MultiViewCNN;2;1;15;25;0.2905638227539678;0.9193548387096774;0.47712646953521237;0.7741935483870968;0.9166666666666666;0.4511370626554466;0.0002;1;0;0;0.4142003270887559;24
09/02/25 - 19:53 ;		 MultiViewCNN;2;1;15;26;0.2812733313729686;0.9032258064516129;0.4542532255572657;0.7419354838709677;0.9125;0.4520719115259923;0.0002;2;0;0;0.4142003270887559;24
09/02/25 - 19:53 ;		 MultiViewCNN;2;1;15;27;0.24489876339512487;0.9354838709677419;0.4035631225955102;0.8387096774193549;0.9166666666666666;0.43751927484684766;0.0002;0;0;0;0.4035631225955102;27
09/02/25 - 19:53 ;		 MultiViewCNN;2;1;15;28;0.32375571996934954;0.8870967741935484;0.3896281036638444;0.8709677419354839;0.9125;0.42315192349194664;0.0002;0;0;0;0.3896281036638444;28
09/02/25 - 19:54 ;		 MultiViewCNN;2;1;15;29;0.1922341666875347;0.967741935483871;0.38494346507133975;0.8709677419354839;0.9083333333333333;0.41168938596576454;0.0002;0;0;0;0.38494346507133975;29
09/02/25 - 19:54 ;		 MultiViewCNN;2;1;16;0;0.6999723219102428;0.43548387096774194;0.6885180127236151;0.5806451612903226;0.8166666666666667;0.6885180127236151;0.0008;0;0;0;0.6885180127236151;0
09/02/25 - 19:54 ;		 MultiViewCNN;2;1;16;1;0.6774479727591237;0.5967741935483871;0.6719759568091361;0.6129032258064516;0.8833333333333334;0.6835553959492714;0.0008;0;0;0;0.6719759568091361;1
09/02/25 - 19:54 ;		 MultiViewCNN;2;1;16;2;0.6619364138572447;0.6935483870967742;0.6559570066390499;0.6129032258064516;0.8916666666666667;0.6752758791562049;0.0008;0;0;0;0.6559570066390499;2
09/02/25 - 19:54 ;		 MultiViewCNN;2;1;16;3;0.6448693833043498;0.7419354838709677;0.6357413895668522;0.6774193548387096;0.8833333333333333;0.6634155322793991;0.0008;0;0;0;0.6357413895668522;3
09/02/25 - 19:54 ;		 MultiViewCNN;2;1;16;4;0.6345511117289143;0.7096774193548387;0.6189021833481327;0.6129032258064516;0.8583333333333333;0.6500615276000191;0.0008;0;0;0;0.6189021833481327;4
09/02/25 - 19:54 ;		 MultiViewCNN;2;1;16;5;0.6117646425001083;0.7741935483870968;0.5964120626449585;0.7741935483870968;0.8666666666666667;0.6339666881135009;0.0008;0;0;0;0.5964120626449585;5
09/02/25 - 19:54 ;		 MultiViewCNN;2;1;16;6;0.6074635982513428;0.7096774193548387;0.5798400640487671;0.7741935483870968;0.8791666666666667;0.6177287008940807;0.0008;0;0;0;0.5798400640487671;6
09/02/25 - 19:55 ;		 MultiViewCNN;2;1;16;7;0.5845121087566498;0.7258064516129032;0.5625064661425929;0.7741935483870968;0.8666666666666667;0.6011620304686344;0.0008;0;0;0;0.5625064661425929;7
09/02/25 - 19:55 ;		 MultiViewCNN;2;1;16;8;0.5471807583685844;0.7419354838709677;0.5513239445224885;0.8064516129032258;0.9083333333333333;0.5862106046847906;0.0008;0;0;0;0.5513239445224885;8
09/02/25 - 19:55 ;		 MultiViewCNN;2;1;16;9;0.5491849068672426;0.8064516129032258;0.5717366280094269;0.7741935483870968;0.9166666666666667;0.5818684116821814;0.0008;0;0;0;0.5717366280094269;9
09/02/25 - 19:55 ;		 MultiViewCNN;2;1;16;10;0.525392105502467;0.7903225806451613;0.5220078460631832;0.8387096774193549;0.9083333333333334;0.5639102419964819;0.0008;0;0;0;0.5220078460631832;10
09/02/25 - 19:55 ;		 MultiViewCNN;2;1;16;11;0.46377047896385193;0.8870967741935484;0.5246819526918473;0.7741935483870968;0.9166666666666666;0.5521417552050915;0.0008;0;0;0;0.5246819526918473;11
09/02/25 - 19:55 ;		 MultiViewCNN;2;1;16;12;0.5119864594551825;0.7096774193548387;0.4734784153199965;0.8387096774193549;0.8958333333333334;0.528542753239563;0.0008;0;0;0;0.4734784153199965;12
09/02/25 - 19:55 ;		 MultiViewCNN;2;1;16;13;0.4305175321717416;0.9032258064516129;0.581409131326983;0.6451612903225806;0.9375;0.544402666665789;0.0008;1;0;0;0.4734784153199965;12
09/02/25 - 19:56 ;		 MultiViewCNN;2;1;16;14;0.38501493873134734;0.9032258064516129;0.43366041202698985;0.8064516129032258;0.9125;0.5111799902741492;0.0008;0;0;0;0.43366041202698985;14
09/02/25 - 19:56 ;		 MultiViewCNN;2;1;16;15;0.3655172721032173;0.967741935483871;0.4521518051624298;0.8064516129032258;0.9125;0.4934715347406333;0.0008;0;0;0;0.4521518051624298;15
09/02/25 - 19:56 ;		 MultiViewCNN;2;1;16;16;0.34838188752051324;0.8870967741935484;0.52608081025462;0.7419354838709677;0.8916666666666667;0.5032543173948293;0.0008;1;0;0;0.4521518051624298;15
09/02/25 - 19:56 ;		 MultiViewCNN;2;1;16;17;0.313948227513221;0.967741935483871;0.45560983784737125;0.7741935483870968;0.9208333333333334;0.48896097353059187;0.0008;0;0;0;0.45560983784737125;17
09/02/25 - 19:56 ;		 MultiViewCNN;2;1;16;18;0.3299834353308524;0.8870967741935484;0.37791591353954807;0.8387096774193549;0.9208333333333334;0.4556474555332787;0.0008;0;0;0;0.37791591353954807;18
09/02/25 - 19:56 ;		 MultiViewCNN;2;1;16;19;0.32109267673184794;0.9032258064516129;0.3835430770151077;0.8709677419354839;0.925;0.43401614197782734;0.0008;0;0;0;0.3835430770151077;19
09/02/25 - 19:56 ;		 MultiViewCNN;2;1;16;20;0.2478961492738416;0.9354838709677419;0.6878827675696342;0.6774193548387096;0.9333333333333333;0.5101761296553693;0.0008;1;0;0;0.3835430770151077;19
09/02/25 - 19:56 ;		 MultiViewCNN;2;1;16;21;0.25409878357764215;0.9354838709677419;0.6438992100377237;0.7096774193548387;0.9;0.5502930537700755;0.0008;2;0;0;0.3835430770151077;19
09/02/25 - 19:57 ;		 MultiViewCNN;2;1;16;22;0.23163816525090125;0.9516129032258065;0.5265065546958677;0.7741935483870968;0.9458333333333334;0.5431571040478131;0.0004;3;1;0;0.3835430770151077;19
09/02/25 - 19:57 ;		 MultiViewCNN;2;1;16;23;0.19204539108660915;0.9516129032258065;0.4239503933537391;0.8387096774193549;0.9500000000000001;0.5073950908395909;0.0004;4;0;0;0.3835430770151077;19
09/02/25 - 19:57 ;		 MultiViewCNN;2;1;16;24;0.20436793854159693;0.9032258064516129;0.5549491797724078;0.8064516129032258;0.9083333333333333;0.5216613175194359;0.0004;5;0;1;0.3835430770151077;19
09/02/25 - 19:57 ;		 MultiViewCNN;2;1;17;0;0.6988365650177002;0.532258064516129;0.6808784469481437;0.7096774193548387;0.8125;0.6808784469481437;0.0008;0;0;0;0.6808784469481437;0
09/02/25 - 19:57 ;		 MultiViewCNN;2;1;17;1;0.6690861659665261;0.6290322580645161;0.6688064605959;0.7096774193548387;0.8458333333333333;0.6772568510424706;0.0008;0;0;0;0.6688064605959;1
09/02/25 - 19:57 ;		 MultiViewCNN;2;1;17;2;0.6496256993662927;0.6774193548387096;0.6567306460872773;0.6451612903225806;0.8416666666666667;0.6710989895559125;0.0008;0;0;0;0.6567306460872773;2
09/02/25 - 19:57 ;		 MultiViewCNN;2;1;17;3;0.6491738846225124;0.6935483870967742;0.637982560742286;0.7096774193548387;0.8208333333333333;0.6611640609118246;0.0008;0;0;0;0.637982560742286;3
09/02/25 - 19:57 ;		 MultiViewCNN;2;1;17;4;0.6303085704003611;0.7580645161290323;0.6144424734577056;0.6774193548387096;0.8250000000000001;0.6471475846755889;0.0008;0;0;0;0.6144424734577056;4
09/02/25 - 19:58 ;		 MultiViewCNN;2;1;17;5;0.6194085574919178;0.6774193548387096;0.5949166167166925;0.6774193548387096;0.8375;0.6314782942879199;0.0008;0;0;0;0.5949166167166925;5
09/02/25 - 19:58 ;		 MultiViewCNN;2;1;17;6;0.5775799174462596;0.7580645161290323;0.579868289732164;0.7096774193548387;0.8291666666666666;0.615995292921193;0.0008;0;0;0;0.579868289732164;6
09/02/25 - 19:58 ;		 MultiViewCNN;2;1;17;7;0.547695682894799;0.7580645161290323;0.5662458048712823;0.6451612903225806;0.8166666666666667;0.6010704465062198;0.0008;0;0;0;0.5662458048712823;7
09/02/25 - 19:58 ;		 MultiViewCNN;2;1;17;8;0.5444268603478709;0.7419354838709677;0.535368283910136;0.7419354838709677;0.8708333333333333;0.5813597977273947;0.0008;0;0;0;0.535368283910136;8
09/02/25 - 19:58 ;		 MultiViewCNN;2;1;17;9;0.5300689060841838;0.8387096774193549;0.5655040779421406;0.7096774193548387;0.9083333333333333;0.5766030817918184;0.0008;0;0;0;0.5655040779421406;9
09/02/25 - 19:58 ;		 MultiViewCNN;2;1;17;10;0.487017628646666;0.8387096774193549;0.5296954647187264;0.7741935483870968;0.8958333333333334;0.5625307966698908;0.0008;0;0;0;0.5296954647187264;10
09/02/25 - 19:58 ;		 MultiViewCNN;2;1;17;11;0.4568671968675429;0.8548387096774194;0.5500232615778523;0.7096774193548387;0.9083333333333333;0.5587785361422792;0.0008;0;0;0;0.5500232615778523;11
09/02/25 - 19:59 ;		 MultiViewCNN;2;1;17;12;0.44581503829648417;0.8225806451612904;0.5202226917589864;0.7096774193548387;0.9083333333333334;0.5472117828272913;0.0008;0;0;0;0.5202226917589864;12
09/02/25 - 19:59 ;		 MultiViewCNN;2;1;17;13;0.3984750220852514;0.8225806451612904;0.4333929861745527;0.7741935483870968;0.925;0.5130661438314698;0.0008;0;0;0;0.4333929861745527;13
09/02/25 - 19:59 ;		 MultiViewCNN;2;1;17;14;0.33693995110450253;0.9193548387096774;0.41832775742776934;0.7741935483870968;0.9166666666666667;0.48464462791035956;0.0008;0;0;0;0.41832775742776934;14
09/02/25 - 19:59 ;		 MultiViewCNN;2;1;17;15;0.42335045722223097;0.8387096774193549;0.42650217298538456;0.8064516129032258;0.925;0.46720189143286706;0.0008;0;0;0;0.42650217298538456;15
09/02/25 - 19:59 ;		 MultiViewCNN;2;1;17;16;0.3327031347059434;0.8548387096774194;0.6186483310114953;0.6774193548387096;0.9291666666666667;0.5126358233064555;0.0008;1;0;0;0.42650217298538456;15
09/02/25 - 19:59 ;		 MultiViewCNN;2;1;17;17;0.3506755030924274;0.8709677419354839;0.414032083365225;0.8064516129032258;0.9375;0.48305470132408634;0.0008;2;0;0;0.42650217298538456;15
09/02/25 - 19:59 ;		 MultiViewCNN;2;1;17;18;0.308234985797636;0.9032258064516129;0.6976542280566308;0.6129032258064516;0.9583333333333334;0.5474345593438497;0.0004;3;1;0;0.42650217298538456;15
09/02/25 - 19:59 ;		 MultiViewCNN;2;1;17;19;0.28619882464408875;0.8870967741935484;0.45326765314225226;0.8064516129032258;0.9416666666666667;0.5191844874833704;0.0004;4;0;0;0.42650217298538456;15
09/02/25 - 20:00 ;		 MultiViewCNN;2;1;17;20;0.27407249567970154;0.8870967741935484;0.363234693004239;0.8387096774193549;0.9333333333333333;0.472399549139631;0.0004;5;0;1;0.42650217298538456;15
09/02/25 - 20:00 ;		 MultiViewCNN;2;1;18;0;0.7019897776265298;0.4838709677419355;0.6817808631927736;0.7419354838709677;0.8875;0.6817808631927736;0.0008;0;0;0;0.6817808631927736;0
09/02/25 - 20:00 ;		 MultiViewCNN;2;1;18;1;0.6730948129007893;0.6129032258064516;0.6697566009336903;0.8064516129032258;0.9;0.6781735845150486;0.0008;0;0;0;0.6697566009336903;1
09/02/25 - 20:00 ;		 MultiViewCNN;2;1;18;2;0.6677461708745649;0.6290322580645161;0.6538269750533565;0.6774193548387096;0.9041666666666667;0.670869601676541;0.0008;0;0;0;0.6538269750533565;2
09/02/25 - 20:00 ;		 MultiViewCNN;2;1;18;3;0.6663107449008573;0.5967741935483871;0.6420750714117481;0.5483870967741935;0.8833333333333333;0.6622312425971031;0.0008;0;0;0;0.6420750714117481;3
09/02/25 - 20:00 ;		 MultiViewCNN;2;1;18;4;0.6514824244283861;0.5806451612903226;0.6274756327752145;0.6451612903225806;0.8791666666666667;0.6518045596505365;0.0008;0;0;0;0.6274756327752145;4
09/02/25 - 20:00 ;		 MultiViewCNN;2;1;18;5;0.628366022340713;0.7258064516129032;0.6112863248394381;0.8064516129032258;0.875;0.639649089207207;0.0008;0;0;0;0.6112863248394381;5
09/02/25 - 20:00 ;		 MultiViewCNN;2;1;18;6;0.6151980373167223;0.6774193548387096;0.599541304572936;0.8709677419354839;0.8833333333333333;0.6276167538169256;0.0008;0;0;0;0.599541304572936;6
09/02/25 - 20:01 ;		 MultiViewCNN;2;1;18;7;0.611907793629554;0.7580645161290323;0.5840140638812896;0.8387096774193549;0.8833333333333334;0.6145359468362348;0.0008;0;0;0;0.5840140638812896;7
09/02/25 - 20:01 ;		 MultiViewCNN;2;1;18;8;0.6046919226646423;0.6612903225806451;0.5699442932682652;0.8387096774193549;0.8791666666666667;0.6011584507658438;0.0008;0;0;0;0.5699442932682652;8
09/02/25 - 20:01 ;		 MultiViewCNN;2;1;18;9;0.5679480116213521;0.7096774193548387;0.5570825319136342;0.8387096774193549;0.875;0.587935675110181;0.0008;0;0;0;0.5570825319136342;9
09/02/25 - 20:01 ;		 MultiViewCNN;2;1;18;10;0.5939809045483989;0.7096774193548387;0.5535889171784923;0.8387096774193549;0.9083333333333333;0.5776316477306743;0.0008;0;0;0;0.5535889171784923;10
09/02/25 - 20:01 ;		 MultiViewCNN;2;1;18;11;0.5713023139584449;0.7580645161290323;0.5441246263442501;0.8709677419354839;0.9;0.5675795413147471;0.0008;0;0;0;0.5441246263442501;11
09/02/25 - 20:01 ;		 MultiViewCNN;2;1;18;12;0.5019968267410032;0.7741935483870968;0.5378529717845302;0.8064516129032258;0.9125;0.558661570455682;0.0008;0;0;0;0.5378529717845302;12
09/02/25 - 20:01 ;		 MultiViewCNN;2;1;18;13;0.5558527986849507;0.7258064516129032;0.6974665772530341;0.4838709677419355;0.9166666666666667;0.6003030724948876;0.0008;1;0;0;0.5378529717845302;12
09/02/25 - 20:02 ;		 MultiViewCNN;2;1;18;14;0.5259587687830771;0.8225806451612904;0.5193104936230567;0.8387096774193549;0.8875;0.5760052988333383;0.0008;2;0;0;0.5378529717845302;12
09/02/25 - 20:02 ;		 MultiViewCNN;2;1;18;15;0.48106176430179226;0.7903225806451613;0.49885213663501127;0.8387096774193549;0.9166666666666667;0.5528593501738401;0.0008;0;0;0;0.49885213663501127;15
09/02/25 - 20:02 ;		 MultiViewCNN;2;1;18;16;0.47286033630371094;0.7741935483870968;0.4855397439772083;0.8064516129032258;0.9333333333333333;0.5326634683148506;0.0008;0;0;0;0.4855397439772083;16
09/02/25 - 20:02 ;		 MultiViewCNN;2;1;18;17;0.42199593974697974;0.8387096774193549;0.6477109462984146;0.5806451612903226;0.9208333333333334;0.5671777117099197;0.0008;1;0;0;0.4855397439772083;16
09/02/25 - 20:02 ;		 MultiViewCNN;2;1;18;18;0.3988466397408516;0.8709677419354839;0.46539125327141057;0.7741935483870968;0.9333333333333333;0.5366417741783669;0.0008;2;0;0;0.4855397439772083;16
09/02/25 - 20:02 ;		 MultiViewCNN;2;1;18;19;0.43476973425957466;0.7903225806451613;0.7697749753152171;0.4838709677419355;0.9291666666666667;0.606581734519422;0.0004;3;1;0;0.4855397439772083;16
09/02/25 - 20:02 ;		 MultiViewCNN;2;1;18;20;0.42835025825808126;0.8225806451612904;0.5262445038364779;0.6774193548387096;0.9291666666666667;0.5824805653145387;0.0004;4;0;0;0.4855397439772083;16
09/02/25 - 20:02 ;		 MultiViewCNN;2;1;18;21;0.3181485139554547;0.9354838709677419;0.4255077310146824;0.9032258064516129;0.9375;0.5353887150245819;0.0004;5;0;1;0.4855397439772083;16
09/02/25 - 20:03 ;		 MultiViewCNN;2;2;1;0;0.6966955277227587;0.4838709677419355;0.6922423685750654;0.5483870967741935;0.575;0.6922423685750654;0.0002;0;0;0;0.6922423685750654;0
09/02/25 - 20:03 ;		 MultiViewCNN;2;2;1;1;0.6895534607671923;0.532258064516129;0.686003404278909;0.5161290322580645;0.7958333333333334;0.6903706792862184;0.0002;1;0;0;0.6922423685750654;0
09/02/25 - 20:03 ;		 MultiViewCNN;2;2;1;2;0.6849558603379035;0.5645161290322581;0.6805197673459207;0.5483870967741935;0.8083333333333333;0.6874154057041291;0.0002;0;0;0;0.6805197673459207;2
09/02/25 - 20:03 ;		 MultiViewCNN;2;2;1;3;0.6704741004974611;0.6290322580645161;0.6736309259168564;0.5483870967741935;0.8166666666666667;0.6832800617679472;0.0002;0;0;0;0.6736309259168564;3
09/02/25 - 20:03 ;		 MultiViewCNN;2;2;1;4;0.67737893519863;0.5645161290322581;0.6675711504874691;0.5806451612903226;0.8125;0.6785673883838037;0.0002;0;0;0;0.6675711504874691;4
09/02/25 - 20:03 ;		 MultiViewCNN;2;2;1;5;0.6614046596711681;0.6451612903225806;0.661957206264619;0.6129032258064516;0.8291666666666666;0.6735843337480483;0.0002;0;0;0;0.661957206264619;5
09/02/25 - 20:03 ;		 MultiViewCNN;2;2;1;6;0.655918961571109;0.6935483870967742;0.6574159437610257;0.6129032258064516;0.825;0.6687338167519414;0.0002;0;0;0;0.6574159437610257;6
09/02/25 - 20:03 ;		 MultiViewCNN;2;2;1;7;0.6544012273511579;0.6612903225806451;0.6527920769106957;0.6451612903225806;0.8291666666666666;0.6639512947995677;0.0002;0;0;0;0.6527920769106957;7
09/02/25 - 20:03 ;		 MultiViewCNN;2;2;1;8;0.6508311456249606;0.7258064516129032;0.6477035264815053;0.6774193548387096;0.8583333333333334;0.659076964304149;0.0002;0;0;0;0.6477035264815053;8
09/02/25 - 20:04 ;		 MultiViewCNN;2;2;1;9;0.6535293440664968;0.6935483870967742;0.641634714218878;0.6774193548387096;0.8541666666666667;0.6538442892785676;0.0002;0;0;0;0.641634714218878;9
09/02/25 - 20:04 ;		 MultiViewCNN;2;2;1;10;0.6485751386611692;0.6774193548387096;0.6368509723294166;0.6774193548387096;0.8583333333333334;0.6487462941938222;0.0002;0;0;0;0.6368509723294166;10
09/02/25 - 20:04 ;		 MultiViewCNN;2;2;1;11;0.6396255185527187;0.7258064516129032;0.6312819680859966;0.6774193548387096;0.8583333333333334;0.6435069963614746;0.0002;0;0;0;0.6312819680859966;11
09/02/25 - 20:04 ;		 MultiViewCNN;2;2;1;12;0.642116823504048;0.6935483870967742;0.6256873530726279;0.6774193548387096;0.8583333333333334;0.6381611033748206;0.0002;0;0;0;0.6256873530726279;12
09/02/25 - 20:04 ;		 MultiViewCNN;2;2;1;13;0.6353265893074774;0.7903225806451613;0.6197346006670306;0.7096774193548387;0.8625;0.6326331525624835;0.0002;0;0;0;0.6197346006670306;13
09/02/25 - 20:04 ;		 MultiViewCNN;2;2;1;14;0.6255462823375579;0.7580645161290323;0.6174998821750763;0.6774193548387096;0.8541666666666667;0.6280931714462613;0.0002;0;0;0;0.6174998821750763;14
09/02/25 - 20:04 ;		 MultiViewCNN;2;2;1;15;0.5988712579973282;0.8064516129032258;0.615011457474001;0.6774193548387096;0.8375;0.6241686572545831;0.0002;0;0;0;0.615011457474001;15
09/02/25 - 20:04 ;		 MultiViewCNN;2;2;1;16;0.6102244007971979;0.7096774193548387;0.607311285311176;0.7096774193548387;0.8291666666666666;0.619111445671561;0.0002;0;0;0;0.607311285311176;16
09/02/25 - 20:05 ;		 MultiViewCNN;2;2;1;17;0.5949654194616503;0.7903225806451613;0.6025056377533944;0.7419354838709677;0.825;0.6141297032961109;0.0002;0;0;0;0.6025056377533944;17
09/02/25 - 20:05 ;		 MultiViewCNN;2;2;1;18;0.5893650285659298;0.7419354838709677;0.5973126042273736;0.7096774193548387;0.8375;0.6090845735754897;0.0002;0;0;0;0.5973126042273736;18
09/02/25 - 20:05 ;		 MultiViewCNN;2;2;1;19;0.5896993260229787;0.7580645161290323;0.5861318207556202;0.7741935483870968;0.8333333333333334;0.6021987477295289;0.0002;0;0;0;0.5861318207556202;19
09/02/25 - 20:05 ;		 MultiViewCNN;2;2;1;20;0.5843033579088026;0.7903225806451613;0.5825938140192339;0.8064516129032258;0.8500000000000001;0.5963172676164403;0.0002;0;0;0;0.5825938140192339;20
09/02/25 - 20:05 ;		 MultiViewCNN;2;2;1;21;0.5722031747141192;0.7903225806451613;0.5784200776007867;0.8709677419354839;0.8500000000000001;0.5909481106117442;0.0002;0;0;0;0.5784200776007867;21
09/02/25 - 20:05 ;		 MultiViewCNN;2;2;1;22;0.5583971940702007;0.7741935483870968;0.5774470913794733;0.7419354838709677;0.8500000000000001;0.586897804842063;0.0002;0;0;0;0.5774470913794733;22
09/02/25 - 20:05 ;		 MultiViewCNN;2;2;1;23;0.5677058273746122;0.7096774193548387;0.5638580649129806;0.8387096774193549;0.8541666666666667;0.5799858828633382;0.0002;0;0;0;0.5638580649129806;23
09/02/25 - 20:05 ;		 MultiViewCNN;2;2;1;24;0.5736676887158425;0.8064516129032258;0.558384737660808;0.8387096774193549;0.8500000000000001;0.5735055393025791;0.0002;0;0;0;0.558384737660808;24
09/02/25 - 20:05 ;		 MultiViewCNN;2;2;1;25;0.5816644545524351;0.8064516129032258;0.5605716570731132;0.8709677419354839;0.8458333333333334;0.5696253746337393;0.0002;0;0;0;0.5605716570731132;25
09/02/25 - 20:06 ;		 MultiViewCNN;2;2;1;26;0.5339337145128558;0.8387096774193549;0.5565304621573417;0.8387096774193549;0.8458333333333334;0.56569690089082;0.0002;0;0;0;0.5565304621573417;26
09/02/25 - 20:06 ;		 MultiViewCNN;2;2;1;27;0.5227850387173314;0.8548387096774194;0.5409994529139611;0.8709677419354839;0.8625;0.5582876664977623;0.0002;0;0;0;0.5409994529139611;27
09/02/25 - 20:06 ;		 MultiViewCNN;2;2;1;28;0.5400662998999318;0.8225806451612904;0.5404254621075045;0.8709677419354839;0.8625;0.5529290051806849;0.0002;0;0;0;0.5404254621075045;28
09/02/25 - 20:06 ;		 MultiViewCNN;2;2;1;29;0.5216515160376026;0.8548387096774194;0.5307091013077767;0.8709677419354839;0.8541666666666667;0.5462630340188124;0.0002;0;0;0;0.5307091013077767;29
09/02/25 - 20:06 ;		 MultiViewCNN;2;2;2;0;0.6990464983447906;0.46774193548387094;0.6853247746344535;0.6774193548387096;0.8166666666666667;0.6853247746344535;0.0002;0;0;0;0.6853247746344535;0
09/02/25 - 20:06 ;		 MultiViewCNN;2;2;2;1;0.6856792972933862;0.5967741935483871;0.6820588534878146;0.8064516129032258;0.8416666666666667;0.6843449982904618;0.0002;1;0;0;0.6853247746344535;0
09/02/25 - 20:06 ;		 MultiViewCNN;2;2;2;2;0.6775390044335396;0.6774193548387096;0.6747419045817468;0.7419354838709677;0.8500000000000001;0.6814640701778473;0.0002;0;0;0;0.6747419045817468;2
09/02/25 - 20:06 ;		 MultiViewCNN;2;2;2;3;0.6725554235519902;0.6774193548387096;0.6665633974536773;0.6774193548387096;0.8541666666666666;0.6769938683605963;0.0002;0;0;0;0.6665633974536773;3
09/02/25 - 20:06 ;		 MultiViewCNN;2;2;2;4;0.6566363784574694;0.7419354838709677;0.6599929755733859;0.6451612903225806;0.85;0.6718936005244331;0.0002;0;0;0;0.6599929755733859;4
09/02/25 - 20:07 ;		 MultiViewCNN;2;2;2;5;0.6608252409965761;0.7258064516129032;0.653833185472796;0.6451612903225806;0.8541666666666667;0.666475476008942;0.0002;0;0;0;0.653833185472796;5
09/02/25 - 20:07 ;		 MultiViewCNN;2;2;2;6;0.6546987814287986;0.7096774193548387;0.6489877893078712;0.6451612903225806;0.8583333333333333;0.6612291699986207;0.0002;0;0;0;0.6489877893078712;6
09/02/25 - 20:07 ;		 MultiViewCNN;2;2;2;7;0.6436984962032687;0.6935483870967742;0.6433978023067597;0.6451612903225806;0.8458333333333333;0.6558797596910624;0.0002;0;0;0;0.6433978023067597;7
09/02/25 - 20:07 ;		 MultiViewCNN;2;2;2;8;0.6402462951598629;0.7419354838709677;0.6395279918947527;0.6451612903225806;0.8458333333333333;0.6509742293521694;0.0002;0;0;0;0.6395279918947527;8
09/02/25 - 20:07 ;		 MultiViewCNN;2;2;2;9;0.6362107511489622;0.7580645161290323;0.634232178811104;0.6451612903225806;0.8541666666666666;0.6459516141898498;0.0002;0;0;0;0.634232178811104;9
09/02/25 - 20:07 ;		 MultiViewCNN;2;2;2;10;0.6337393406898745;0.7419354838709677;0.6316190573476976;0.6451612903225806;0.8416666666666667;0.6416518471372041;0.0002;0;0;0;0.6316190573476976;10
09/02/25 - 20:07 ;		 MultiViewCNN;2;2;2;11;0.6100371960670717;0.7580645161290323;0.6303553158237089;0.6451612903225806;0.8375;0.6382628877431555;0.0002;0;0;0;0.6303553158237089;11
09/02/25 - 20:07 ;		 MultiViewCNN;2;2;2;12;0.6229863051445254;0.7419354838709677;0.6218401251300689;0.6774193548387096;0.85;0.6333360589592295;0.0002;0;0;0;0.6218401251300689;12
09/02/25 - 20:07 ;		 MultiViewCNN;2;2;2;13;0.607863030126018;0.8064516129032258;0.6188901893554195;0.6774193548387096;0.8541666666666667;0.6290022980780865;0.0002;0;0;0;0.6188901893554195;13
09/02/25 - 20:08 ;		 MultiViewCNN;2;2;2;14;0.6043295398835213;0.8064516129032258;0.6114185433233937;0.6774193548387096;0.8541666666666667;0.6237271716516786;0.0002;0;0;0;0.6114185433233937;14
09/02/25 - 20:08 ;		 MultiViewCNN;2;2;2;15;0.592774014319143;0.8225806451612904;0.6062008988472724;0.7096774193548387;0.8541666666666666;0.6184692898103566;0.0002;0;0;0;0.6062008988472724;15
09/02/25 - 20:08 ;		 MultiViewCNN;2;2;2;16;0.5894893638549312;0.7741935483870968;0.6015459029905258;0.7096774193548387;0.8583333333333334;0.6133922737644074;0.0002;0;0;0;0.6015459029905258;16
09/02/25 - 20:08 ;		 MultiViewCNN;2;2;2;17;0.5844381163197179;0.8225806451612904;0.5982786666962409;0.7096774193548387;0.8541666666666667;0.6088581916439575;0.0002;0;0;0;0.5982786666962409;17
09/02/25 - 20:08 ;		 MultiViewCNN;2;2;2;18;0.573639565898526;0.8064516129032258;0.5950456665408227;0.7096774193548387;0.8583333333333334;0.6047144341130171;0.0002;0;0;0;0.5950456665408227;18
09/02/25 - 20:08 ;		 MultiViewCNN;2;2;2;19;0.5702142792363321;0.7903225806451613;0.587110004117412;0.7096774193548387;0.8666666666666667;0.5994331051143356;0.0002;0;0;0;0.587110004117412;19
09/02/25 - 20:08 ;		 MultiViewCNN;2;2;2;20;0.564939615226561;0.7903225806451613;0.5825967961742032;0.7096774193548387;0.8708333333333333;0.5943822124322958;0.0002;0;0;0;0.5825967961742032;20
09/02/25 - 20:08 ;		 MultiViewCNN;2;2;2;21;0.5833526253700256;0.6774193548387096;0.5745204379481654;0.7096774193548387;0.8708333333333333;0.5884236800870567;0.0002;0;0;0;0.5745204379481654;21
09/02/25 - 20:08 ;		 MultiViewCNN;2;2;2;22;0.5282534226294486;0.8870967741935484;0.5713538508261403;0.7419354838709677;0.8708333333333333;0.5833027313087817;0.0002;0;0;0;0.5713538508261403;22
09/02/25 - 20:09 ;		 MultiViewCNN;2;2;2;23;0.5498870120894525;0.8064516129032258;0.5627061859253915;0.7419354838709677;0.875;0.5771237676937646;0.0002;0;0;0;0.5627061859253915;23
09/02/25 - 20:09 ;		 MultiViewCNN;2;2;2;24;0.5374238068057645;0.7903225806451613;0.5600769289078251;0.7419354838709677;0.875;0.5720097160579828;0.0002;0;0;0;0.5600769289078251;24
09/02/25 - 20:09 ;		 MultiViewCNN;2;2;2;25;0.5538098235284129;0.8064516129032258;0.5550513555926662;0.7419354838709677;0.8791666666666667;0.5669222079183878;0.0002;0;0;0;0.5550513555926662;25
09/02/25 - 20:09 ;		 MultiViewCNN;2;2;2;26;0.5101379944432166;0.8387096774193549;0.5507400266585811;0.6774193548387096;0.875;0.5620675535404458;0.0002;0;0;0;0.5507400266585811;26
09/02/25 - 20:09 ;		 MultiViewCNN;2;2;2;27;0.5037590803638581;0.9032258064516129;0.5450202803457936;0.7419354838709677;0.8833333333333333;0.5569533715820502;0.0002;0;0;0;0.5450202803457936;27
09/02/25 - 20:09 ;		 MultiViewCNN;2;2;2;28;0.4857724174376457;0.8709677419354839;0.5552079216126473;0.7096774193548387;0.875;0.5564297365912293;0.0002;1;0;0;0.5450202803457936;27
09/02/25 - 20:09 ;		 MultiViewCNN;2;2;2;29;0.49375524251691755;0.8548387096774194;0.5590976169032436;0.7096774193548387;0.8625;0.5572301006848335;0.0002;2;0;0;0.5450202803457936;27
09/02/25 - 20:09 ;		 MultiViewCNN;2;2;3;0;0.695908123447049;0.45161290322580644;0.6919175540247271;0.4838709677419355;0.7833333333333333;0.6919175540247271;0.0002;0;0;0;0.6919175540247271;0
09/02/25 - 20:09 ;		 MultiViewCNN;2;2;3;1;0.6901802132206578;0.5161290322580645;0.6883891051815402;0.5161290322580645;0.8416666666666666;0.690859019371771;0.0002;1;0;0;0.6919175540247271;0
09/02/25 - 20:10 ;		 MultiViewCNN;2;2;3;2;0.6872835793802815;0.5806451612903226;0.6798493266105652;0.8064516129032258;0.8250000000000001;0.6875561115434092;0.0002;0;0;0;0.6798493266105652;2
09/02/25 - 20:10 ;		 MultiViewCNN;2;2;3;3;0.6784192439048521;0.5967741935483871;0.670290881587613;0.6774193548387096;0.8083333333333333;0.6823765425566704;0.0002;0;0;0;0.670290881587613;3
09/02/25 - 20:10 ;		 MultiViewCNN;2;2;3;4;0.6519758624415244;0.7096774193548387;0.6625239329953347;0.6129032258064516;0.8041666666666667;0.6764207596882696;0.0002;0;0;0;0.6625239329953347;4
09/02/25 - 20:10 ;		 MultiViewCNN;2;2;3;5;0.666717287032835;0.6290322580645161;0.6560855257895685;0.6129032258064516;0.8;0.6703201895186592;0.0002;0;0;0;0.6560855257895685;5
09/02/25 - 20:10 ;		 MultiViewCNN;2;2;3;6;0.6506052670940277;0.7258064516129032;0.6512344479560852;0.6129032258064516;0.8;0.664594467049887;0.0002;0;0;0;0.6512344479560852;6
09/02/25 - 20:10 ;		 MultiViewCNN;2;2;3;7;0.6528965311665689;0.6612903225806451;0.6439729467515023;0.6451612903225806;0.8083333333333333;0.6584080109603716;0.0002;0;0;0;0.6439729467515023;7
09/02/25 - 20:10 ;		 MultiViewCNN;2;2;3;8;0.6451474639677233;0.6612903225806451;0.6382824182510376;0.6774193548387096;0.8125;0.6523703331475714;0.0002;0;0;0;0.6382824182510376;8
09/02/25 - 20:10 ;		 MultiViewCNN;2;2;3;9;0.6275460104788503;0.7741935483870968;0.6355001657239853;0.6774193548387096;0.8208333333333333;0.6473092829204956;0.0002;0;0;0;0.6355001657239853;9
09/02/25 - 20:10 ;		 MultiViewCNN;2;2;3;10;0.6374037361914112;0.7258064516129032;0.6324550932453524;0.6774193548387096;0.825;0.6428530260179526;0.0002;0;0;0;0.6324550932453524;10
09/02/25 - 20:11 ;		 MultiViewCNN;2;2;3;11;0.6210802139774445;0.7580645161290323;0.6276626586914062;0.6774193548387096;0.8208333333333333;0.6382959158199887;0.0002;0;0;0;0.6276626586914062;11
09/02/25 - 20:11 ;		 MultiViewCNN;2;2;3;12;0.6122183376742948;0.7741935483870968;0.6205026834241806;0.7096774193548387;0.8208333333333333;0.6329579461012462;0.0002;0;0;0;0.6205026834241806;12
09/02/25 - 20:11 ;		 MultiViewCNN;2;2;3;13;0.6193493027840892;0.7419354838709677;0.6119588786555875;0.7096774193548387;0.8291666666666666;0.6266582258675486;0.0002;0;0;0;0.6119588786555875;13
09/02/25 - 20:11 ;		 MultiViewCNN;2;2;3;14;0.6259706481810539;0.6612903225806451;0.6034913293776973;0.7419354838709677;0.8291666666666666;0.6197081569205932;0.0002;0;0;0;0.6034913293776973;14
09/02/25 - 20:11 ;		 MultiViewCNN;2;2;3;15;0.5894534857042374;0.8225806451612904;0.6003443291110377;0.7419354838709677;0.8375;0.6138990085777265;0.0002;0;0;0;0.6003443291110377;15
09/02/25 - 20:11 ;		 MultiViewCNN;2;2;3;16;0.587734987658839;0.8225806451612904;0.5965589400260679;0.7419354838709677;0.8375;0.6086969880122288;0.0002;0;0;0;0.5965589400260679;16
09/02/25 - 20:11 ;		 MultiViewCNN;2;2;3;17;0.6014646291732788;0.7419354838709677;0.5917289314731475;0.7419354838709677;0.8416666666666667;0.6036065710505044;0.0002;0;0;0;0.5917289314731475;17
09/02/25 - 20:11 ;		 MultiViewCNN;2;2;3;18;0.5842775241021188;0.8064516129032258;0.5850739940520255;0.7419354838709677;0.8416666666666667;0.5980467979509607;0.0002;0;0;0;0.5850739940520255;18
09/02/25 - 20:11 ;		 MultiViewCNN;2;2;3;19;0.5896300038983745;0.7741935483870968;0.5809601833743434;0.7419354838709677;0.8458333333333334;0.5929208135779755;0.0002;0;0;0;0.5809601833743434;19
09/02/25 - 20:12 ;		 MultiViewCNN;2;2;3;20;0.5817983265846006;0.7903225806451613;0.5749144150364783;0.7419354838709677;0.8458333333333334;0.5875188940155264;0.0002;0;0;0;0.5749144150364783;20
09/02/25 - 20:12 ;		 MultiViewCNN;2;2;3;21;0.5556957683255596;0.7903225806451613;0.5723366602774589;0.7419354838709677;0.8458333333333334;0.5829642238941061;0.0002;0;0;0;0.5723366602774589;21
09/02/25 - 20:12 ;		 MultiViewCNN;2;2;3;22;0.5615027277700363;0.7580645161290323;0.5618594192689464;0.8064516129032258;0.8541666666666667;0.5766327825065581;0.0002;0;0;0;0.5618594192689464;22
09/02/25 - 20:12 ;		 MultiViewCNN;2;2;3;23;0.5583524934707149;0.7741935483870968;0.5560260049758419;0.8064516129032258;0.8625;0.5704507492473433;0.0002;0;0;0;0.5560260049758419;23
09/02/25 - 20:12 ;		 MultiViewCNN;2;2;3;24;0.5528141298601704;0.7741935483870968;0.5519069394757671;0.8064516129032258;0.8666666666666667;0.5648876063158704;0.0002;0;0;0;0.5519069394757671;24
09/02/25 - 20:12 ;		 MultiViewCNN;2;2;3;25;0.521142175120692;0.8709677419354839;0.5483320470779173;0.8064516129032258;0.8708333333333333;0.5599209385444844;0.0002;0;0;0;0.5483320470779173;25
09/02/25 - 20:12 ;		 MultiViewCNN;2;2;3;26;0.5303249609085822;0.8387096774193549;0.5583096492675043;0.7419354838709677;0.8666666666666667;0.5594375517613903;0.0002;1;0;0;0.5483320470779173;25
09/02/25 - 20:12 ;		 MultiViewCNN;2;2;3;27;0.5056455981346869;0.8225806451612904;0.5421362903810316;0.7741935483870968;0.8583333333333334;0.5542471733472827;0.0002;0;0;0;0.5421362903810316;27
09/02/25 - 20:12 ;		 MultiViewCNN;2;2;3;28;0.5272033887524759;0.7419354838709677;0.5241952692308733;0.8709677419354839;0.8791666666666668;0.5452316021123599;0.0002;0;0;0;0.5241952692308733;28
09/02/25 - 20:13 ;		 MultiViewCNN;2;2;3;29;0.480461920461347;0.9032258064516129;0.528763274992666;0.8387096774193549;0.8791666666666668;0.5402911039764517;0.0002;0;0;0;0.528763274992666;29
09/02/25 - 20:13 ;		 MultiViewCNN;2;2;4;0;0.6995728246627315;0.46774193548387094;0.6936441602245453;0.4838709677419355;0.7375;0.6936441602245453;0.0002;0;0;0;0.6936441602245453;0
09/02/25 - 20:13 ;		 MultiViewCNN;2;2;4;1;0.6977546695739992;0.5;0.6885513432564274;0.4838709677419355;0.8875;0.6921163151341099;0.0002;1;0;0;0.6936441602245453;0
09/02/25 - 20:13 ;		 MultiViewCNN;2;2;4;2;0.680460226151251;0.5967741935483871;0.6799385797592902;0.6129032258064516;0.9000000000000001;0.6884629945216639;0.0002;0;0;0;0.6799385797592902;2
09/02/25 - 20:13 ;		 MultiViewCNN;2;2;4;3;0.664373145949456;0.7419354838709677;0.6707541865687217;0.7096774193548387;0.8583333333333334;0.6831503521357812;0.0002;0;0;0;0.6707541865687217;3
09/02/25 - 20:13 ;		 MultiViewCNN;2;2;4;4;0.6673656759723541;0.7258064516129032;0.6633388034759029;0.6451612903225806;0.8208333333333333;0.6772068875378177;0.0002;0;0;0;0.6633388034759029;4
09/02/25 - 20:13 ;		 MultiViewCNN;2;2;4;5;0.6505028047869282;0.6774193548387096;0.6566537137954466;0.6129032258064516;0.8166666666666667;0.6710409354151063;0.0002;0;0;0;0.6566537137954466;5
09/02/25 - 20:13 ;		 MultiViewCNN;2;2;4;6;0.6684549893102338;0.6129032258064516;0.6499695643301933;0.6451612903225806;0.8291666666666666;0.6647195240896324;0.0002;0;0;0;0.6499695643301933;6
09/02/25 - 20:14 ;		 MultiViewCNN;2;2;4;7;0.6550132709164773;0.6935483870967742;0.6477066663003737;0.6129032258064516;0.825;0.6596156667528548;0.0002;0;0;0;0.6477066663003737;7
09/02/25 - 20:14 ;		 MultiViewCNN;2;2;4;8;0.6647496992541898;0.6290322580645161;0.641896257477422;0.6451612903225806;0.825;0.6542998439702249;0.0002;0;0;0;0.641896257477422;8
09/02/25 - 20:14 ;		 MultiViewCNN;2;2;4;9;0.6505712636055485;0.7258064516129032;0.6342352455662142;0.7419354838709677;0.8541666666666667;0.6482804644490217;0.0002;0;0;0;0.6342352455662142;9
09/02/25 - 20:14 ;		 MultiViewCNN;2;2;4;10;0.6327626878215421;0.8387096774193549;0.6274370589563923;0.7419354838709677;0.8541666666666667;0.6420274428012328;0.0002;0;0;0;0.6274370589563923;10
09/02/25 - 20:14 ;		 MultiViewCNN;2;2;4;11;0.6302677066095413;0.7419354838709677;0.6220666477757115;0.7419354838709677;0.8583333333333335;0.6360392042935764;0.0002;0;0;0;0.6220666477757115;11
09/02/25 - 20:14 ;		 MultiViewCNN;2;2;4;12;0.6289993524551392;0.7096774193548387;0.6200260500754079;0.7419354838709677;0.85;0.6312352580281257;0.0002;0;0;0;0.6200260500754079;12
09/02/25 - 20:14 ;		 MultiViewCNN;2;2;4;13;0.6157039538506539;0.7096774193548387;0.6146292301916307;0.7419354838709677;0.8541666666666667;0.6262534496771772;0.0002;0;0;0;0.6146292301916307;13
09/02/25 - 20:14 ;		 MultiViewCNN;2;2;4;14;0.615301089902078;0.7419354838709677;0.6081381151753087;0.7419354838709677;0.8583333333333334;0.6208188493266167;0.0002;0;0;0;0.6081381151753087;14
09/02/25 - 20:14 ;		 MultiViewCNN;2;2;4;15;0.6142373488795373;0.7258064516129032;0.602119622691985;0.7741935483870968;0.8666666666666667;0.6152090813362272;0.0002;0;0;0;0.602119622691985;15
09/02/25 - 20:14 ;		 MultiViewCNN;2;2;4;16;0.6142033723092848;0.7258064516129032;0.601534076275364;0.7419354838709677;0.8458333333333333;0.6111065798179682;0.0002;0;0;0;0.601534076275364;16
09/02/25 - 20:15 ;		 MultiViewCNN;2;2;4;17;0.5860696992566509;0.7903225806451613;0.5913809422523745;0.7419354838709677;0.8750000000000001;0.6051888885482901;0.0002;0;0;0;0.5913809422523745;17
09/02/25 - 20:15 ;		 MultiViewCNN;2;2;4;18;0.6029390212028257;0.6774193548387096;0.5783955589417489;0.8064516129032258;0.8833333333333334;0.5971508896663278;0.0002;0;0;0;0.5783955589417489;18
09/02/25 - 20:15 ;		 MultiViewCNN;2;2;4;19;0.573279034706854;0.7741935483870968;0.5764357601442645;0.7741935483870968;0.8791666666666668;0.5909363508097087;0.0002;0;0;0;0.5764357601442645;19
09/02/25 - 20:15 ;		 MultiViewCNN;2;2;4;20;0.5906639502894494;0.7580645161290323;0.5692020404723382;0.8064516129032258;0.8833333333333334;0.5844160577084976;0.0002;0;0;0;0.5692020404723382;20
09/02/25 - 20:15 ;		 MultiViewCNN;2;2;4;21;0.569658080416341;0.7096774193548387;0.5624443638709283;0.8064516129032258;0.9000000000000001;0.5778245495572267;0.0002;0;0;0;0.5624443638709283;21
09/02/25 - 20:15 ;		 MultiViewCNN;2;2;4;22;0.5591815306294349;0.8064516129032258;0.5541822343103348;0.8387096774193549;0.9041666666666668;0.570731854983159;0.0002;0;0;0;0.5541822343103348;22
09/02/25 - 20:15 ;		 MultiViewCNN;2;2;4;23;0.5595340959487423;0.8225806451612904;0.5465425810506267;0.8387096774193549;0.9166666666666667;0.5634750728033993;0.0002;0;0;0;0.5465425810506267;23
09/02/25 - 20:15 ;		 MultiViewCNN;2;2;4;24;0.537739215358611;0.8387096774193549;0.545573886363737;0.8064516129032258;0.9083333333333334;0.5581047168715005;0.0002;0;0;0;0.545573886363737;24
09/02/25 - 20:15 ;		 MultiViewCNN;2;2;4;25;0.5423309783781728;0.8064516129032258;0.5364234409024639;0.8387096774193549;0.9083333333333334;0.5516003340807895;0.0002;0;0;0;0.5364234409024639;25
09/02/25 - 20:16 ;		 MultiViewCNN;2;2;4;26;0.5686580173430904;0.7419354838709677;0.5239781477758961;0.8064516129032258;0.9125000000000001;0.5433136781893214;0.0002;0;0;0;0.5239781477758961;26
09/02/25 - 20:16 ;		 MultiViewCNN;2;2;4;27;0.49174644677869733;0.8870967741935484;0.5291927735651692;0.8064516129032258;0.9125000000000001;0.5390774068020757;0.0002;0;0;0;0.5291927735651692;27
09/02/25 - 20:16 ;		 MultiViewCNN;2;2;4;28;0.5296492422780683;0.7903225806451613;0.5225718127142999;0.7741935483870968;0.9208333333333334;0.5341257285757429;0.0002;0;0;0;0.5225718127142999;28
09/02/25 - 20:16 ;		 MultiViewCNN;2;2;4;29;0.48837835173453054;0.8225806451612904;0.505926888796591;0.8387096774193549;0.9333333333333333;0.5256660766419973;0.0002;0;0;0;0.505926888796591;29
09/02/25 - 20:32 ;		 MultiViewCNN;2;2;5;0;0.6874597649420461;0.532258064516129;0.6875236399712101;0.5806451612903226;0.7375;0.6875236399712101;0.0002;0;0;0;0.6875236399712101;0
09/02/25 - 20:32 ;		 MultiViewCNN;2;2;5;1;0.6857865971903647;0.5161290322580645;0.6817403416479787;0.5806451612903226;0.8458333333333334;0.6857886504742406;0.0002;1;0;0;0.6875236399712101;0
09/02/25 - 20:32 ;		 MultiViewCNN;2;2;5;2;0.6762683276207216;0.6935483870967742;0.6738226932864035;0.5806451612903226;0.8666666666666667;0.6821988633178895;0.0002;0;0;0;0.6738226932864035;2
09/02/25 - 20:32 ;		 MultiViewCNN;2;2;5;3;0.6692992717989029;0.6129032258064516;0.6657872296148731;0.6451612903225806;0.8666666666666667;0.6772753732069845;0.0002;0;0;0;0.6657872296148731;3
09/02/25 - 20:32 ;		 MultiViewCNN;2;2;5;4;0.6688870537665582;0.5806451612903226;0.6589843419290358;0.6129032258064516;0.8583333333333333;0.6717880638235999;0.0002;0;0;0;0.6589843419290358;4
09/02/25 - 20:32 ;		 MultiViewCNN;2;2;5;5;0.6519487307917687;0.7258064516129032;0.6527126566056283;0.6451612903225806;0.8583333333333334;0.6660654416582084;0.0002;0;0;0;0.6527126566056283;5
09/02/25 - 20:32 ;		 MultiViewCNN;2;2;5;6;0.6490064090298068;0.6774193548387096;0.6476809247847526;0.6451612903225806;0.8541666666666666;0.6605500865961715;0.0002;0;0;0;0.6476809247847526;6
09/02/25 - 20:32 ;		 MultiViewCNN;2;2;5;7;0.6526397697387203;0.6129032258064516;0.6422064785034426;0.6451612903225806;0.8541666666666666;0.6550470041683528;0.0002;0;0;0;0.6422064785034426;7
09/02/25 - 20:33 ;		 MultiViewCNN;2;2;5;8;0.6394536610572569;0.8064516129032258;0.6362238353298556;0.6774193548387096;0.85;0.6494000535168036;0.0002;0;0;0;0.6362238353298556;8
09/02/25 - 20:33 ;		 MultiViewCNN;2;2;5;9;0.6280270084258048;0.7741935483870968;0.6306813878397788;0.6774193548387096;0.85;0.6437844538136961;0.0002;0;0;0;0.6306813878397788;9
09/02/25 - 20:33 ;		 MultiViewCNN;2;2;5;10;0.6275026298338368;0.8387096774193549;0.6236351574620893;0.7096774193548387;0.85;0.637739664908214;0.0002;0;0;0;0.6236351574620893;10
09/02/25 - 20:33 ;		 MultiViewCNN;2;2;5;11;0.6240641186314244;0.7741935483870968;0.6206722586385666;0.6774193548387096;0.85;0.6326194430273198;0.0002;0;0;0;0.6206722586385666;11
09/02/25 - 20:33 ;		 MultiViewCNN;2;2;5;12;0.6375838537370005;0.6774193548387096;0.614742882790104;0.7096774193548387;0.8541666666666666;0.627256474956155;0.0002;0;0;0;0.614742882790104;12
09/02/25 - 20:33 ;		 MultiViewCNN;2;2;5;13;0.6241717530835059;0.7903225806451613;0.6118691852015834;0.7096774193548387;0.8541666666666667;0.6226402880297834;0.0002;0;0;0;0.6118691852015834;13
09/02/25 - 20:33 ;		 MultiViewCNN;2;2;5;14;0.6124203493518214;0.7096774193548387;0.605567749469511;0.7096774193548387;0.8583333333333334;0.6175185264617017;0.0002;0;0;0;0.605567749469511;14
09/02/25 - 20:33 ;		 MultiViewCNN;2;2;5;15;0.6042761610400292;0.7903225806451613;0.6009792512462985;0.7096774193548387;0.8625;0.6125567438970807;0.0002;0;0;0;0.6009792512462985;15
09/02/25 - 20:33 ;		 MultiViewCNN;2;2;5;16;0.5893277045219175;0.7741935483870968;0.5908793614756677;0.7741935483870968;0.8708333333333333;0.6060535291706568;0.0002;0;0;0;0.5908793614756677;16
09/02/25 - 20:34 ;		 MultiViewCNN;2;2;5;17;0.6083038045514014;0.7580645161290323;0.5852531079323061;0.8387096774193549;0.8791666666666667;0.5998134027991515;0.0002;0;0;0;0.5852531079323061;17
09/02/25 - 20:34 ;		 MultiViewCNN;2;2;5;18;0.5837773065413198;0.7580645161290323;0.5835142077938202;0.8064516129032258;0.8833333333333334;0.5949236442975521;0.0002;0;0;0;0.5835142077938202;18
09/02/25 - 20:34 ;		 MultiViewCNN;2;2;5;19;0.5981438044578798;0.7741935483870968;0.576600065154414;0.8064516129032258;0.9000000000000001;0.5894265705546107;0.0002;0;0;0;0.576600065154414;19
09/02/25 - 20:34 ;		 MultiViewCNN;2;2;5;20;0.5589355730241344;0.7580645161290323;0.5756852338390965;0.7419354838709677;0.8958333333333334;0.5853041695399565;0.0002;0;0;0;0.5756852338390965;20
09/02/25 - 20:34 ;		 MultiViewCNN;2;2;5;21;0.5503652864886869;0.8064516129032258;0.5659016120818353;0.8064516129032258;0.9083333333333334;0.57948340230252;0.0002;0;0;0;0.5659016120818353;21
09/02/25 - 20:34 ;		 MultiViewCNN;2;2;5;22;0.54537449536785;0.8548387096774194;0.558962841187754;0.8387096774193549;0.9125000000000001;0.5733272339680902;0.0002;0;0;0;0.558962841187754;22
09/02/25 - 20:34 ;		 MultiViewCNN;2;2;5;23;0.5358661932329978;0.8548387096774194;0.5548027177010814;0.8709677419354839;0.9125000000000001;0.5677698790879875;0.0002;0;0;0;0.5548027177010814;23
09/02/25 - 20:34 ;		 MultiViewCNN;2;2;5;24;0.5214110093732034;0.8870967741935484;0.5439169868346183;0.8064516129032258;0.9125000000000001;0.5606140114119766;0.0002;0;0;0;0.5439169868346183;24
09/02/25 - 20:34 ;		 MultiViewCNN;2;2;5;25;0.5367835856253101;0.8064516129032258;0.5376578877049107;0.8064516129032258;0.9125000000000001;0.5537271742998569;0.0002;0;0;0;0.5376578877049107;25
09/02/25 - 20:35 ;		 MultiViewCNN;2;2;5;26;0.5257116979168307;0.8548387096774194;0.5318310251159053;0.8064516129032258;0.9166666666666667;0.5471583295446714;0.0002;0;0;0;0.5318310251159053;26
09/02/25 - 20:35 ;		 MultiViewCNN;2;2;5;27;0.4830930309910928;0.9032258064516129;0.5248893941602399;0.8387096774193549;0.9333333333333333;0.5404776489293419;0.0002;0;0;0;0.5248893941602399;27
09/02/25 - 20:35 ;		 MultiViewCNN;2;2;5;28;0.5288116508914579;0.7419354838709677;0.5195120092361204;0.8387096774193549;0.925;0.5341879570213754;0.0002;0;0;0;0.5195120092361204;28
09/02/25 - 20:35 ;		 MultiViewCNN;2;2;5;29;0.5263543446217814;0.8709677419354839;0.5174958802038624;0.8387096774193549;0.9291666666666667;0.5291803339761215;0.0002;0;0;0;0.5174958802038624;29
09/02/25 - 20:35 ;		 MultiViewCNN;2;2;6;0;0.681908792065036;0.5806451612903226;0.6882929667349784;0.4838709677419355;0.8125;0.6882929667349784;0.0002;0;0;0;0.6882929667349784;0
09/02/25 - 20:35 ;		 MultiViewCNN;2;2;6;1;0.68955405681364;0.5;0.6840552014689292;0.4838709677419355;0.8208333333333333;0.6870216371551636;0.0002;1;0;0;0.6882929667349784;0
09/02/25 - 20:35 ;		 MultiViewCNN;2;2;6;2;0.6736496610026206;0.6451612903225806;0.6774245404428051;0.7096774193548387;0.8166666666666667;0.684142508141456;0.0002;0;0;0;0.6774245404428051;2
09/02/25 - 20:35 ;		 MultiViewCNN;2;2;6;3;0.6860585904890492;0.532258064516129;0.6706321643244836;0.6451612903225806;0.8083333333333333;0.6800894049963643;0.0002;0;0;0;0.6706321643244836;3
09/02/25 - 20:36 ;		 MultiViewCNN;2;2;6;4;0.6595155942824579;0.6774193548387096;0.6663115582158489;0.6451612903225806;0.8166666666666667;0.6759560509622096;0.0002;0;0;0;0.6663115582158489;4
09/02/25 - 20:36 ;		 MultiViewCNN;2;2;6;5;0.6764022457984186;0.6129032258064516;0.6624427341645763;0.6129032258064516;0.8166666666666667;0.6719020559229196;0.0002;0;0;0;0.6624427341645763;5
09/02/25 - 20:36 ;		 MultiViewCNN;2;2;6;6;0.6587874754782646;0.7258064516129032;0.6589728209280199;0.6129032258064516;0.825;0.6680232854244497;0.0002;0;0;0;0.6589728209280199;6
09/02/25 - 20:36 ;		 MultiViewCNN;2;2;6;7;0.6604534387588501;0.6451612903225806;0.6575287388217065;0.5806451612903226;0.8166666666666667;0.6648749214436267;0.0002;0;0;0;0.6575287388217065;7
09/02/25 - 20:36 ;		 MultiViewCNN;2;2;6;8;0.6584500920388007;0.6774193548387096;0.6516160926511211;0.6129032258064516;0.825;0.660897272805875;0.0002;0;0;0;0.6516160926511211;8
09/02/25 - 20:36 ;		 MultiViewCNN;2;2;6;9;0.6545510465098966;0.7258064516129032;0.6472722945674774;0.6129032258064516;0.8291666666666667;0.6568097793343557;0.0002;0;0;0;0.6472722945674774;9
09/02/25 - 20:36 ;		 MultiViewCNN;2;2;6;10;0.6407296907517218;0.7741935483870968;0.6409826163322695;0.6451612903225806;0.8458333333333333;0.6520616304337298;0.0002;0;0;0;0.6409826163322695;10
09/02/25 - 20:36 ;		 MultiViewCNN;2;2;6;11;0.6541447639465332;0.7258064516129032;0.6364641266484414;0.6451612903225806;0.85;0.6473823792981432;0.0002;0;0;0;0.6364641266484414;11
09/02/25 - 20:37 ;		 MultiViewCNN;2;2;6;12;0.6194010396157542;0.7741935483870968;0.6326354184458333;0.6451612903225806;0.8458333333333333;0.6429582910424503;0.0002;0;0;0;0.6326354184458333;12
09/02/25 - 20:37 ;		 MultiViewCNN;2;2;6;13;0.6241747140884399;0.8225806451612904;0.631013649125253;0.6129032258064516;0.8458333333333333;0.639374898467291;0.0002;0;0;0;0.631013649125253;13
09/02/25 - 20:37 ;		 MultiViewCNN;2;2;6;14;0.6466800839670243;0.6612903225806451;0.6269382046115014;0.6129032258064516;0.8541666666666666;0.6356438903105541;0.0002;0;0;0;0.6269382046115014;14
09/02/25 - 20:37 ;		 MultiViewCNN;2;2;6;15;0.6541790193127047;0.6290322580645161;0.621265044135432;0.6129032258064516;0.8583333333333334;0.6313302364580174;0.0002;0;0;0;0.621265044135432;15
09/02/25 - 20:37 ;		 MultiViewCNN;2;2;6;16;0.628840531072309;0.7419354838709677;0.6093470146579127;0.7096774193548387;0.8708333333333333;0.624735269917986;0.0002;0;0;0;0.6093470146579127;16
09/02/25 - 20:37 ;		 MultiViewCNN;2;2;6;17;0.6162598152314464;0.7580645161290323;0.6072365622366628;0.7096774193548387;0.8625;0.619485657613589;0.0002;0;0;0;0.6072365622366628;17
09/02/25 - 20:37 ;		 MultiViewCNN;2;2;6;18;0.6250703257899131;0.7096774193548387;0.6034042277643757;0.7096774193548387;0.8666666666666667;0.614661228658825;0.0002;0;0;0;0.6034042277643757;18
09/02/25 - 20:37 ;		 MultiViewCNN;2;2;6;19;0.5995925549537905;0.7258064516129032;0.5932791406108487;0.7096774193548387;0.875;0.608246602244432;0.0002;0;0;0;0.5932791406108487;19
09/02/25 - 20:38 ;		 MultiViewCNN;2;2;6;20;0.6198768654177266;0.7258064516129032;0.5815528977301813;0.8064516129032258;0.9000000000000001;0.6002384908901568;0.0002;0;0;0;0.5815528977301813;20
09/02/25 - 20:38 ;		 MultiViewCNN;2;2;6;21;0.5760185333990282;0.8387096774193549;0.576814103511072;0.8064516129032258;0.9;0.5932111746764314;0.0002;0;0;0;0.576814103511072;21
09/02/25 - 20:38 ;		 MultiViewCNN;2;2;6;22;0.6015741632830712;0.7419354838709677;0.5722926701268842;0.8064516129032258;0.9125000000000001;0.5869356233115672;0.0002;0;0;0;0.5722926701268842;22
09/02/25 - 20:38 ;		 MultiViewCNN;2;2;6;23;0.5944392796485655;0.8064516129032258;0.5697076935921946;0.8064516129032258;0.925;0.5817672443957554;0.0002;0;0;0;0.5697076935921946;23
09/02/25 - 20:38 ;		 MultiViewCNN;2;2;6;24;0.561637932254422;0.8870967741935484;0.5683571657826824;0.8064516129032258;0.9208333333333334;0.5777442208118335;0.0002;0;0;0;0.5683571657826824;24
09/02/25 - 20:38 ;		 MultiViewCNN;2;2;6;25;0.5696303325314676;0.7580645161290323;0.5668407024875763;0.7741935483870968;0.925;0.5744731653145563;0.0002;0;0;0;0.5668407024875763;25
09/02/25 - 20:38 ;		 MultiViewCNN;2;2;6;26;0.529884692161314;0.8870967741935484;0.5591408129661314;0.7741935483870968;0.9166666666666667;0.5698734596100288;0.0002;0;0;0;0.5591408129661314;26
09/02/25 - 20:38 ;		 MultiViewCNN;2;2;6;27;0.5638450307230796;0.7903225806451613;0.5503643866508238;0.8064516129032258;0.9166666666666667;0.5640207377222672;0.0002;0;0;0;0.5503643866508238;27
09/02/25 - 20:39 ;		 MultiViewCNN;2;2;6;28;0.5573606433406952;0.7580645161290323;0.5444977648796574;0.8064516129032258;0.925;0.5581638458694843;0.0002;0;0;0;0.5444977648796574;28
09/02/25 - 20:39 ;		 MultiViewCNN;2;2;6;29;0.5143631927428707;0.8870967741935484;0.5297042708243093;0.7741935483870968;0.9291666666666667;0.5496259733559318;0.0002;0;0;0;0.5297042708243093;29
09/02/25 - 21:03 ;		 MultiViewCNN;2;2;7;0;0.6874788499647572;0.5;0.685632009660044;0.5161290322580645;0.7833333333333333;0.685632009660044;0.0005;0;0;0;0.685632009660044;0
09/02/25 - 21:03 ;		 MultiViewCNN;2;2;7;1;0.6733827552487773;0.6129032258064516;0.6741860335873019;0.5161290322580645;0.8458333333333333;0.6821982168382213;0.0005;0;0;0;0.6741860335873019;1
09/02/25 - 21:04 ;		 MultiViewCNN;2;2;7;2;0.6562277193992369;0.5645161290322581;0.6611411879139562;0.5483870967741935;0.85;0.6758811081609417;0.0005;0;0;0;0.6611411879139562;2
09/02/25 - 21:04 ;		 MultiViewCNN;2;2;7;3;0.6446691116979045;0.6451612903225806;0.6510603831660363;0.6129032258064516;0.825;0.66843489066247;0.0005;0;0;0;0.6510603831660363;3
09/02/25 - 21:04 ;		 MultiViewCNN;2;2;7;4;0.6384331084066822;0.6612903225806451;0.636943724847609;0.6129032258064516;0.8375;0.6589875409180117;0.0005;0;0;0;0.636943724847609;4
09/02/25 - 21:04 ;		 MultiViewCNN;2;2;7;5;0.6069647496746432;0.8064516129032258;0.6212529463152732;0.6451612903225806;0.8500000000000001;0.6476671625371901;0.0005;0;0;0;0.6212529463152732;5
09/02/25 - 21:04 ;		 MultiViewCNN;2;2;7;6;0.6074512254807257;0.8064516129032258;0.6095478803880753;0.7096774193548387;0.8500000000000001;0.6362313778924557;0.0005;0;0;0;0.6095478803880753;6
09/02/25 - 21:04 ;		 MultiViewCNN;2;2;7;7;0.5999939153271336;0.7580645161290323;0.5987385645989449;0.7096774193548387;0.8541666666666667;0.6249835339044024;0.0005;0;0;0;0.5987385645989449;7
09/02/25 - 21:04 ;		 MultiViewCNN;2;2;7;8;0.5733954060462213;0.8064516129032258;0.5825744021323419;0.7419354838709677;0.8583333333333334;0.6122607943727842;0.0005;0;0;0;0.5825744021323419;8
09/02/25 - 21:04 ;		 MultiViewCNN;2;2;7;9;0.5560396198303469;0.8064516129032258;0.5683324183187177;0.7741935483870968;0.9041666666666668;0.5990822815565643;0.0005;0;0;0;0.5683324183187177;9
09/02/25 - 21:04 ;		 MultiViewCNN;2;2;7;10;0.5479461377666842;0.8387096774193549;0.566654093803898;0.7741935483870968;0.8833333333333333;0.5893538252307644;0.0005;0;0;0;0.566654093803898;10
09/02/25 - 21:05 ;		 MultiViewCNN;2;2;7;11;0.5241332304093146;0.8548387096774194;0.5425586315893358;0.7419354838709677;0.8875;0.5753152671383358;0.0005;0;0;0;0.5425586315893358;11
09/02/25 - 21:05 ;		 MultiViewCNN;2;2;7;12;0.5013450778299763;0.8870967741935484;0.5269297669010777;0.8709677419354839;0.9333333333333333;0.5607996170671583;0.0005;0;0;0;0.5269297669010777;12
09/02/25 - 21:05 ;		 MultiViewCNN;2;2;7;13;0.48457777596289114;0.8870967741935484;0.5247264802455902;0.7096774193548387;0.9083333333333334;0.5499776760206878;0.0005;0;0;0;0.5247264802455902;13
09/02/25 - 21:05 ;		 MultiViewCNN;2;2;7;14;0.4764284799175878;0.8225806451612904;0.49124784815695977;0.8064516129032258;0.9416666666666668;0.5323587276615693;0.0005;0;0;0;0.49124784815695977;14
09/02/25 - 21:05 ;		 MultiViewCNN;2;2;7;15;0.4407360553741455;0.8548387096774194;0.5068853007208917;0.7419354838709677;0.9375;0.5247166995793661;0.0005;0;0;0;0.5068853007208917;15
09/02/25 - 21:05 ;		 MultiViewCNN;2;2;7;16;0.4363068794050524;0.8225806451612904;0.5546696647520988;0.7096774193548387;0.9000000000000001;0.5337025891311858;0.0005;1;0;0;0.5068853007208917;15
09/02/25 - 21:05 ;		 MultiViewCNN;2;2;7;17;0.42210652366761237;0.8225806451612904;0.48059223448076555;0.7096774193548387;0.9;0.5177694827360597;0.0005;0;0;0;0.48059223448076555;17
09/02/25 - 21:05 ;		 MultiViewCNN;2;2;7;18;0.3683220878724129;0.8870967741935484;0.49124405268699894;0.7419354838709677;0.925;0.5098118537213414;0.0005;0;0;0;0.49124405268699894;18
09/02/25 - 21:05 ;		 MultiViewCNN;2;2;7;19;0.36318564607251075;0.9193548387096774;0.492872461195915;0.7419354838709677;0.9375;0.5047300359637135;0.0005;0;0;0;0.492872461195915;19
09/02/25 - 21:06 ;		 MultiViewCNN;2;2;7;20;0.3321672370356898;0.9193548387096774;0.48952014119394366;0.7741935483870968;0.9208333333333334;0.5001670675327825;0.0005;0;0;0;0.48952014119394366;20
09/02/25 - 21:06 ;		 MultiViewCNN;2;2;7;21;0.3094230371136819;0.8709677419354839;0.5260791874700977;0.7096774193548387;0.9;0.507940703513977;0.0005;1;0;0;0.48952014119394366;20
09/02/25 - 21:06 ;		 MultiViewCNN;2;2;7;22;0.31776600499306956;0.9032258064516129;0.42110468206867097;0.8064516129032258;0.9083333333333333;0.48188989708038515;0.0005;0;0;0;0.42110468206867097;22
09/02/25 - 21:06 ;		 MultiViewCNN;2;2;7;23;0.3202770736909682;0.9032258064516129;0.7023060341035167;0.6774193548387096;0.9208333333333333;0.5480147381873246;0.0005;1;0;0;0.42110468206867097;22
09/02/25 - 21:06 ;		 MultiViewCNN;2;2;7;24;0.3540159636928189;0.8548387096774194;0.425676639041593;0.7741935483870968;0.8958333333333334;0.5113133084436051;0.0005;2;0;0;0.42110468206867097;22
09/02/25 - 21:06 ;		 MultiViewCNN;2;2;7;25;0.26936546737147915;0.9354838709677419;0.563090362856465;0.7096774193548387;0.9083333333333333;0.526846424767463;0.00025;3;1;0;0.42110468206867097;22
09/02/25 - 21:06 ;		 MultiViewCNN;2;2;7;26;0.2388438476670173;0.967741935483871;0.5537855279061102;0.7096774193548387;0.8875;0.5349281557090572;0.00025;4;0;0;0.42110468206867097;22
09/02/25 - 21:06 ;		 MultiViewCNN;2;2;7;27;0.259694718545483;0.9193548387096774;0.5050861556683818;0.7096774193548387;0.8541666666666667;0.5259755556968545;0.00025;5;0;1;0.42110468206867097;22
09/02/25 - 21:07 ;		 MultiViewCNN;2;2;8;0;0.6901082684916835;0.5483870967741935;0.6846617018022845;0.5161290322580645;0.875;0.6846617018022845;0.0005;0;0;0;0.6846617018022845;0
09/02/25 - 21:07 ;		 MultiViewCNN;2;2;8;1;0.6684855511111598;0.6129032258064516;0.6696682803092464;0.6129032258064516;0.8625;0.680163675354373;0.0005;0;0;0;0.6696682803092464;1
09/02/25 - 21:07 ;		 MultiViewCNN;2;2;8;2;0.6481270828554707;0.6451612903225806;0.6543631918968693;0.6129032258064516;0.8416666666666667;0.6724235303171219;0.0005;0;0;0;0.6543631918968693;2
09/02/25 - 21:07 ;		 MultiViewCNN;2;2;8;3;0.6439455190012532;0.6612903225806451;0.6390257439305705;0.6451612903225806;0.8333333333333334;0.6624041944011564;0.0005;0;0;0;0.6390257439305705;3
09/02/25 - 21:07 ;		 MultiViewCNN;2;2;8;4;0.6362833169198805;0.6935483870967742;0.6272607791808343;0.6129032258064516;0.825;0.6518611698350598;0.0005;0;0;0;0.6272607791808343;4
09/02/25 - 21:07 ;		 MultiViewCNN;2;2;8;5;0.6128616409917031;0.7096774193548387;0.619038870257716;0.6129032258064516;0.8291666666666667;0.6420144799618566;0.0005;0;0;0;0.619038870257716;5
09/02/25 - 21:07 ;		 MultiViewCNN;2;2;8;6;0.5904376487578115;0.8064516129032258;0.602941345783972;0.6774193548387096;0.8458333333333333;0.6302925397084911;0.0005;0;0;0;0.602941345783972;6
09/02/25 - 21:07 ;		 MultiViewCNN;2;2;8;7;0.5822059762093329;0.7580645161290323;0.5843882176183886;0.7419354838709677;0.8625;0.6165212430814603;0.0005;0;0;0;0.5843882176183886;7
09/02/25 - 21:08 ;		 MultiViewCNN;2;2;8;8;0.561848521232605;0.8225806451612904;0.5638859310457783;0.8064516129032258;0.8833333333333333;0.6007306494707556;0.0005;0;0;0;0.5638859310457783;8
09/02/25 - 21:08 ;		 MultiViewCNN;2;2;8;9;0.5417317901888201;0.8387096774193549;0.5450469293901997;0.7741935483870968;0.9;0.5840255334465888;0.0005;0;0;0;0.5450469293901997;9
09/02/25 - 21:08 ;		 MultiViewCNN;2;2;8;10;0.528856139029226;0.8870967741935484;0.5270315677888932;0.8387096774193549;0.9416666666666667;0.5669273437492801;0.0005;0;0;0;0.5270315677888932;10
09/02/25 - 21:08 ;		 MultiViewCNN;2;2;8;11;0.4946154596344117;0.8225806451612904;0.5263177291039498;0.7741935483870968;0.9208333333333333;0.554744459355681;0.0005;0;0;0;0.5263177291039498;11
09/02/25 - 21:08 ;		 MultiViewCNN;2;2;8;12;0.425632466231623;0.9032258064516129;0.4922696352005005;0.8387096774193549;0.9208333333333334;0.5360020121091268;0.0005;0;0;0;0.4922696352005005;12
09/02/25 - 21:08 ;		 MultiViewCNN;2;2;8;13;0.48464877374710574;0.7903225806451613;0.5216525850757476;0.8387096774193549;0.9;0.531697183999113;0.0005;0;0;0;0.5216525850757476;13
09/02/25 - 21:08 ;		 MultiViewCNN;2;2;8;14;0.4099528568406259;0.8870967741935484;0.491355977712139;0.8387096774193549;0.9291666666666667;0.5195948221130209;0.0005;0;0;0;0.491355977712139;14
09/02/25 - 21:08 ;		 MultiViewCNN;2;2;8;15;0.4372628427320911;0.8225806451612904;0.49318436941792887;0.7419354838709677;0.9083333333333334;0.5116716863044932;0.0005;0;0;0;0.49318436941792887;15
09/02/25 - 21:08 ;		 MultiViewCNN;2;2;8;16;0.3653497657468242;0.9193548387096774;0.4471404956233117;0.8064516129032258;0.9291666666666667;0.4923123291001388;0.0005;0;0;0;0.4471404956233117;16
09/02/25 - 21:09 ;		 MultiViewCNN;2;2;8;17;0.35998331010341644;0.8548387096774194;0.49004513505966435;0.7419354838709677;0.925;0.4916321708879964;0.0005;1;0;0;0.4471404956233117;16
09/02/25 - 21:09 ;		 MultiViewCNN;2;2;8;18;0.3198400947355455;0.9193548387096774;0.49929882922480184;0.7419354838709677;0.9083333333333333;0.493932168389038;0.0005;2;0;0;0.4471404956233117;16
09/02/25 - 21:09 ;		 MultiViewCNN;2;2;8;19;0.30089769872926897;0.9193548387096774;0.4276240352661379;0.8387096774193549;0.9291666666666667;0.4740397284521679;0.0005;0;0;0;0.4276240352661379;19
09/02/25 - 21:09 ;		 MultiViewCNN;2;2;8;20;0.29807001929129323;0.9193548387096774;0.4113887202355169;0.8064516129032258;0.925;0.4552444259871726;0.0005;0;0;0;0.4113887202355169;20
09/02/25 - 21:09 ;		 MultiViewCNN;2;2;8;21;0.33875093152446134;0.9032258064516129;0.4496877328042061;0.8387096774193549;0.9083333333333334;0.45357741803228263;0.0005;1;0;0;0.4113887202355169;20
09/02/25 - 21:09 ;		 MultiViewCNN;2;2;8;22;0.27125735484784647;0.9516129032258065;0.5199083080214839;0.8064516129032258;0.8916666666666667;0.473476685029043;0.0005;2;0;0;0.4113887202355169;20
09/02/25 - 21:09 ;		 MultiViewCNN;2;2;8;23;0.21830920057912026;0.9838709677419355;0.9404990999929367;0.5806451612903226;0.8958333333333334;0.6135834095182111;0.00025;3;1;0;0.4113887202355169;20
09/02/25 - 21:09 ;		 MultiViewCNN;2;2;8;24;0.22420070873152825;0.9516129032258065;0.43532076478004456;0.7741935483870968;0.9125;0.5601046160967611;0.00025;4;0;0;0.4113887202355169;20
09/02/25 - 21:09 ;		 MultiViewCNN;2;2;8;25;0.2367710384630388;0.9193548387096774;0.5155585033278312;0.7419354838709677;0.9208333333333334;0.5467407822660821;0.00025;5;0;1;0.4113887202355169;20
09/02/25 - 21:10 ;		 MultiViewCNN;2;2;9;0;0.6990512590254506;0.46774193548387094;0.6955300800261959;0.45161290322580644;0.30833333333333335;0.6955300800261959;0.0005;0;0;0;0.6955300800261959;0
09/02/25 - 21:10 ;		 MultiViewCNN;2;2;9;1;0.6795324164052163;0.5645161290322581;0.6837741213460122;0.5483870967741935;0.8041666666666667;0.6920032924221408;0.0005;0;0;0;0.6837741213460122;1
09/02/25 - 21:10 ;		 MultiViewCNN;2;2;9;2;0.6749368021565099;0.5483870967741935;0.6708974434483436;0.5806451612903226;0.8083333333333333;0.6856715377300016;0.0005;0;0;0;0.6708974434483436;2
09/02/25 - 21:10 ;		 MultiViewCNN;2;2;9;3;0.6718175872679679;0.6129032258064516;0.6589800080945415;0.6129032258064516;0.8041666666666666;0.6776640788393635;0.0005;0;0;0;0.6589800080945415;3
09/02/25 - 21:10 ;		 MultiViewCNN;2;2;9;4;0.6606198395452192;0.6774193548387096;0.6475255643167803;0.6451612903225806;0.8125;0.6686225244825885;0.0005;0;0;0;0.6475255643167803;4
09/02/25 - 21:10 ;		 MultiViewCNN;2;2;9;5;0.6729890319608873;0.6451612903225806;0.637188486514553;0.7096774193548387;0.8166666666666667;0.6591923130921777;0.0005;0;0;0;0.637188486514553;5
09/02/25 - 21:10 ;		 MultiViewCNN;2;2;9;6;0.6415371817927207;0.6290322580645161;0.6339744963953572;0.6451612903225806;0.8333333333333333;0.6516269680831315;0.0005;0;0;0;0.6339744963953572;6
09/02/25 - 21:10 ;		 MultiViewCNN;2;2;9;7;0.6447540886940495;0.7258064516129032;0.6238096452528431;0.6774193548387096;0.8416666666666667;0.643281771234045;0.0005;0;0;0;0.6238096452528431;7
09/02/25 - 21:10 ;		 MultiViewCNN;2;2;9;8;0.6178048522241654;0.7258064516129032;0.6147669323029057;0.7419354838709677;0.8291666666666666;0.6347273195547031;0.0005;0;0;0;0.6147669323029057;8
09/02/25 - 21:11 ;		 MultiViewCNN;2;2;9;9;0.6043621301651001;0.7419354838709677;0.6024333392420123;0.8064516129032258;0.85;0.6250391254608958;0.0005;0;0;0;0.6024333392420123;9
09/02/25 - 21:11 ;		 MultiViewCNN;2;2;9;10;0.6018530784114715;0.7580645161290323;0.5980505039615016;0.7419354838709677;0.8291666666666666;0.6169425390110774;0.0005;0;0;0;0.5980505039615016;10
09/02/25 - 21:11 ;		 MultiViewCNN;2;2;9;11;0.5857256650924683;0.7741935483870968;0.5873072108914775;0.7741935483870968;0.8291666666666666;0.6080519405751974;0.0005;0;0;0;0.5873072108914775;11
09/02/25 - 21:11 ;		 MultiViewCNN;2;2;9;12;0.5798724428299935;0.7096774193548387;0.5675396534704393;0.7741935483870968;0.8541666666666666;0.5958982544437699;0.0005;0;0;0;0.5675396534704393;12
09/02/25 - 21:11 ;		 MultiViewCNN;2;2;9;13;0.5487492930504584;0.8225806451612904;0.5753352449786279;0.7419354838709677;0.9041666666666668;0.5897293516042272;0.0005;0;0;0;0.5753352449786279;13
09/02/25 - 21:11 ;		 MultiViewCNN;2;2;9;14;0.5681605838960216;0.7741935483870968;0.5480427434367519;0.8709677419354839;0.875;0.5772233691539845;0.0005;0;0;0;0.5480427434367519;14
09/02/25 - 21:11 ;		 MultiViewCNN;2;2;9;15;0.5055009328549908;0.8387096774193549;0.5379947673889899;0.7741935483870968;0.8416666666666667;0.5654547886244861;0.0005;0;0;0;0.5379947673889899;15
09/02/25 - 21:11 ;		 MultiViewCNN;2;2;9;16;0.539093759752089;0.7903225806451613;0.5190411748424653;0.8387096774193549;0.8666666666666667;0.5515307044898798;0.0005;0;0;0;0.5190411748424653;16
09/02/25 - 21:11 ;		 MultiViewCNN;2;2;9;17;0.46814379384440763;0.8225806451612904;0.5136776547278127;0.7741935483870968;0.8791666666666667;0.5401747895612596;0.0005;0;0;0;0.5136776547278127;17
09/02/25 - 21:12 ;		 MultiViewCNN;2;2;9;18;0.4488422005407272;0.8870967741935484;0.4998705127546864;0.8387096774193549;0.8833333333333334;0.5280835065192877;0.0005;0;0;0;0.4998705127546864;18
09/02/25 - 21:12 ;		 MultiViewCNN;2;2;9;19;0.4416296520540791;0.8225806451612904;0.5798454092394921;0.5483870967741935;0.875;0.543612077335349;0.0005;1;0;0;0.4998705127546864;18
09/02/25 - 21:12 ;		 MultiViewCNN;2;2;9;20;0.4808267335737905;0.8225806451612904;0.5762992674304593;0.6129032258064516;0.9000000000000001;0.553418234363882;0.0005;2;0;0;0.4998705127546864;18
09/02/25 - 21:12 ;		 MultiViewCNN;2;2;9;21;0.4077898148567446;0.9193548387096774;0.4615429889771246;0.8064516129032258;0.9208333333333334;0.5258556607478548;0.00025;3;1;0;0.4998705127546864;18
09/02/25 - 21:12 ;		 MultiViewCNN;2;2;9;22;0.404957817446801;0.8548387096774194;0.4620861603367713;0.8064516129032258;0.9041666666666668;0.5067248106245298;0.00025;0;0;0;0.4620861603367713;22
09/02/25 - 21:12 ;		 MultiViewCNN;2;2;9;23;0.3899031118039162;0.8870967741935484;0.4593567886660176;0.7419354838709677;0.9208333333333334;0.4925144040369761;0.00025;0;0;0;0.4593567886660176;23
09/02/25 - 21:12 ;		 MultiViewCNN;2;2;9;24;0.3484896700228414;0.9354838709677419;0.4456525012370079;0.8064516129032258;0.9166666666666667;0.47845583319698565;0.00025;0;0;0;0.4456525012370079;24
09/02/25 - 21:12 ;		 MultiViewCNN;2;2;9;25;0.34227496962393483;0.9032258064516129;0.4576024374654216;0.8064516129032258;0.9291666666666667;0.4721998144775164;0.00025;0;0;0;0.4576024374654216;25
09/02/25 - 21:12 ;		 MultiViewCNN;2;2;9;26;0.3384217547793542;0.8870967741935484;0.4248387313658191;0.8387096774193549;0.9291666666666667;0.45799148954400715;0.00025;0;0;0;0.4248387313658191;26
09/02/25 - 21:13 ;		 MultiViewCNN;2;2;9;27;0.3377019599560768;0.9516129032258065;0.5180838790632063;0.6774193548387096;0.9291666666666667;0.4760192063997669;0.00025;1;0;0;0.4248387313658191;26
09/02/25 - 21:13 ;		 MultiViewCNN;2;2;9;28;0.34873742466011354;0.8387096774193549;0.430577092593716;0.8064516129032258;0.9291666666666667;0.4623865722579516;0.00025;2;0;0;0.4248387313658191;26
09/02/25 - 21:13 ;		 MultiViewCNN;2;2;9;29;0.3286575896124686;0.8870967741935484;0.5083676893864909;0.7096774193548387;0.9291666666666667;0.4761809073965134;0.000125;3;1;0;0.4248387313658191;26
09/02/25 - 21:13 ;		 MultiViewCNN;2;2;10;0;0.710325498734751;0.3387096774193548;0.7007370629618245;0.25806451612903225;0.1625;0.7007370629618245;0.0005;0;0;0;0.7007370629618245;0
09/02/25 - 21:13 ;		 MultiViewCNN;2;2;10;1;0.6925869487947033;0.5483870967741935;0.6906172825444129;0.5483870967741935;0.6125;0.697701128836601;0.0005;1;0;0;0.7007370629618245;0
09/02/25 - 21:13 ;		 MultiViewCNN;2;2;10;2;0.6737931082325597;0.6290322580645161;0.67512870219446;0.5806451612903226;0.775;0.6909294008439586;0.0005;0;0;0;0.67512870219446;2
09/02/25 - 21:13 ;		 MultiViewCNN;2;2;10;3;0.676876021969703;0.5645161290322581;0.6638628801991863;0.5806451612903226;0.8;0.6828094446505268;0.0005;0;0;0;0.6638628801991863;3
09/02/25 - 21:13 ;		 MultiViewCNN;2;2;10;4;0.6690309547608898;0.6290322580645161;0.6512385875948014;0.6129032258064516;0.8125;0.6733381875338091;0.0005;0;0;0;0.6512385875948014;4
09/02/25 - 21:13 ;		 MultiViewCNN;2;2;10;5;0.6526435094494973;0.7419354838709677;0.6421609232502599;0.6129032258064516;0.8333333333333334;0.6639850082487443;0.0005;0;0;0;0.6421609232502599;5
09/02/25 - 21:14 ;		 MultiViewCNN;2;2;10;6;0.6416293959463796;0.7096774193548387;0.6382387088191125;0.6129032258064516;0.8125;0.6562611184198547;0.0005;0;0;0;0.6382387088191125;6
09/02/25 - 21:14 ;		 MultiViewCNN;2;2;10;7;0.6366270742108745;0.6935483870967742;0.6280396638378021;0.6129032258064516;0.8458333333333333;0.6477946820452388;0.0005;0;0;0;0.6280396638378021;7
09/02/25 - 21:14 ;		 MultiViewCNN;2;2;10;8;0.6176783923179873;0.7419354838709677;0.6232660412788391;0.6129032258064516;0.8416666666666667;0.6404360898153189;0.0005;0;0;0;0.6232660412788391;8
09/02/25 - 21:14 ;		 MultiViewCNN;2;2;10;9;0.6076704782824363;0.7096774193548387;0.6042592833119054;0.7419354838709677;0.8666666666666667;0.6295830478642948;0.0005;0;0;0;0.6042592833119054;9
09/02/25 - 21:14 ;		 MultiViewCNN;2;2;10;10;0.6156320341171757;0.7258064516129032;0.5999973685510697;0.7096774193548387;0.875;0.6207073440703272;0.0005;0;0;0;0.5999973685510697;10
09/02/25 - 21:14 ;		 MultiViewCNN;2;2;10;11;0.5824552812883931;0.7741935483870968;0.5773840296653009;0.7741935483870968;0.8916666666666667;0.6077103497488193;0.0005;0;0;0;0.5773840296653009;11
09/02/25 - 21:14 ;		 MultiViewCNN;2;2;10;12;0.5568537904370215;0.8387096774193549;0.5964728324644027;0.6451612903225806;0.875;0.6043390945634943;0.0005;0;0;0;0.5964728324644027;12
09/02/25 - 21:14 ;		 MultiViewCNN;2;2;10;13;0.5501157333773952;0.8064516129032258;0.5531475486293915;0.8064516129032258;0.9083333333333334;0.5889816307832634;0.0005;0;0;0;0.5531475486293915;13
09/02/25 - 21:14 ;		 MultiViewCNN;2;2;10;14;0.5237436217646445;0.8064516129032258;0.5640241407578991;0.7096774193548387;0.8833333333333334;0.5814943837756541;0.0005;0;0;0;0.5640241407578991;14
09/02/25 - 21:15 ;		 MultiViewCNN;2;2;10;15;0.5136660529721168;0.8548387096774194;0.5373500277919154;0.8387096774193549;0.9500000000000001;0.5682510769805325;0.0005;0;0;0;0.5373500277919154;15
09/02/25 - 21:15 ;		 MultiViewCNN;2;2;10;16;0.5488121298051649;0.7096774193548387;0.5437588864757169;0.6774193548387096;0.9666666666666668;0.5609034198290878;0.0005;0;0;0;0.5437588864757169;16
09/02/25 - 21:15 ;		 MultiViewCNN;2;2;10;17;0.4794085996766244;0.8709677419354839;0.5423871067262465;0.7096774193548387;0.9291666666666667;0.5553485258982354;0.0005;0;0;0;0.5423871067262465;17
09/02/25 - 21:15 ;		 MultiViewCNN;2;2;10;18;0.4774140081098003;0.8709677419354839;0.6926821239532963;0.6129032258064516;0.9000000000000001;0.5965486053147536;0.0005;1;0;0;0.5423871067262465;17
09/02/25 - 21:15 ;		 MultiViewCNN;2;2;10;19;0.4412655368927986;0.8548387096774194;0.4444734463768621;0.8387096774193549;0.9625;0.5509260576333861;0.0005;0;0;0;0.4444734463768621;19
09/02/25 - 21:15 ;		 MultiViewCNN;2;2;10;20;0.3880628981897908;0.9354838709677419;0.4336206768789599;0.8387096774193549;0.9416666666666668;0.5157344434070582;0.0005;0;0;0;0.4336206768789599;20
09/02/25 - 21:15 ;		 MultiViewCNN;2;2;10;21;0.3550631466411775;0.9032258064516129;0.47500694759430423;0.7419354838709677;0.9541666666666667;0.503516194663232;0.0005;0;0;0;0.47500694759430423;21
09/02/25 - 21:15 ;		 MultiViewCNN;2;2;10;22;0.4029470778280689;0.8548387096774194;0.5041818407274061;0.7096774193548387;0.9333333333333333;0.5037158884824843;0.0005;1;0;0;0.47500694759430423;21
09/02/25 - 21:16 ;		 MultiViewCNN;2;2;10;23;0.35297272089988957;0.9193548387096774;0.4093895891020375;0.8064516129032258;0.9458333333333334;0.4754179986683502;0.0005;0;0;0;0.4093895891020375;23
09/02/25 - 21:16 ;		 MultiViewCNN;2;2;10;24;0.3163717052628917;0.967741935483871;0.46983070815763167;0.7419354838709677;0.9625000000000001;0.4737418115151346;0.0005;1;0;0;0.4093895891020375;23
09/02/25 - 21:16 ;		 MultiViewCNN;2;2;10;25;0.3182543429636186;0.8870967741935484;0.5291412126633429;0.6774193548387096;0.9375;0.4903616318595971;0.0005;2;0;0;0.4093895891020375;23
09/02/25 - 21:16 ;		 MultiViewCNN;2;2;10;26;0.30261178170481035;0.9032258064516129;0.39548011076065803;0.9032258064516129;0.9541666666666667;0.4618971755299153;0.0005;0;0;0;0.39548011076065803;26
09/02/25 - 21:16 ;		 MultiViewCNN;2;2;10;27;0.224676166811297;0.9838709677419355;0.3820159185317255;0.8064516129032258;0.9375;0.43793279843045835;0.0005;0;0;0;0.3820159185317255;27
09/02/25 - 21:16 ;		 MultiViewCNN;2;2;10;28;0.25836772399563945;0.9354838709677419;0.708220858727732;0.6774193548387096;0.9375;0.5190192165196404;0.0005;1;0;0;0.3820159185317255;27
09/02/25 - 21:16 ;		 MultiViewCNN;2;2;10;29;0.25613985571169084;0.9354838709677419;0.5426920287070736;0.7096774193548387;0.9333333333333333;0.5261210601758703;0.0005;2;0;0;0.3820159185317255;27
09/02/25 - 21:16 ;		 MultiViewCNN;2;2;11;0;0.6806131755152056;0.6451612903225806;0.6848440747107228;0.4838709677419355;0.8458333333333333;0.6848440747107228;0.0005;0;0;0;0.6848440747107228;0
09/02/25 - 21:16 ;		 MultiViewCNN;2;2;11;1;0.6766819107917047;0.6290322580645161;0.6772308714928166;0.8064516129032258;0.8625;0.682560113745351;0.0005;1;0;0;0.6848440747107228;0
09/02/25 - 21:17 ;		 MultiViewCNN;2;2;11;2;0.6832656783442344;0.6129032258064516;0.6679541968530224;0.6774193548387096;0.8333333333333333;0.6781783386776523;0.0005;0;0;0;0.6679541968530224;2
09/02/25 - 21:17 ;		 MultiViewCNN;2;2;11;3;0.669843727542508;0.5806451612903226;0.6606952913345829;0.6129032258064516;0.7916666666666667;0.6729334244747315;0.0005;0;0;0;0.6606952913345829;3
09/02/25 - 21:17 ;		 MultiViewCNN;2;2;11;4;0.6639401297415456;0.6290322580645161;0.6551274887977108;0.6129032258064516;0.7666666666666666;0.6675916437716252;0.0005;0;0;0;0.6551274887977108;4
09/02/25 - 21:17 ;		 MultiViewCNN;2;2;11;5;0.6466998380999411;0.7096774193548387;0.6495337986177013;0.6129032258064516;0.7791666666666666;0.6621742902254479;0.0005;0;0;0;0.6495337986177013;5
09/02/25 - 21:17 ;		 MultiViewCNN;2;2;11;6;0.6432221243458409;0.6451612903225806;0.6372444783487627;0.6774193548387096;0.7791666666666667;0.6546953466624423;0.0005;0;0;0;0.6372444783487627;6
09/02/25 - 21:17 ;		 MultiViewCNN;2;2;11;7;0.6328844985654277;0.7419354838709677;0.6293966231807586;0.6774193548387096;0.7875;0.6471057296179372;0.0005;0;0;0;0.6293966231807586;7
09/02/25 - 21:17 ;		 MultiViewCNN;2;2;11;8;0.631280203019419;0.7419354838709677;0.6271456922254255;0.6451612903225806;0.8041666666666667;0.6411177184001836;0.0005;0;0;0;0.6271456922254255;8
09/02/25 - 21:17 ;		 MultiViewCNN;2;2;11;9;0.6195670327832622;0.7419354838709677;0.6165053498360419;0.6774193548387096;0.8041666666666667;0.633734007830941;0.0005;0;0;0;0.6165053498360419;9
09/02/25 - 21:18 ;		 MultiViewCNN;2;2;11;10;0.6117445288165924;0.7741935483870968;0.6035652083735312;0.7096774193548387;0.8166666666666667;0.624683367993718;0.0005;0;0;0;0.6035652083735312;10
09/02/25 - 21:18 ;		 MultiViewCNN;2;2;11;11;0.6032398054676671;0.7741935483870968;0.603714523776885;0.6774193548387096;0.7958333333333334;0.6183927147286681;0.0005;0;0;0;0.603714523776885;11
09/02/25 - 21:18 ;		 MultiViewCNN;2;2;11;12;0.5824954750076416;0.7903225806451613;0.5873228734539401;0.7419354838709677;0.8125;0.6090717623462496;0.0005;0;0;0;0.5873228734539401;12
09/02/25 - 21:18 ;		 MultiViewCNN;2;2;11;13;0.5832669504227177;0.8064516129032258;0.5751617993077924;0.7096774193548387;0.8458333333333333;0.5988987734347124;0.0005;0;0;0;0.5751617993077924;13
09/02/25 - 21:18 ;		 MultiViewCNN;2;2;11;14;0.5766836404800415;0.8225806451612904;0.558462631317877;0.7741935483870968;0.8666666666666667;0.5867679307996618;0.0005;0;0;0;0.558462631317877;14
09/02/25 - 21:18 ;		 MultiViewCNN;2;2;11;15;0.5457452900948063;0.8387096774193549;0.5653540818921982;0.7096774193548387;0.8666666666666667;0.5803437761274227;0.0005;0;0;0;0.5653540818921982;15
09/02/25 - 21:18 ;		 MultiViewCNN;2;2;11;16;0.5265037821185204;0.7580645161290323;0.543613116587362;0.7096774193548387;0.8583333333333334;0.5693245782654045;0.0005;0;0;0;0.543613116587362;16
09/02/25 - 21:18 ;		 MultiViewCNN;2;2;11;17;0.5422008056794444;0.7741935483870968;0.5338122364013426;0.7741935483870968;0.8666666666666667;0.5586708757061859;0.0005;0;0;0;0.5338122364013426;17
09/02/25 - 21:18 ;		 MultiViewCNN;2;2;11;18;0.5327288085414518;0.8064516129032258;0.512053503144172;0.8709677419354839;0.8708333333333333;0.5446856639375817;0.0005;0;0;0;0.512053503144172;18
09/02/25 - 21:19 ;		 MultiViewCNN;2;2;11;19;0.4886951965670432;0.9032258064516129;0.49600411518927545;0.8387096774193549;0.8875000000000001;0.5300811993130898;0.0005;0;0;0;0.49600411518927545;19
09/02/25 - 21:19 ;		 MultiViewCNN;2;2;11;20;0.5338974498933361;0.7580645161290323;0.5805994579868932;0.6774193548387096;0.8916666666666667;0.5452366769152308;0.0005;1;0;0;0.49600411518927545;19
09/02/25 - 21:19 ;		 MultiViewCNN;2;2;11;21;0.4465332156227481;0.9032258064516129;0.4962533500886733;0.8709677419354839;0.9083333333333334;0.5305416788672634;0.0005;2;0;0;0.49600411518927545;19
09/02/25 - 21:19 ;		 MultiViewCNN;2;2;11;22;0.4301756082042571;0.8709677419354839;0.4673067888905925;0.8064516129032258;0.8958333333333333;0.5115712118742621;0.0005;0;0;0;0.4673067888905925;22
09/02/25 - 21:19 ;		 MultiViewCNN;2;2;11;23;0.431435436971726;0.8870967741935484;0.4397567308718158;0.8064516129032258;0.9416666666666667;0.4900268675735282;0.0005;0;0;0;0.4397567308718158;23
09/02/25 - 21:19 ;		 MultiViewCNN;2;2;11;24;0.3558190301541359;0.967741935483871;0.5397316178967876;0.7096774193548387;0.9166666666666667;0.5049382926705059;0.0005;1;0;0;0.4397567308718158;23
09/02/25 - 21:19 ;		 MultiViewCNN;2;2;11;25;0.4089471351715826;0.8225806451612904;0.5504781007766724;0.6774193548387096;0.9166666666666667;0.5186002351023559;0.0005;2;0;0;0.4397567308718158;23
09/02/25 - 21:19 ;		 MultiViewCNN;2;2;11;26;0.3596398042094323;0.9032258064516129;0.436773976010661;0.8387096774193549;0.9208333333333334;0.4940523573748474;0.00025;3;1;0;0.4397567308718158;23
09/02/25 - 21:19 ;		 MultiViewCNN;2;2;11;27;0.419783454748892;0.8225806451612904;0.39779039928990023;0.8387096774193549;0.9333333333333333;0.4651737699493632;0.00025;0;0;0;0.39779039928990023;27
09/02/25 - 21:20 ;		 MultiViewCNN;2;2;11;28;0.36386944401648735;0.8548387096774194;0.4407879556379011;0.8064516129032258;0.9416666666666668;0.4578580256559245;0.00025;0;0;0;0.4407879556379011;28
09/02/25 - 21:20 ;		 MultiViewCNN;2;2;11;29;0.35119925871972113;0.9193548387096774;0.606885177473868;0.6774193548387096;0.9416666666666668;0.5025661712013075;0.00025;1;0;0;0.4407879556379011;28
09/02/25 - 21:20 ;		 MultiViewCNN;2;2;12;0;0.6840598467857607;0.5645161290322581;0.6868148484537678;0.5161290322580645;0.8125;0.6868148484537678;0.0005;0;0;0;0.6868148484537678;0
09/02/25 - 21:20 ;		 MultiViewCNN;2;2;12;1;0.6855112448815377;0.5806451612903226;0.6767334149729821;0.5483870967741935;0.825;0.683790418409532;0.0005;1;0;0;0.6868148484537678;0
09/02/25 - 21:20 ;		 MultiViewCNN;2;2;12;2;0.6658059858506725;0.6290322580645161;0.6638226778276505;0.6129032258064516;0.8166666666666667;0.6778000962349675;0.0005;0;0;0;0.6638226778276505;2
09/02/25 - 21:20 ;		 MultiViewCNN;2;2;12;3;0.6548198269259545;0.6612903225806451;0.6542129574283477;0.6129032258064516;0.7916666666666667;0.6707239545929815;0.0005;0;0;0;0.6542129574283477;3
09/02/25 - 21:20 ;		 MultiViewCNN;2;2;12;4;0.660816938646378;0.6451612903225806;0.6411022466997947;0.6774193548387096;0.7916666666666666;0.6618374422250254;0.0005;0;0;0;0.6411022466997947;4
09/02/25 - 21:20 ;		 MultiViewCNN;2;2;12;5;0.6637615869122167;0.6774193548387096;0.6334618099274174;0.6774193548387096;0.8208333333333333;0.653324752535743;0.0005;0;0;0;0.6334618099274174;5
09/02/25 - 21:20 ;		 MultiViewCNN;2;2;12;6;0.6518866708201747;0.6935483870967742;0.6313915175776328;0.6451612903225806;0.8166666666666667;0.6467447820483099;0.0005;0;0;0;0.6313915175776328;6
09/02/25 - 21:21 ;		 MultiViewCNN;2;2;12;7;0.6406649658756871;0.6451612903225806;0.6198417813547196;0.6774193548387096;0.8291666666666666;0.6386738818402328;0.0005;0;0;0;0.6198417813547196;7
09/02/25 - 21:21 ;		 MultiViewCNN;2;2;12;8;0.622846003501646;0.7580645161290323;0.605965175936299;0.7419354838709677;0.8291666666666666;0.6288612700690526;0.0005;0;0;0;0.605965175936299;8
09/02/25 - 21:21 ;		 MultiViewCNN;2;2;12;9;0.6156246989004074;0.7096774193548387;0.5968084969828206;0.8064516129032258;0.8416666666666668;0.6192454381431829;0.0005;0;0;0;0.5968084969828206;9
09/02/25 - 21:21 ;		 MultiViewCNN;2;2;12;10;0.6054233735607516;0.7419354838709677;0.588045685522018;0.7096774193548387;0.8500000000000001;0.6098855123568334;0.0005;0;0;0;0.588045685522018;10
09/02/25 - 21:21 ;		 MultiViewCNN;2;2;12;11;0.6063095254282798;0.7096774193548387;0.5818357063877967;0.7419354838709677;0.8458333333333333;0.6014705705661224;0.0005;0;0;0;0.5818357063877967;11
09/02/25 - 21:21 ;		 MultiViewCNN;2;2;12;12;0.5867193533528235;0.7903225806451613;0.573590140188894;0.7419354838709677;0.8541666666666666;0.5931064414529539;0.0005;0;0;0;0.573590140188894;12
09/02/25 - 21:21 ;		 MultiViewCNN;2;2;12;13;0.6244655655276391;0.6612903225806451;0.5618793733658329;0.7419354838709677;0.8625;0.5837383210268176;0.0005;0;0;0;0.5618793733658329;13
09/02/25 - 21:21 ;		 MultiViewCNN;2;2;12;14;0.5759163441196564;0.7741935483870968;0.5396386327282074;0.8709677419354839;0.8791666666666667;0.5705084145372344;0.0005;0;0;0;0.5396386327282074;14
09/02/25 - 21:22 ;		 MultiViewCNN;2;2;12;15;0.5505380668947774;0.8064516129032258;0.5433629482023178;0.8387096774193549;0.875;0.5623647746367595;0.0005;0;0;0;0.5433629482023178;15
09/02/25 - 21:22 ;		 MultiViewCNN;2;2;12;16;0.5387614696256576;0.8064516129032258;0.541624749860456;0.8064516129032258;0.8416666666666667;0.5561427672038683;0.0005;0;0;0;0.541624749860456;16
09/02/25 - 21:22 ;		 MultiViewCNN;2;2;12;17;0.5233740422033495;0.8387096774193549;0.519362167004616;0.8709677419354839;0.8625;0.5451085871440926;0.0005;0;0;0;0.519362167004616;17
09/02/25 - 21:22 ;		 MultiViewCNN;2;2;12;18;0.4760588792062575;0.8870967741935484;0.501492771410173;0.8709677419354839;0.8791666666666667;0.5320238424239168;0.0005;0;0;0;0.501492771410173;18
09/02/25 - 21:22 ;		 MultiViewCNN;2;2;12;19;0.48041099117648217;0.9032258064516129;0.49215718142447934;0.8709677419354839;0.875;0.5200638441240855;0.0005;0;0;0;0.49215718142447934;19
09/02/25 - 21:22 ;		 MultiViewCNN;2;2;12;20;0.48986319188148747;0.8548387096774194;0.4787573497141561;0.8709677419354839;0.8958333333333334;0.5076718958011066;0.0005;0;0;0;0.4787573497141561;20
09/02/25 - 21:22 ;		 MultiViewCNN;2;2;12;21;0.5028019124461759;0.8387096774193549;0.4976031203423777;0.7741935483870968;0.9000000000000001;0.5046512631634879;0.0005;0;0;0;0.4976031203423777;21
09/02/25 - 21:22 ;		 MultiViewCNN;2;2;12;22;0.4743146050360895;0.8064516129032258;0.4551129158466093;0.8387096774193549;0.9125000000000001;0.48978975896842425;0.0005;0;0;0;0.4551129158466093;22
09/02/25 - 21:23 ;		 MultiViewCNN;2;2;12;23;0.4071424555393957;0.8064516129032258;0.4953313825591918;0.7419354838709677;0.9000000000000001;0.4914522460456545;0.0005;1;0;0;0.4551129158466093;22
09/02/25 - 21:23 ;		 MultiViewCNN;2;2;12;24;0.4067142682690774;0.8709677419354839;0.46674764733160695;0.7741935483870968;0.9125000000000001;0.48404086643144023;0.0005;0;0;0;0.46674764733160695;24
09/02/25 - 21:23 ;		 MultiViewCNN;2;2;12;25;0.38087541537900127;0.9516129032258065;0.4635665685899796;0.7741935483870968;0.9041666666666668;0.47789857707900196;0.0005;0;0;0;0.4635665685899796;25
09/02/25 - 21:23 ;		 MultiViewCNN;2;2;12;26;0.4317918054519161;0.8064516129032258;0.45603793667208764;0.8064516129032258;0.8791666666666667;0.47134038495692765;0.0005;0;0;0;0.45603793667208764;26
09/02/25 - 21:23 ;		 MultiViewCNN;2;2;12;27;0.3858015537261963;0.8709677419354839;0.4857056890764544;0.8064516129032258;0.8791666666666667;0.47564997619278565;0.0005;1;0;0;0.45603793667208764;26
09/02/25 - 21:23 ;		 MultiViewCNN;2;2;12;28;0.3796136744560734;0.8387096774193549;0.45510784272224675;0.8387096774193549;0.9125000000000001;0.46948733615162397;0.0005;2;0;0;0.45603793667208764;26
09/02/25 - 21:23 ;		 MultiViewCNN;2;2;12;29;0.3674240400714259;0.9032258064516129;0.4668696993781674;0.7419354838709677;0.9208333333333334;0.46870204511958696;0.0005;0;0;0;0.4668696993781674;29
09/02/25 - 21:23 ;		 MultiViewCNN;2;2;13;0;0.6897175965770599;0.532258064516129;0.6886503138849812;0.5161290322580645;0.6041666666666667;0.6886503138849812;0.0008;0;0;0;0.6886503138849812;0
09/02/25 - 21:23 ;		 MultiViewCNN;2;2;13;1;0.6641680271394791;0.5806451612903226;0.6666532601079633;0.5806451612903226;0.8166666666666667;0.6820511977518758;0.0008;0;0;0;0.6666532601079633;1
09/02/25 - 21:24 ;		 MultiViewCNN;2;2;13;2;0.6450223961184102;0.7580645161290323;0.6382738140321547;0.6129032258064516;0.8791666666666667;0.6689179826359595;0.0008;0;0;0;0.6382738140321547;2
09/02/25 - 21:24 ;		 MultiViewCNN;2;2;13;3;0.6184489438610692;0.7741935483870968;0.6121679313721196;0.7419354838709677;0.8791666666666667;0.6518929672568075;0.0008;0;0;0;0.6121679313721196;3
09/02/25 - 21:24 ;		 MultiViewCNN;2;2;13;4;0.5937449509097684;0.7419354838709677;0.5957007581187833;0.7741935483870968;0.8833333333333333;0.6350353045154001;0.0008;0;0;0;0.5957007581187833;4
09/02/25 - 21:24 ;		 MultiViewCNN;2;2;13;5;0.5605949797937947;0.8064516129032258;0.5836386795966856;0.7419354838709677;0.8583333333333333;0.6196163170397857;0.0008;0;0;0;0.5836386795966856;5
09/02/25 - 21:24 ;		 MultiViewCNN;2;2;13;6;0.5664645414198598;0.7580645161290323;0.5378046785631487;0.7419354838709677;0.9;0.5950728254967945;0.0008;0;0;0;0.5378046785631487;6
09/02/25 - 21:24 ;		 MultiViewCNN;2;2;13;7;0.5334757854861598;0.8225806451612904;0.555677140912702;0.8064516129032258;0.9375;0.5832541201215667;0.0008;0;0;0;0.555677140912702;7
09/02/25 - 21:24 ;		 MultiViewCNN;2;2;13;8;0.5540035136284367;0.7096774193548387;0.5210222371162907;0.8064516129032258;0.9;0.5645845552199839;0.0008;0;0;0;0.5210222371162907;8
09/02/25 - 21:24 ;		 MultiViewCNN;2;2;13;9;0.43908770622745635;0.8709677419354839;0.4757466143177402;0.8064516129032258;0.9416666666666667;0.5379331729493108;0.0008;0;0;0;0.4757466143177402;9
09/02/25 - 21:24 ;		 MultiViewCNN;2;2;13;10;0.4503474716217287;0.8225806451612904;0.476277107192624;0.8064516129032258;0.95;0.5194363532223047;0.0008;0;0;0;0.476277107192624;10
09/02/25 - 21:25 ;		 MultiViewCNN;2;2;13;11;0.4304015405716435;0.8064516129032258;0.4840524802284856;0.9354838709677419;0.9458333333333333;0.5088211913241589;0.0008;0;0;0;0.4840524802284856;11
09/02/25 - 21:25 ;		 MultiViewCNN;2;2;13;12;0.3930395524347982;0.8548387096774194;0.43816216722611456;0.8064516129032258;0.95;0.4876234840947456;0.0008;0;0;0;0.43816216722611456;12
09/02/25 - 21:25 ;		 MultiViewCNN;2;2;13;13;0.3723131456682759;0.8709677419354839;0.4267192050333946;0.8387096774193549;0.9333333333333333;0.4693522003763403;0.0008;0;0;0;0.4267192050333946;13
09/02/25 - 21:25 ;		 MultiViewCNN;2;2;13;14;0.3283411379783384;0.9032258064516129;0.4319700666012303;0.7741935483870968;0.925;0.45813756024380725;0.0008;0;0;0;0.4319700666012303;14
09/02/25 - 21:25 ;		 MultiViewCNN;2;2;13;15;0.32737247020967547;0.9193548387096774;0.48087598335358406;0.7741935483870968;0.9416666666666667;0.4649590871767403;0.0008;1;0;0;0.4319700666012303;14
09/02/25 - 21:25 ;		 MultiViewCNN;2;2;13;16;0.2807640923607734;0.9193548387096774;0.5079360113989922;0.7419354838709677;0.9041666666666668;0.4778521644434158;0.0008;2;0;0;0.4319700666012303;14
09/02/25 - 21:25 ;		 MultiViewCNN;2;2;13;17;0.2712065173733619;0.9354838709677419;0.7972900482916063;0.5806451612903226;0.8541666666666666;0.5736835295978729;0.0004;3;1;0;0.4319700666012303;14
09/02/25 - 21:25 ;		 MultiViewCNN;2;2;13;18;0.3313415685007649;0.8709677419354839;0.4505411309580649;0.8387096774193549;0.8916666666666667;0.5367408100059305;0.0004;4;0;0;0.4319700666012303;14
09/02/25 - 21:25 ;		 MultiViewCNN;2;2;13;19;0.24894035823883548;0.9193548387096774;0.4038343160383163;0.8064516129032258;0.9333333333333333;0.49686886181564627;0.0004;5;0;1;0.4319700666012303;14
09/02/25 - 21:26 ;		 MultiViewCNN;2;2;14;0;0.7120985696392674;0.4032258064516129;0.6872020882944907;0.5483870967741935;0.7749999999999999;0.6872020882944907;0.0008;0;0;0;0.6872020882944907;0
09/02/25 - 21:26 ;		 MultiViewCNN;2;2;14;1;0.6794396062051097;0.5967741935483871;0.6764635078368648;0.6129032258064516;0.7916666666666666;0.6839805141572028;0.0008;0;0;0;0.6764635078368648;1
09/02/25 - 21:26 ;		 MultiViewCNN;2;2;14;2;0.6611951108901731;0.7419354838709677;0.6642082372019368;0.6129032258064516;0.8125;0.678048831070623;0.0008;0;0;0;0.6642082372019368;2
09/02/25 - 21:26 ;		 MultiViewCNN;2;2;14;3;0.6612289836329799;0.7096774193548387;0.6510885780857455;0.6451612903225806;0.7958333333333334;0.6699607551751597;0.0008;0;0;0;0.6510885780857455;3
09/02/25 - 21:26 ;		 MultiViewCNN;2;2;14;4;0.6478331550475089;0.7258064516129032;0.6390712088154208;0.6774193548387096;0.7958333333333334;0.660693891267238;0.0008;0;0;0;0.6390712088154208;4
09/02/25 - 21:26 ;		 MultiViewCNN;2;2;14;5;0.6261746691119287;0.7580645161290323;0.6269765073253263;0.7096774193548387;0.7916666666666667;0.6505786760846645;0.0008;0;0;0;0.6269765073253263;5
09/02/25 - 21:26 ;		 MultiViewCNN;2;2;14;6;0.629828728014423;0.7258064516129032;0.628229977623109;0.6451612903225806;0.8166666666666667;0.6438740665461977;0.0008;0;0;0;0.628229977623109;6
09/02/25 - 21:26 ;		 MultiViewCNN;2;2;14;7;0.6112357301096762;0.7258064516129032;0.6214311853531869;0.6451612903225806;0.8041666666666666;0.6371412021882944;0.0008;0;0;0;0.6214311853531869;7
09/02/25 - 21:27 ;		 MultiViewCNN;2;2;14;8;0.5726522784079274;0.7741935483870968;0.5930045900806304;0.7419354838709677;0.8166666666666667;0.6239002185559952;0.0008;0;0;0;0.5930045900806304;8
09/02/25 - 21:27 ;		 MultiViewCNN;2;2;14;9;0.5680612181463549;0.8870967741935484;0.5856554700482276;0.7741935483870968;0.8208333333333333;0.6124267940036648;0.0008;0;0;0;0.5856554700482276;9
09/02/25 - 21:27 ;		 MultiViewCNN;2;2;14;10;0.5437467069395127;0.8225806451612904;0.5769510692165744;0.7419354838709677;0.8333333333333333;0.6017840765675377;0.0008;0;0;0;0.5769510692165744;10
09/02/25 - 21:27 ;		 MultiViewCNN;2;2;14;11;0.517099222829265;0.7903225806451613;0.5588437876393718;0.7096774193548387;0.8500000000000001;0.5889019898890879;0.0008;0;0;0;0.5588437876393718;11
09/02/25 - 21:27 ;		 MultiViewCNN;2;2;14;12;0.48478362252635343;0.8870967741935484;0.5908296761974212;0.6129032258064516;0.8333333333333333;0.5894802957815879;0.0008;1;0;0;0.5588437876393718;11
09/02/25 - 21:27 ;		 MultiViewCNN;2;2;14;13;0.4515290433360684;0.8870967741935484;0.5424753273687055;0.6774193548387096;0.8333333333333333;0.5753788052577231;0.0008;0;0;0;0.5424753273687055;13
09/02/25 - 21:27 ;		 MultiViewCNN;2;2;14;14;0.46908697197514193;0.8387096774193549;0.6328643887273727;0.5483870967741935;0.8083333333333333;0.592624480298618;0.0008;1;0;0;0.5424753273687055;13
09/02/25 - 21:27 ;		 MultiViewCNN;2;2;14;15;0.41357868140743625;0.8709677419354839;0.918563961982727;0.5483870967741935;0.8708333333333333;0.6904063248038508;0.0008;2;0;0;0.5424753273687055;13
09/02/25 - 21:27 ;		 MultiViewCNN;2;2;14;16;0.4435912486045591;0.7903225806451613;0.6299443725616701;0.6451612903225806;0.8625;0.6722677391311965;0.0004;3;1;0;0.5424753273687055;13
09/02/25 - 21:28 ;		 MultiViewCNN;2;2;14;17;0.37880106222245;0.8870967741935484;0.5254930084751498;0.6129032258064516;0.8916666666666667;0.6282353199343824;0.0004;4;0;0;0.5424753273687055;13
09/02/25 - 21:28 ;		 MultiViewCNN;2;2;14;18;0.3573714994615124;0.9354838709677419;0.4627797026788035;0.8064516129032258;0.8833333333333334;0.5785986347577088;0.0004;5;0;1;0.5424753273687055;13
09/02/25 - 21:28 ;		 MultiViewCNN;2;2;15;0;0.711834353785361;0.3387096774193548;0.6886372681586973;0.5161290322580645;0.7749999999999999;0.6886372681586973;0.0008;0;0;0;0.6886372681586973;0
09/02/25 - 21:28 ;		 MultiViewCNN;2;2;15;1;0.6861971309108119;0.4838709677419355;0.676731732583815;0.5161290322580645;0.8458333333333333;0.6850656074862326;0.0008;0;0;0;0.676731732583815;1
09/02/25 - 21:28 ;		 MultiViewCNN;2;2;15;2;0.6628001505328763;0.6451612903225806;0.6637865593356471;0.5806451612903226;0.825;0.6786818930410569;0.0008;0;0;0;0.6637865593356471;2
09/02/25 - 21:28 ;		 MultiViewCNN;2;2;15;3;0.6409786862711753;0.6612903225806451;0.6527524225173458;0.6129032258064516;0.7833333333333333;0.6709030518839435;0.0008;0;0;0;0.6527524225173458;3
09/02/25 - 21:28 ;		 MultiViewCNN;2;2;15;4;0.6465490787259994;0.6451612903225806;0.6376855142654911;0.6129032258064516;0.7916666666666667;0.6609377905984077;0.0008;0;0;0;0.6376855142654911;4
09/02/25 - 21:28 ;		 MultiViewCNN;2;2;15;5;0.6312268184077355;0.7419354838709677;0.6138614896805056;0.7419354838709677;0.85;0.646814900323037;0.0008;0;0;0;0.6138614896805056;5
09/02/25 - 21:28 ;		 MultiViewCNN;2;2;15;6;0.603912934180229;0.7903225806451613;0.6101614467559322;0.6451612903225806;0.8458333333333333;0.6358188642529056;0.0008;0;0;0;0.6101614467559322;6
09/02/25 - 21:29 ;		 MultiViewCNN;2;2;15;7;0.5763109537862963;0.7903225806451613;0.644711192577116;0.6129032258064516;0.8083333333333333;0.6384865627501686;0.0008;1;0;0;0.6101614467559322;6
09/02/25 - 21:29 ;		 MultiViewCNN;2;2;15;8;0.5583809344999252;0.7903225806451613;0.5800750274812022;0.6774193548387096;0.8125;0.6209631021694786;0.0008;0;0;0;0.5800750274812022;8
09/02/25 - 21:29 ;		 MultiViewCNN;2;2;15;9;0.5718839264685108;0.7741935483870968;0.5799915655966728;0.6451612903225806;0.8166666666666667;0.6086716411976367;0.0008;0;0;0;0.5799915655966728;9
09/02/25 - 21:29 ;		 MultiViewCNN;2;2;15;10;0.5101261446552892;0.8225806451612904;0.5681488667764971;0.6774193548387096;0.8666666666666667;0.5965148088712948;0.0008;0;0;0;0.5681488667764971;10
09/02/25 - 21:29 ;		 MultiViewCNN;2;2;15;11;0.4858819515474381;0.8870967741935484;0.6696554287787406;0.6451612903225806;0.8333333333333334;0.6184569948435286;0.0008;1;0;0;0.5681488667764971;10
09/02/25 - 21:29 ;		 MultiViewCNN;2;2;15;12;0.4950424519277388;0.8225806451612904;0.5527752022589406;0.7741935483870968;0.825;0.5987524570681522;0.0008;2;0;0;0.5681488667764971;10
09/02/25 - 21:29 ;		 MultiViewCNN;2;2;15;13;0.44859702548673075;0.8387096774193549;0.5295874726387763;0.6774193548387096;0.8208333333333333;0.5780029617393394;0.0008;0;0;0;0.5295874726387763;13
09/02/25 - 21:29 ;		 MultiViewCNN;2;2;15;14;0.4401649755816306;0.8387096774193549;0.5528265699263541;0.7096774193548387;0.8208333333333333;0.5704500441954438;0.0008;0;0;0;0.5528265699263541;14
09/02/25 - 21:29 ;		 MultiViewCNN;2;2;15;15;0.35872308861824775;0.8870967741935484;1.0777068484214045;0.5806451612903226;0.775;0.722627085463232;0.0008;1;0;0;0.5528265699263541;14
09/02/25 - 21:30 ;		 MultiViewCNN;2;2;15;16;0.3704547507147635;0.8548387096774194;0.5169052885424706;0.7419354838709677;0.8208333333333333;0.6609105463870035;0.0008;2;0;0;0.5528265699263541;14
09/02/25 - 21:30 ;		 MultiViewCNN;2;2;15;17;0.3571507661573349;0.8709677419354839;0.5860036207783607;0.7096774193548387;0.8583333333333334;0.6384384687044106;0.0004;3;1;0;0.5528265699263541;14
09/02/25 - 21:30 ;		 MultiViewCNN;2;2;15;18;0.3876312855751284;0.8709677419354839;0.4984089174578267;0.7741935483870968;0.8416666666666666;0.5964296033304354;0.0004;4;0;0;0.5528265699263541;14
09/02/25 - 21:30 ;		 MultiViewCNN;2;2;15;19;0.38128038183335333;0.8225806451612904;0.5860386087048438;0.7096774193548387;0.8625;0.5933123049427579;0.0004;5;0;1;0.5528265699263541;14
09/02/25 - 21:30 ;		 MultiViewCNN;2;2;16;0;0.6998973757989945;0.46774193548387094;0.690980520940596;0.4838709677419355;0.7083333333333333;0.690980520940596;0.0008;0;0;0;0.690980520940596;0
09/02/25 - 21:30 ;		 MultiViewCNN;2;2;16;1;0.6821157490053484;0.5483870967741935;0.6757263252812047;0.6774193548387096;0.8291666666666666;0.6864042622427786;0.0008;0;0;0;0.6757263252812047;1
09/02/25 - 21:30 ;		 MultiViewCNN;2;2;16;2;0.6618659534761983;0.5806451612903226;0.6566828200894017;0.6451612903225806;0.8166666666666667;0.6774878295967655;0.0008;0;0;0;0.6566828200894017;2
09/02/25 - 21:30 ;		 MultiViewCNN;2;2;16;3;0.6567388292281858;0.6290322580645161;0.6367732978636219;0.6129032258064516;0.8333333333333333;0.6652734700768224;0.0008;0;0;0;0.6367732978636219;3
09/02/25 - 21:31 ;		 MultiViewCNN;2;2;16;4;0.6347536829210096;0.7096774193548387;0.6189848953677762;0.6774193548387096;0.8458333333333333;0.6513868976641085;0.0008;0;0;0;0.6189848953677762;4
09/02/25 - 21:31 ;		 MultiViewCNN;2;2;16;5;0.6117108579604856;0.7741935483870968;0.6063255360049586;0.6774193548387096;0.8708333333333333;0.6378684891663635;0.0008;0;0;0;0.6063255360049586;5
09/02/25 - 21:31 ;		 MultiViewCNN;2;2;16;6;0.5940939899413816;0.7741935483870968;0.5818569141049539;0.7096774193548387;0.8708333333333333;0.6210650166479406;0.0008;0;0;0;0.5818569141049539;6
09/02/25 - 21:31 ;		 MultiViewCNN;2;2;16;7;0.5737652297942869;0.7741935483870968;0.5886311819476466;0.6774193548387096;0.875;0.6113348662378524;0.0008;0;0;0;0.5886311819476466;7
09/02/25 - 21:31 ;		 MultiViewCNN;2;2;16;8;0.5615788140604573;0.8064516129032258;0.567133984258098;0.7096774193548387;0.8708333333333333;0.598074601643926;0.0008;0;0;0;0.567133984258098;8
09/02/25 - 21:31 ;		 MultiViewCNN;2;2;16;9;0.5489695514402082;0.6935483870967742;0.5144313112381966;0.8387096774193549;0.8916666666666667;0.5729816145222072;0.0008;0;0;0;0.5144313112381966;9
09/02/25 - 21:31 ;		 MultiViewCNN;2;2;16;10;0.5178662500073833;0.8387096774193549;0.5380494286937099;0.7741935483870968;0.9125000000000001;0.5625019587736579;0.0008;0;0;0;0.5380494286937099;10
09/02/25 - 21:31 ;		 MultiViewCNN;2;2;16;11;0.48843646434045607;0.8225806451612904;0.49808636211579843;0.7741935483870968;0.9208333333333334;0.5431772797763001;0.0008;0;0;0;0.49808636211579843;11
09/02/25 - 21:31 ;		 MultiViewCNN;2;2;16;12;0.4820094733468948;0.8870967741935484;0.481510438265339;0.8387096774193549;0.9208333333333334;0.5246772273230118;0.0008;0;0;0;0.481510438265339;12
09/02/25 - 21:32 ;		 MultiViewCNN;2;2;16;13;0.442897439964356;0.8709677419354839;0.5658966860463542;0.7096774193548387;0.8875000000000001;0.5370430649400145;0.0008;1;0;0;0.481510438265339;12
09/02/25 - 21:32 ;		 MultiViewCNN;2;2;16;14;0.4481629671589021;0.8709677419354839;0.47868319192240316;0.7741935483870968;0.925;0.519535103034731;0.0008;0;0;0;0.47868319192240316;14
09/02/25 - 21:32 ;		 MultiViewCNN;2;2;16;15;0.4090735845027431;0.8548387096774194;0.4218676282513526;0.8064516129032258;0.9458333333333334;0.49023486059971744;0.0008;0;0;0;0.4218676282513526;15
09/02/25 - 21:32 ;		 MultiViewCNN;2;2;16;16;0.38104393453367297;0.8870967741935484;0.4303998053073883;0.8709677419354839;0.9375;0.4722843440120187;0.0008;0;0;0;0.4303998053073883;16
09/02/25 - 21:32 ;		 MultiViewCNN;2;2;16;17;0.3555049136761696;0.8548387096774194;0.4061423732388404;0.8709677419354839;0.9291666666666667;0.45244175278006515;0.0008;0;0;0;0.4061423732388404;17
09/02/25 - 21:32 ;		 MultiViewCNN;2;2;16;18;0.3065029498069517;0.9354838709677419;0.3811802344937478;0.9032258064516129;0.95;0.4310632972941699;0.0008;0;0;0;0.3811802344937478;18
09/02/25 - 21:32 ;		 MultiViewCNN;2;2;16;19;0.3141288680415;0.8548387096774194;0.3559240843019178;0.9032258064516129;0.9291666666666667;0.4085215333964942;0.0008;0;0;0;0.3559240843019178;19
09/02/25 - 21:32 ;		 MultiViewCNN;2;2;16;20;0.3286564282832607;0.8225806451612904;0.47570860578167823;0.7096774193548387;0.9458333333333333;0.4286776551120494;0.0008;1;0;0;0.3559240843019178;19
09/02/25 - 21:32 ;		 MultiViewCNN;2;2;16;21;0.28127541945826623;0.9354838709677419;0.3605725226863738;0.8387096774193549;0.925;0.4082461153843467;0.0008;2;0;0;0.3559240843019178;19
09/02/25 - 21:33 ;		 MultiViewCNN;2;2;16;22;0.3159599131153476;0.8870967741935484;0.40885826560758776;0.8064516129032258;0.9416666666666667;0.40842976045131896;0.0004;3;1;0;0.3559240843019178;19
09/02/25 - 21:33 ;		 MultiViewCNN;2;2;16;23;0.2625433528615582;0.9193548387096774;0.4238290209924021;0.8064516129032258;0.9458333333333334;0.41304953861364385;0.0004;4;0;0;0.3559240843019178;19
09/02/25 - 21:33 ;		 MultiViewCNN;2;2;16;24;0.31322555772719846;0.8709677419354839;0.4597477489902127;0.7741935483870968;0.9541666666666667;0.4270590017266145;0.0004;5;0;1;0.3559240843019178;19
09/02/25 - 21:48 ;		 MultiViewCNN;2;2;17;0;0.6870776568689654;0.5967741935483871;0.6803232796730534;0.5161290322580645;0.875;0.6803232796730534;0.0008;0;0;0;0.6803232796730534;0
09/02/25 - 21:48 ;		 MultiViewCNN;2;2;17;1;0.6588655402583461;0.6612903225806451;0.6602383755868481;0.6129032258064516;0.875;0.6742978084471918;0.0008;0;0;0;0.6602383755868481;1
09/02/25 - 21:48 ;		 MultiViewCNN;2;2;17;2;0.638824580177184;0.6612903225806451;0.6385709951000829;0.6129032258064516;0.8708333333333333;0.663579764443059;0.0008;0;0;0;0.6385709951000829;2
09/02/25 - 21:48 ;		 MultiViewCNN;2;2;17;3;0.6340177309128546;0.7096774193548387;0.6231210789372844;0.6129032258064516;0.8583333333333334;0.6514421587913266;0.0008;0;0;0;0.6231210789372844;3
09/02/25 - 21:48 ;		 MultiViewCNN;2;2;17;4;0.6105057347205377;0.8064516129032258;0.5985085675793309;0.6774193548387096;0.8666666666666667;0.6355620814277279;0.0008;0;0;0;0.5985085675793309;4
09/02/25 - 21:49 ;		 MultiViewCNN;2;2;17;5;0.584281413785873;0.7419354838709677;0.5762614819311327;0.7096774193548387;0.8708333333333333;0.6177719015787493;0.0008;0;0;0;0.5762614819311327;5
09/02/25 - 21:49 ;		 MultiViewCNN;2;2;17;6;0.5579480740331835;0.8225806451612904;0.5591081034752631;0.8064516129032258;0.8833333333333334;0.6001727621477034;0.0008;0;0;0;0.5591081034752631;6
09/02/25 - 21:49 ;		 MultiViewCNN;2;2;17;7;0.5623310112184093;0.7741935483870968;0.5346161598159421;0.8387096774193549;0.9083333333333334;0.580505781448175;0.0008;0;0;0;0.5346161598159421;7
09/02/25 - 21:49 ;		 MultiViewCNN;2;2;17;8;0.5327486703472752;0.8387096774193549;0.5302310162974943;0.7741935483870968;0.9166666666666667;0.5654233519029708;0.0008;0;0;0;0.5302310162974943;8
09/02/25 - 21:49 ;		 MultiViewCNN;2;2;17;9;0.495649806914791;0.8225806451612904;0.5190527016116727;0.7419354838709677;0.9208333333333334;0.5515121568155813;0.0008;0;0;0;0.5190527016116727;9
09/02/25 - 21:49 ;		 MultiViewCNN;2;2;17;10;0.48432316510908063;0.7741935483870968;0.5160374910600724;0.7096774193548387;0.9750000000000001;0.5408697570889286;0.0008;0;0;0;0.5160374910600724;10
09/02/25 - 21:49 ;		 MultiViewCNN;2;2;17;11;0.4496014137421885;0.9032258064516129;0.4348961874361961;0.9354838709677419;0.9750000000000001;0.5090776861931088;0.0008;0;0;0;0.4348961874361961;11
09/02/25 - 21:49 ;		 MultiViewCNN;2;2;17;12;0.4371951626193139;0.8709677419354839;0.47050230829946454;0.7741935483870968;0.9208333333333334;0.4975050728250155;0.0008;0;0;0;0.47050230829946454;12
09/02/25 - 21:50 ;		 MultiViewCNN;2;2;17;13;0.379127808155552;0.9032258064516129;0.4141157221409582;0.9032258064516129;0.9708333333333334;0.4724882676197983;0.0008;0;0;0;0.4141157221409582;13
09/02/25 - 21:50 ;		 MultiViewCNN;2;2;17;14;0.3926699507621027;0.8870967741935484;0.4888349617681196;0.7741935483870968;0.9500000000000001;0.47739227586429467;0.0008;1;0;0;0.4141157221409582;13
09/02/25 - 21:50 ;		 MultiViewCNN;2;2;17;15;0.3795004794674535;0.8709677419354839;0.48354184915942533;0.7096774193548387;0.9708333333333334;0.47923714785283383;0.0008;2;0;0;0.4141157221409582;13
09/02/25 - 21:50 ;		 MultiViewCNN;2;2;17;16;0.3635311520868732;0.8870967741935484;0.4152654140226303;0.7741935483870968;0.9291666666666667;0.4600456277037728;0.0008;0;0;0;0.4152654140226303;16
09/02/25 - 21:50 ;		 MultiViewCNN;2;2;17;17;0.34730014493388517;0.8709677419354839;0.6091598464596656;0.5806451612903226;0.9458333333333334;0.5047798933305405;0.0008;1;0;0;0.4152654140226303;16
09/02/25 - 21:50 ;		 MultiViewCNN;2;2;17;18;0.29332206758760637;0.9032258064516129;0.3943604019380385;0.8709677419354839;0.9458333333333334;0.47165404591278987;0.0008;2;0;0;0.4152654140226303;16
09/02/25 - 21:50 ;		 MultiViewCNN;2;2;17;19;0.29329905779131;0.8870967741935484;0.6592316396774784;0.6451612903225806;0.9625000000000001;0.5279273240421964;0.0004;3;1;0;0.4152654140226303;16
09/02/25 - 21:50 ;		 MultiViewCNN;2;2;17;20;0.3400305663385699;0.8709677419354839;0.654461226155681;0.6774193548387096;0.9416666666666668;0.5658874946762418;0.0004;4;0;0;0.4152654140226303;16
09/02/25 - 21:50 ;		 MultiViewCNN;2;2;17;21;0.25008193139107;0.9032258064516129;0.552527355570947;0.7096774193548387;0.9375000000000001;0.5618794529446534;0.0004;5;0;1;0.4152654140226303;16
09/02/25 - 21:51 ;		 MultiViewCNN;2;2;18;0;0.6922865702259925;0.4838709677419355;0.6882098470964739;0.6129032258064516;0.7541666666666667;0.6882098470964739;0.0008;0;0;0;0.6882098470964739;0
09/02/25 - 21:51 ;		 MultiViewCNN;2;2;18;1;0.6896846102130029;0.5483870967741935;0.6721799181353662;0.6451612903225806;0.8500000000000001;0.6834008684081415;0.0008;0;0;0;0.6721799181353662;1
09/02/25 - 21:51 ;		 MultiViewCNN;2;2;18;2;0.661877574459199;0.6129032258064516;0.6570087190597288;0.6129032258064516;0.8375;0.6754832236036177;0.0008;0;0;0;0.6570087190597288;2
09/02/25 - 21:51 ;		 MultiViewCNN;2;2;18;3;0.6474019808153952;0.7096774193548387;0.6468762236256753;0.6129032258064516;0.8208333333333333;0.6669011236102349;0.0008;0;0;0;0.6468762236256753;3
09/02/25 - 21:51 ;		 MultiViewCNN;2;2;18;4;0.6295714416811543;0.6612903225806451;0.6476891963712631;0.6129032258064516;0.7999999999999999;0.6611375454385433;0.0008;0;0;0;0.6476891963712631;4
09/02/25 - 21:51 ;		 MultiViewCNN;2;2;18;5;0.6200790059181952;0.7258064516129032;0.6272259104636407;0.6451612903225806;0.8083333333333333;0.6509640549460725;0.0008;0;0;0;0.6272259104636407;5
09/02/25 - 21:51 ;		 MultiViewCNN;2;2;18;6;0.580502248579456;0.7419354838709677;0.5877859630892354;0.7096774193548387;0.8416666666666667;0.6320106273890214;0.0008;0;0;0;0.5877859630892354;6
09/02/25 - 21:51 ;		 MultiViewCNN;2;2;18;7;0.5844411869202891;0.7258064516129032;0.5615528398944486;0.7419354838709677;0.8541666666666667;0.6108732911406495;0.0008;0;0;0;0.5615528398944486;7
09/02/25 - 21:51 ;		 MultiViewCNN;2;2;18;8;0.5666540515038275;0.7741935483870968;0.5520045853430225;0.7741935483870968;0.8875;0.5932126794013614;0.0008;0;0;0;0.5520045853430225;8
09/02/25 - 21:52 ;		 MultiViewCNN;2;2;18;9;0.5510612351279105;0.8548387096774194;0.5650540359558598;0.5806451612903226;0.9333333333333333;0.5847650863677109;0.0008;0;0;0;0.5650540359558598;9
09/02/25 - 21:52 ;		 MultiViewCNN;2;2;18;10;0.4950102606127339;0.9032258064516129;0.5204824978305448;0.8387096774193549;0.9291666666666667;0.5654803098065609;0.0008;0;0;0;0.5204824978305448;10
09/02/25 - 21:52 ;		 MultiViewCNN;2;2;18;11;0.5248299471793636;0.7419354838709677;0.5064986857675737;0.7741935483870968;0.9416666666666667;0.5477858225948647;0.0008;0;0;0;0.5064986857675737;11
09/02/25 - 21:52 ;		 MultiViewCNN;2;2;18;12;0.5064138962376502;0.8387096774193549;0.47694253344689647;0.8064516129032258;0.9458333333333333;0.5265328358504742;0.0008;0;0;0;0.47694253344689647;12
09/02/25 - 21:52 ;		 MultiViewCNN;2;2;18;13;0.4187979717408457;0.9032258064516129;0.49588961370529666;0.7419354838709677;0.9166666666666667;0.5173398692069209;0.0008;0;0;0;0.49588961370529666;13
09/02/25 - 21:52 ;		 MultiViewCNN;2;2;18;14;0.40043459015507854;0.9032258064516129;0.4946369153838004;0.6774193548387096;0.9583333333333334;0.5105289830599847;0.0008;0;0;0;0.4946369153838004;14
09/02/25 - 21:52 ;		 MultiViewCNN;2;2;18;15;0.41923681382210026;0.8709677419354839;0.4120193354545101;0.8709677419354839;0.9583333333333334;0.4809760887783423;0.0008;0;0;0;0.4120193354545101;15
09/02/25 - 21:52 ;		 MultiViewCNN;2;2;18;16;0.3881176960083746;0.8709677419354839;0.4404860734939575;0.7741935483870968;0.9333333333333333;0.4688290841930268;0.0008;0;0;0;0.4404860734939575;16
09/02/25 - 21:53 ;		 MultiViewCNN;2;2;18;17;0.36853256244813243;0.8870967741935484;0.412528105320469;0.8387096774193549;0.9375;0.45193879053125946;0.0008;0;0;0;0.412528105320469;17
09/02/25 - 21:53 ;		 MultiViewCNN;2;2;18;18;0.36500006145046604;0.8548387096774194;0.574144144212046;0.7096774193548387;0.9208333333333334;0.48860039663549537;0.0008;1;0;0;0.412528105320469;17
09/02/25 - 21:53 ;		 MultiViewCNN;2;2;18;19;0.3829021559607598;0.8387096774193549;0.4024879893948955;0.9032258064516129;0.9541666666666666;0.4627666744633154;0.0008;2;0;0;0.412528105320469;17
09/02/25 - 21:53 ;		 MultiViewCNN;2;2;18;20;0.3422807397380952;0.9032258064516129;0.39975216888612314;0.8064516129032258;0.9333333333333333;0.4438623227901577;0.0008;0;0;0;0.39975216888612314;20
09/02/25 - 21:53 ;		 MultiViewCNN;2;2;18;21;0.3613723910623981;0.8225806451612904;0.410407341295673;0.7741935483870968;0.9583333333333334;0.43382582834181227;0.0008;0;0;0;0.410407341295673;21
09/02/25 - 21:53 ;		 MultiViewCNN;2;2;18;22;0.27040239784025377;0.9354838709677419;0.6865414765573317;0.6451612903225806;0.9458333333333333;0.5096405228064681;0.0008;1;0;0;0.410407341295673;21
09/02/25 - 21:53 ;		 MultiViewCNN;2;2;18;23;0.2633199677351982;0.8870967741935484;0.4202537161688651;0.8387096774193549;0.9625;0.48282448081518714;0.0008;2;0;0;0.410407341295673;21
09/02/25 - 21:53 ;		 MultiViewCNN;2;2;18;24;0.25364361703395844;0.9193548387096774;0.42006403015505883;0.8064516129032258;0.8958333333333334;0.46399634561714864;0.0004;3;1;0;0.410407341295673;21
09/02/25 - 21:53 ;		 MultiViewCNN;2;2;18;25;0.28207616171529215;0.9032258064516129;0.3992851270783332;0.7741935483870968;0.9541666666666666;0.444582980055504;0.0004;4;0;0;0.410407341295673;21
09/02/25 - 21:54 ;		 MultiViewCNN;2;2;18;26;0.22653559907790152;0.9354838709677419;0.34223198890686035;0.8387096774193549;0.95;0.4138776827109109;0.0004;0;0;0;0.34223198890686035;26
09/02/25 - 21:54 ;		 MultiViewCNN;2;2;18;27;0.1964514515092296;0.9516129032258065;0.38233009076887564;0.8064516129032258;0.9500000000000001;0.40441340512830026;0.0004;0;0;0;0.38233009076887564;27
09/02/25 - 21:54 ;		 MultiViewCNN;2;2;18;28;0.2402390693464587;0.9354838709677419;0.4067255393151314;0.8064516129032258;0.9166666666666666;0.4051070453843496;0.0004;1;0;0;0.38233009076887564;27
09/02/25 - 21:54 ;		 MultiViewCNN;2;2;18;29;0.24040266102360142;0.9193548387096774;0.3631514685769235;0.8064516129032258;0.9291666666666667;0.3925203723421217;0.0004;0;0;0;0.3631514685769235;29
09/02/25 - 21:54 ;		 MultiViewCNN;2;3;1;0;0.6906383287522101;0.532258064516129;0.691181730839514;0.45161290322580644;0.8235294117647058;0.691181730839514;0.0002;0;0;0;0.691181730839514;0
09/02/25 - 21:54 ;		 MultiViewCNN;2;3;1;1;0.6842359150609663;0.6129032258064516;0.6846001494315362;0.6129032258064516;0.7773109243697479;0.6892072564171206;0.0002;1;0;0;0.691181730839514;0
09/02/25 - 21:54 ;		 MultiViewCNN;2;3;1;2;0.6772830428615693;0.6451612903225806;0.6781151775390871;0.6129032258064516;0.73109243697479;0.6858796327537104;0.0002;0;0;0;0.6781151775390871;2
09/02/25 - 21:54 ;		 MultiViewCNN;2;3;1;3;0.6735474601868661;0.6612903225806451;0.6715761807657057;0.5806451612903226;0.7100840336134454;0.681588597157309;0.0002;0;0;0;0.6715761807657057;3
09/02/25 - 21:54 ;		 MultiViewCNN;2;3;1;4;0.6622525126703324;0.6290322580645161;0.666369536230641;0.5483870967741935;0.6974789915966386;0.6770228788793086;0.0002;0;0;0;0.666369536230641;4
09/02/25 - 21:55 ;		 MultiViewCNN;2;3;1;5;0.6561734368724208;0.6774193548387096;0.6619519110648863;0.5806451612903226;0.7016806722689075;0.6725015885349819;0.0002;0;0;0;0.6619519110648863;5
09/02/25 - 21:55 ;		 MultiViewCNN;2;3;1;6;0.6477418714954007;0.6451612903225806;0.6580718524994389;0.6129032258064516;0.7058823529411764;0.6681726677243189;0.0002;0;0;0;0.6580718524994389;6
09/02/25 - 21:55 ;		 MultiViewCNN;2;3;1;7;0.6452781115808794;0.7258064516129032;0.6527883968045635;0.6129032258064516;0.7142857142857143;0.6635573864483922;0.0002;0;0;0;0.6527883968045635;7
09/02/25 - 21:55 ;		 MultiViewCNN;2;3;1;8;0.6249433775101939;0.7580645161290323;0.6470926961591167;0.6129032258064516;0.7226890756302521;0.6586179793616096;0.0002;0;0;0;0.6470926961591167;8
09/02/25 - 21:55 ;		 MultiViewCNN;2;3;1;9;0.6186927172445482;0.7258064516129032;0.6428897092419286;0.6129032258064516;0.7226890756302521;0.6538994983257053;0.0002;0;0;0;0.6428897092419286;9
09/02/25 - 21:55 ;		 MultiViewCNN;2;3;1;10;0.6166368780597564;0.6935483870967742;0.638578051520932;0.6129032258064516;0.7352941176470588;0.6493030642842733;0.0002;0;0;0;0.638578051520932;10
09/02/25 - 21:55 ;		 MultiViewCNN;2;3;1;11;0.6150301291096595;0.7258064516129032;0.6354432529018771;0.6774193548387096;0.7352941176470588;0.6451451208695544;0.0002;0;0;0;0.6354432529018771;11
09/02/25 - 21:56 ;		 MultiViewCNN;2;3;1;12;0.6023652245921474;0.7419354838709677;0.6333114581723367;0.6451612903225806;0.726890756302521;0.6415950220603891;0.0002;0;0;0;0.6333114581723367;12
09/02/25 - 21:56 ;		 MultiViewCNN;2;3;1;13;0.5892934722285117;0.7580645161290323;0.6300771967057259;0.6451612903225806;0.7436974789915967;0.6381396744539901;0.0002;0;0;0;0.6300771967057259;13
09/02/25 - 21:56 ;		 MultiViewCNN;2;3;1;14;0.5902726977102218;0.7741935483870968;0.6275442915578042;0.6451612903225806;0.7394957983193278;0.6349610595851343;0.0002;0;0;0;0.6275442915578042;14
09/02/25 - 21:56 ;		 MultiViewCNN;2;3;1;15;0.5569856243748819;0.8064516129032258;0.6221513209804412;0.6451612903225806;0.7394957983193278;0.6311181380037263;0.0002;0;0;0;0.6221513209804412;15
09/02/25 - 21:56 ;		 MultiViewCNN;2;3;1;16;0.5768754597633116;0.7903225806451613;0.621509978848119;0.6451612903225806;0.7352941176470588;0.6282356902570441;0.0002;0;0;0;0.621509978848119;16
09/02/25 - 21:56 ;		 MultiViewCNN;2;3;1;17;0.5520282099323888;0.7903225806451613;0.6209324156084368;0.6129032258064516;0.73109243697479;0.6260447078624618;0.0002;0;0;0;0.6209324156084368;17
09/02/25 - 21:56 ;		 MultiViewCNN;2;3;1;18;0.5538945092308906;0.8064516129032258;0.6173858719487344;0.6129032258064516;0.7394957983193278;0.6234470570883436;0.0002;0;0;0;0.6173858719487344;18
09/02/25 - 21:56 ;		 MultiViewCNN;2;3;1;19;0.5213574228748199;0.8064516129032258;0.6159803944249307;0.6129032258064516;0.7352941176470589;0.6212070582893197;0.0002;0;0;0;0.6159803944249307;19
09/02/25 - 21:57 ;		 MultiViewCNN;2;3;1;20;0.5481296873861744;0.7741935483870968;0.6150030436054352;0.6129032258064516;0.7310924369747899;0.6193458538841543;0.0002;1;0;0;0.6159803944249307;19
09/02/25 - 21:57 ;		 MultiViewCNN;2;3;1;21;0.5293291095764406;0.7741935483870968;0.6167758933959469;0.6129032258064516;0.7521008403361344;0.618574865737692;0.0002;0;0;0;0.6167758933959469;21
09/02/25 - 21:57 ;		 MultiViewCNN;2;3;1;22;0.5259108101167986;0.7580645161290323;0.6002925384429193;0.6451612903225806;0.7394957983193278;0.6130901675492602;0.0002;0;0;0;0.6002925384429193;22
09/02/25 - 21:57 ;		 MultiViewCNN;2;3;1;23;0.48970160753496234;0.8064516129032258;0.5972404422298554;0.6451612903225806;0.7436974789915967;0.6083352499534387;0.0002;0;0;0;0.5972404422298554;23
09/02/25 - 21:57 ;		 MultiViewCNN;2;3;1;24;0.5058744165205187;0.7741935483870968;0.5944451247492144;0.6451612903225806;0.7563025210084033;0.6041682123921714;0.0002;0;0;0;0.5944451247492144;24
09/02/25 - 21:57 ;		 MultiViewCNN;2;3;1;25;0.474334180355072;0.8064516129032258;0.5910478811110219;0.6451612903225806;0.7647058823529411;0.6002321130078265;0.0002;0;0;0;0.5910478811110219;25
09/02/25 - 21:57 ;		 MultiViewCNN;2;3;1;26;0.472695239128605;0.8387096774193549;0.6039883936605146;0.6451612903225806;0.76890756302521;0.601358997203633;0.0002;1;0;0;0.5910478811110219;25
09/02/25 - 21:57 ;		 MultiViewCNN;2;3;1;27;0.4604759341286075;0.8225806451612904;0.5861560029368247;0.6451612903225806;0.7647058823529411;0.5967980989235905;0.0002;0;0;0;0.5861560029368247;27
09/02/25 - 21:58 ;		 MultiViewCNN;2;3;1;28;0.5019556774247077;0.7903225806451613;0.5962000527689534;0.6451612903225806;0.7857142857142857;0.5966186850771993;0.0002;1;0;0;0.5861560029368247;27
09/02/25 - 21:58 ;		 MultiViewCNN;2;3;1;29;0.45869543090943365;0.8387096774193549;0.5554032883336467;0.7096774193548387;0.7857142857142857;0.5842540660541335;0.0002;0;0;0;0.5554032883336467;29
09/02/25 - 21:58 ;		 MultiViewCNN;2;3;2;0;0.6953788668878617;0.46774193548387094;0.6927116647843392;0.45161290322580644;0.6848739495798319;0.6927116647843392;0.0002;0;0;0;0.6927116647843392;0
09/02/25 - 21:58 ;		 MultiViewCNN;2;3;2;1;0.6845649019364388;0.5;0.6865179077271493;0.7741935483870968;0.8151260504201681;0.6908535376671822;0.0002;1;0;0;0.6927116647843392;0
09/02/25 - 21:58 ;		 MultiViewCNN;2;3;2;2;0.6778042739437472;0.532258064516129;0.6780053838606803;0.6451612903225806;0.7983193277310924;0.6869990915252315;0.0002;0;0;0;0.6780053838606803;2
09/02/25 - 21:58 ;		 MultiViewCNN;2;3;2;3;0.6834132863629249;0.5483870967741935;0.6714245734676239;0.6129032258064516;0.7899159663865546;0.6823267361079492;0.0002;0;0;0;0.6714245734676239;3
09/02/25 - 21:58 ;		 MultiViewCNN;2;3;2;4;0.6693576805053219;0.6612903225806451;0.665262229980961;0.6129032258064516;0.7899159663865546;0.6772073842698527;0.0002;0;0;0;0.665262229980961;4
09/02/25 - 21:58 ;		 MultiViewCNN;2;3;2;5;0.654733621305035;0.6612903225806451;0.6606565713882446;0.5806451612903226;0.7647058823529411;0.6722421404053702;0.0002;0;0;0;0.6606565713882446;5
09/02/25 - 21:59 ;		 MultiViewCNN;2;3;2;6;0.6606107777164828;0.6935483870967742;0.6557022833055065;0.6451612903225806;0.7689075630252101;0.667280183275411;0.0002;0;0;0;0.6557022833055065;6
09/02/25 - 21:59 ;		 MultiViewCNN;2;3;2;7;0.6451821442573301;0.7258064516129032;0.6509656829218711;0.6451612903225806;0.7773109243697479;0.662385833169349;0.0002;0;0;0;0.6509656829218711;7
09/02/25 - 21:59 ;		 MultiViewCNN;2;3;2;8;0.6435715921463505;0.7096774193548387;0.6478732170597199;0.6129032258064516;0.773109243697479;0.6580320483364602;0.0002;0;0;0;0.6478732170597199;8
09/02/25 - 21:59 ;		 MultiViewCNN;2;3;2;9;0.6327499381957515;0.7258064516129032;0.6429615386070744;0.6129032258064516;0.7773109243697479;0.6535108954176445;0.0002;0;0;0;0.6429615386070744;9
09/02/25 - 21:59 ;		 MultiViewCNN;2;3;2;10;0.6228126210551108;0.7096774193548387;0.6397907214780008;0.5806451612903226;0.7563025210084033;0.6493948432357514;0.0002;0;0;0;0.6397907214780008;10
09/02/25 - 21:59 ;		 MultiViewCNN;2;3;2;11;0.6330467539448892;0.7741935483870968;0.6341719012106618;0.5806451612903226;0.76890756302521;0.6448279606282245;0.0002;0;0;0;0.6341719012106618;11
09/02/25 - 21:59 ;		 MultiViewCNN;2;3;2;12;0.6160584649732036;0.7903225806451613;0.6276824916562727;0.6129032258064516;0.7773109243697479;0.6396843199366389;0.0002;0;0;0;0.6276824916562727;12
09/02/25 - 21:59 ;		 MultiViewCNN;2;3;2;13;0.6061617097546977;0.7580645161290323;0.623833587092738;0.6129032258064516;0.7899159663865546;0.6349291000834686;0.0002;0;0;0;0.623833587092738;13
09/02/25 - 22:00 ;		 MultiViewCNN;2;3;2;14;0.6167032834022276;0.6935483870967742;0.6216161385659249;0.6129032258064516;0.7815126050420168;0.6309352116282054;0.0002;0;0;0;0.6216161385659249;14
09/02/25 - 22:00 ;		 MultiViewCNN;2;3;2;15;0.582441137683007;0.8225806451612904;0.6213201495908922;0.6129032258064516;0.7647058823529412;0.6280506930170114;0.0002;0;0;0;0.6213201495908922;15
09/02/25 - 22:00 ;		 MultiViewCNN;2;3;2;16;0.5826387116985936;0.7741935483870968;0.6193220576932353;0.5483870967741935;0.7478991596638656;0.6254321024198786;0.0002;0;0;0;0.6193220576932353;16
09/02/25 - 22:00 ;		 MultiViewCNN;2;3;2;17;0.5778777387834364;0.7580645161290323;0.612188539197368;0.6451612903225806;0.7478991596638656;0.6214590334531254;0.0002;0;0;0;0.612188539197368;17
09/02/25 - 22:00 ;		 MultiViewCNN;2;3;2;18;0.5963330432291953;0.6612903225806451;0.6021870259315737;0.7096774193548387;0.7815126050420168;0.6156774311966599;0.0002;0;0;0;0.6021870259315737;18
09/02/25 - 22:00 ;		 MultiViewCNN;2;3;2;19;0.5673693033956713;0.7741935483870968;0.5955028168616756;0.6774193548387096;0.7899159663865546;0.6096250468961646;0.0002;0;0;0;0.5955028168616756;19
09/02/25 - 22:00 ;		 MultiViewCNN;2;3;2;20;0.5495004692385274;0.8548387096774194;0.5928790723123858;0.7096774193548387;0.7857142857142857;0.6046012545210309;0.0002;0;0;0;0.5928790723123858;20
09/02/25 - 22:00 ;		 MultiViewCNN;2;3;2;21;0.5613030579782301;0.8064516129032258;0.5951111681999699;0.6774193548387096;0.8109243697478992;0.6017542286247126;0.0002;0;0;0;0.5951111681999699;21
09/02/25 - 22:01 ;		 MultiViewCNN;2;3;2;22;0.5427302583571403;0.8709677419354839;0.613794619037259;0.7096774193548387;0.8319327731092437;0.6053663457484765;0.0002;1;0;0;0.5951111681999699;21
09/02/25 - 22:01 ;		 MultiViewCNN;2;3;2;23;0.5414244974813154;0.8548387096774194;0.5944897436326549;0.6774193548387096;0.8109243697478992;0.60210336511373;0.0002;2;0;0;0.5951111681999699;21
09/02/25 - 22:01 ;		 MultiViewCNN;2;3;2;24;0.5069967316042993;0.8225806451612904;0.5820563512463723;0.7096774193548387;0.7815126050420168;0.5960892609535227;0.0002;0;0;0;0.5820563512463723;24
09/02/25 - 22:01 ;		 MultiViewCNN;2;3;2;25;0.5434486519905829;0.7741935483870968;0.5738088392442272;0.6774193548387096;0.7983193277310924;0.5894051344407341;0.0002;0;0;0;0.5738088392442272;25
09/02/25 - 22:01 ;		 MultiViewCNN;2;3;2;26;0.5306607407908286;0.7258064516129032;0.5836124689348282;0.7096774193548387;0.8403361344537815;0.5876673347889623;0.0002;1;0;0;0.5738088392442272;25
09/02/25 - 22:01 ;		 MultiViewCNN;2;3;2;27;0.48689582655506747;0.8709677419354839;0.5928676089932842;0.6774193548387096;0.8403361344537815;0.5892274170502588;0.0002;2;0;0;0.5738088392442272;25
09/02/25 - 22:01 ;		 MultiViewCNN;2;3;2;28;0.5256056872106367;0.8064516129032258;0.5586743316342754;0.7741935483870968;0.8529411764705883;0.5800614914254638;0.0002;0;0;0;0.5586743316342754;28
09/02/25 - 22:02 ;		 MultiViewCNN;2;3;2;29;0.4716355512219091;0.8225806451612904;0.5351243115240528;0.7741935483870968;0.8613445378151261;0.5665803374550404;0.0002;0;0;0;0.5351243115240528;29
09/02/25 - 22:02 ;		 MultiViewCNN;2;3;3;0;0.6890351003216159;0.5806451612903226;0.6915113156841647;0.5483870967741935;0.4705882352941177;0.6915113156841647;0.0002;0;0;0;0.6915113156841647;0
09/02/25 - 22:02 ;		 MultiViewCNN;2;3;3;1;0.6884709115951292;0.5645161290322581;0.689289266063321;0.5806451612903226;0.6218487394957983;0.6908447007979115;0.0002;1;0;0;0.6915113156841647;0
09/02/25 - 22:02 ;		 MultiViewCNN;2;3;3;2;0.6708902101362905;0.6612903225806451;0.6847848988348438;0.5161290322580645;0.6512605042016807;0.6890267602089911;0.0002;0;0;0;0.6847848988348438;2
09/02/25 - 22:02 ;		 MultiViewCNN;2;3;3;3;0.6691365876505452;0.6129032258064516;0.6791826890360925;0.5161290322580645;0.6596638655462185;0.6860735388571215;0.0002;0;0;0;0.6791826890360925;3
09/02/25 - 22:02 ;		 MultiViewCNN;2;3;3;4;0.6652931782507128;0.6774193548387096;0.6747937683136233;0.5161290322580645;0.6680672268907564;0.6826896076940719;0.0002;0;0;0;0.6747937683136233;4
09/02/25 - 22:02 ;		 MultiViewCNN;2;3;3;5;0.668200517854383;0.6612903225806451;0.6716325879096985;0.5161290322580645;0.680672268907563;0.6793725017587599;0.0002;0;0;0;0.6716325879096985;5
09/02/25 - 22:02 ;		 MultiViewCNN;2;3;3;6;0.663202331912133;0.6774193548387096;0.6687365347339261;0.5161290322580645;0.6932773109243697;0.6761817116513097;0.0002;0;0;0;0.6687365347339261;6
09/02/25 - 22:03 ;		 MultiViewCNN;2;3;3;7;0.6453651708941306;0.7096774193548387;0.6662850918308381;0.5161290322580645;0.6848739495798319;0.6732127257051681;0.0002;0;0;0;0.6662850918308381;7
09/02/25 - 22:03 ;		 MultiViewCNN;2;3;3;8;0.645134445159666;0.6290322580645161;0.663391601654791;0.5161290322580645;0.6722689075630253;0.6702663884900549;0.0002;0;0;0;0.663391601654791;8
09/02/25 - 22:03 ;		 MultiViewCNN;2;3;3;9;0.6355634697021977;0.6612903225806451;0.6617139424047163;0.5483870967741935;0.6722689075630253;0.6677006546644533;0.0002;0;0;0;0.6617139424047163;9
09/02/25 - 22:03 ;		 MultiViewCNN;2;3;3;10;0.635095359817628;0.7096774193548387;0.66037509710558;0.5161290322580645;0.6638655462184874;0.6655029873967913;0.0002;0;0;0;0.66037509710558;10
09/02/25 - 22:03 ;		 MultiViewCNN;2;3;3;12;0.6016774504415451;0.7741935483870968;0.6555180799576544;0.5806451612903226;0.6722689075630253;0.6609075806659592;0.0002;0;0;0;0.6555180799576544;12
09/02/25 - 22:03 ;		 MultiViewCNN;2;3;3;13;0.628279983997345;0.6612903225806451;0.6533954239660694;0.6129032258064516;0.6680672268907564;0.6586539336559922;0.0002;0;0;0;0.6533954239660694;13
09/02/25 - 22:03 ;		 MultiViewCNN;2;3;3;14;0.6296855884213601;0.6612903225806451;0.6513887912996353;0.6129032258064516;0.6638655462184875;0.6564743909490851;0.0002;0;0;0;0.6513887912996353;14
09/02/25 - 22:04 ;		 MultiViewCNN;2;3;3;15;0.6397734457446683;0.6290322580645161;0.646794770994494;0.5806451612903226;0.6764705882352942;0.6535705049627077;0.0002;0;0;0;0.646794770994494;15
09/02/25 - 22:04 ;		 MultiViewCNN;2;3;3;16;0.6000709591373321;0.6935483870967742;0.6447254861554792;0.5806451612903226;0.680672268907563;0.6509169993205391;0.0002;0;0;0;0.6447254861554792;16
09/02/25 - 22:04 ;		 MultiViewCNN;2;3;3;17;0.5984176176209604;0.7741935483870968;0.6447655423994987;0.5806451612903226;0.6890756302521008;0.649071562244227;0.0002;1;0;0;0.6447254861554792;16
09/02/25 - 22:04 ;		 MultiViewCNN;2;3;3;19;0.5894472483665713;0.7580645161290323;0.6390496242430902;0.6129032258064516;0.6932773109243697;0.6441533912771864;0.0002;0;0;0;0.6390496242430902;19
09/02/25 - 22:04 ;		 MultiViewCNN;2;3;3;20;0.5870693748997103;0.7258064516129032;0.6397706020262933;0.6129032258064516;0.7184873949579832;0.6428385545019184;0.0002;1;0;0;0.6390496242430902;19
09/02/25 - 22:04 ;		 MultiViewCNN;2;3;3;21;0.5789196952696769;0.7419354838709677;0.6465756258656902;0.6774193548387096;0.7184873949579832;0.64395967591105;0.0002;2;0;0;0.6390496242430902;19
09/02/25 - 22:05 ;		 MultiViewCNN;2;3;3;22;0.5666486217129615;0.7903225806451613;0.6416377136784215;0.6451612903225806;0.7268907563025211;0.6432630872412614;0.0001;3;1;0;0.6390496242430902;19
09/02/25 - 22:05 ;		 MultiViewCNN;2;3;3;23;0.592116246300359;0.7096774193548387;0.6282928739824603;0.6451612903225806;0.7226890756302521;0.6387720232636209;0.0001;0;0;0;0.6282928739824603;23
09/02/25 - 22:05 ;		 MultiViewCNN;2;3;3;24;0.5540797037463034;0.7903225806451613;0.6250297196449772;0.6129032258064516;0.7268907563025211;0.6346493321780278;0.0001;0;0;0;0.6250297196449772;24
09/02/25 - 22:05 ;		 MultiViewCNN;2;3;3;25;0.55888629921021;0.8064516129032258;0.6220748982121868;0.5806451612903226;0.7394957983193277;0.6308770019882755;0.0001;0;0;0;0.6220748982121868;25
09/02/25 - 22:05 ;		 MultiViewCNN;2;3;3;26;0.5649145264779368;0.7258064516129032;0.6234794778208579;0.5806451612903226;0.7352941176470589;0.6286577447380501;0.0001;0;0;0;0.6234794778208579;26
09/02/25 - 22:05 ;		 MultiViewCNN;2;3;3;27;0.5438896840618502;0.8064516129032258;0.624992557110325;0.6129032258064516;0.7184873949579832;0.6275581884497325;0.0001;1;0;0;0.6234794778208579;26
09/02/25 - 22:05 ;		 MultiViewCNN;2;3;3;28;0.5465920702103646;0.7096774193548387;0.6243530338810336;0.5806451612903226;0.7226890756302522;0.6265966420791228;0.0001;0;0;0;0.6243530338810336;28
09/02/25 - 22:05 ;		 MultiViewCNN;2;3;3;29;0.5648171190292605;0.7580645161290323;0.6244577323236773;0.6129032258064516;0.726890756302521;0.6259549691524892;0.0001;1;0;0;0.6243530338810336;28
09/02/25 - 22:06 ;		 MultiViewCNN;2;3;4;0;0.6949883853235552;0.532258064516129;0.6890515069807729;0.7096774193548387;0.7773109243697479;0.6890515069807729;0.0002;0;0;0;0.6890515069807729;0
09/02/25 - 22:06 ;		 MultiViewCNN;2;3;4;1;0.6886952634780638;0.5483870967741935;0.6853102118738236;0.7096774193548387;0.8277310924369747;0.687929118448688;0.0002;1;0;0;0.6890515069807729;0
09/02/25 - 22:06 ;		 MultiViewCNN;2;3;4;2;0.6762072463189402;0.6451612903225806;0.6802016323612582;0.7741935483870968;0.865546218487395;0.685610872622459;0.0002;0;0;0;0.6802016323612582;2
09/02/25 - 22:06 ;		 MultiViewCNN;2;3;4;3;0.6709478901278588;0.6612903225806451;0.6720501953555692;0.8064516129032258;0.8739495798319328;0.6815426694423921;0.0002;0;0;0;0.6720501953555692;3
09/02/25 - 22:06 ;		 MultiViewCNN;2;3;4;4;0.6720184529981306;0.6451612903225806;0.6626918027477879;0.7419354838709677;0.8319327731092436;0.6758874094340108;0.0002;0;0;0;0.6626918027477879;4
09/02/25 - 22:06 ;		 MultiViewCNN;2;3;4;5;0.6606913305098011;0.6935483870967742;0.6547837584249435;0.7096774193548387;0.819327731092437;0.6695563141312906;0.0002;0;0;0;0.6547837584249435;5
09/02/25 - 22:06 ;		 MultiViewCNN;2;3;4;6;0.6571258960231658;0.6935483870967742;0.6490329427103843;0.6774193548387096;0.8025210084033613;0.6633993027050187;0.0002;0;0;0;0.6490329427103843;6
09/02/25 - 22:06 ;		 MultiViewCNN;2;3;4;7;0.6520828470107047;0.6935483870967742;0.6423984343005765;0.6774193548387096;0.8151260504201681;0.657099042183686;0.0002;0;0;0;0.6423984343005765;7
09/02/25 - 22:07 ;		 MultiViewCNN;2;3;4;8;0.6476067900657654;0.7258064516129032;0.6388482143802028;0.6774193548387096;0.7983193277310924;0.651623793842641;0.0002;0;0;0;0.6388482143802028;8
09/02/25 - 22:07 ;		 MultiViewCNN;2;3;4;9;0.6347517121222711;0.7580645161290323;0.6350257108288426;0.6129032258064516;0.7941176470588235;0.6466443689385015;0.0002;0;0;0;0.6350257108288426;9
09/02/25 - 22:07 ;		 MultiViewCNN;2;3;4;10;0.6303000680861934;0.7580645161290323;0.6308649143865032;0.6451612903225806;0.7857142857142857;0.641910532572902;0.0002;0;0;0;0.6308649143865032;10
09/02/25 - 22:07 ;		 MultiViewCNN;2;3;4;11;0.6243503901266283;0.7580645161290323;0.6240747628673431;0.6129032258064516;0.7899159663865546;0.6365598016612343;0.0002;0;0;0;0.6240747628673431;11
09/02/25 - 22:07 ;		 MultiViewCNN;2;3;4;12;0.6183597195533014;0.7258064516129032;0.6184178590774536;0.6451612903225806;0.7899159663865546;0.6311172188861001;0.0002;0;0;0;0.6184178590774536;12
09/02/25 - 22:07 ;		 MultiViewCNN;2;3;4;13;0.6155708701379837;0.7419354838709677;0.6117863751226856;0.6451612903225806;0.7899159663865546;0.6253179657570758;0.0002;0;0;0;0.6117863751226856;13
09/02/25 - 22:07 ;		 MultiViewCNN;2;3;4;14;0.5924698152849751;0.7580645161290323;0.6070463849652198;0.7419354838709677;0.8109243697478992;0.6198364915195189;0.0002;0;0;0;0.6070463849652198;14
09/02/25 - 22:07 ;		 MultiViewCNN;2;3;4;15;0.6025428137471599;0.7096774193548387;0.6037239374652985;0.7096774193548387;0.8277310924369748;0.6150027253032527;0.0002;0;0;0;0.6037239374652985;15
09/02/25 - 22:08 ;		 MultiViewCNN;2;3;4;16;0.6017837005276834;0.7419354838709677;0.5968856273158905;0.7096774193548387;0.8361344537815126;0.609567595907044;0.0002;0;0;0;0.5968856273158905;16
09/02/25 - 22:08 ;		 MultiViewCNN;2;3;4;17;0.6001696701972715;0.8064516129032258;0.5933916491846885;0.7419354838709677;0.8403361344537815;0.6047148118903374;0.0002;0;0;0;0.5933916491846885;17
09/02/25 - 22:08 ;		 MultiViewCNN;2;3;4;18;0.6003317333036854;0.7580645161290323;0.5846517412893234;0.7419354838709677;0.8403361344537815;0.5986958907100332;0.0002;0;0;0;0.5846517412893234;18
09/02/25 - 22:08 ;		 MultiViewCNN;2;3;4;19;0.5822017538932062;0.7903225806451613;0.5777730441862537;0.7096774193548387;0.8739495798319327;0.5924190367528993;0.0002;0;0;0;0.5777730441862537;19
09/02/25 - 22:08 ;		 MultiViewCNN;2;3;4;20;0.5799269483935449;0.7741935483870968;0.5731101593663616;0.7419354838709677;0.865546218487395;0.5866263735369379;0.0002;0;0;0;0.5731101593663616;20
09/02/25 - 22:08 ;		 MultiViewCNN;2;3;4;21;0.5580705000508216;0.7580645161290323;0.5646170416185933;0.8387096774193549;0.8739495798319327;0.5800235739614346;0.0002;0;0;0;0.5646170416185933;21
09/02/25 - 22:08 ;		 MultiViewCNN;2;3;4;22;0.5753065309216899;0.7903225806451613;0.558306138361654;0.8387096774193549;0.8739495798319327;0.5735083432815004;0.0002;0;0;0;0.558306138361654;22
09/02/25 - 22:08 ;		 MultiViewCNN;2;3;4;23;0.5341462714056815;0.8064516129032258;0.5539782239544776;0.7741935483870968;0.8697478991596639;0.5676493074833935;0.0002;0;0;0;0.5539782239544776;23
09/02/25 - 22:09 ;		 MultiViewCNN;2;3;4;24;0.561517886577114;0.7258064516129032;0.5564838320978226;0.7419354838709677;0.8865546218487395;0.5642996648677222;0.0002;0;0;0;0.5564838320978226;24
09/02/25 - 22:09 ;		 MultiViewCNN;2;3;4;25;0.5516164187462099;0.7741935483870968;0.5468318846917921;0.7419354838709677;0.8907563025210083;0.5590593308149432;0.0002;0;0;0;0.5468318846917921;25
09/02/25 - 22:09 ;		 MultiViewCNN;2;3;4;26;0.51319446582948;0.8548387096774194;0.5408154552982699;0.8064516129032258;0.8865546218487395;0.5535861681599412;0.0002;0;0;0;0.5408154552982699;26
09/02/25 - 22:09 ;		 MultiViewCNN;2;3;4;27;0.5072705688015107;0.8064516129032258;0.5303540229797363;0.7419354838709677;0.8823529411764706;0.5466165246058797;0.0002;0;0;0;0.5303540229797363;27
09/02/25 - 22:09 ;		 MultiViewCNN;2;3;4;28;0.5054909509997214;0.7903225806451613;0.5176427133621708;0.7741935483870968;0.9117647058823529;0.537924381232767;0.0002;0;0;0;0.5176427133621708;28
09/02/25 - 22:09 ;		 MultiViewCNN;2;3;4;29;0.5092698643284459;0.7580645161290323;0.5152177887578164;0.8387096774193549;0.9243697478991596;0.5311124034902818;0.0002;0;0;0;0.5152177887578164;29
09/02/25 - 22:09 ;		 MultiViewCNN;2;3;5;0;0.6864464456035245;0.5645161290322581;0.6895531108302455;0.6774193548387096;0.6974789915966386;0.6895531108302455;0.0002;0;0;0;0.6895531108302455;0
09/02/25 - 22:10 ;		 MultiViewCNN;2;3;5;1;0.6846527130373062;0.532258064516129;0.6855215987851543;0.6451612903225806;0.7647058823529412;0.6883436572167181;0.0002;1;0;0;0.6895531108302455;0
09/02/25 - 22:10 ;		 MultiViewCNN;2;3;5;2;0.6735148352961386;0.6612903225806451;0.6785154823333986;0.6451612903225806;0.7983193277310924;0.6853952047517222;0.0002;0;0;0;0.6785154823333986;2
09/02/25 - 22:10 ;		 MultiViewCNN;2;3;5;3;0.6798993310620708;0.5483870967741935;0.6716058254241943;0.6129032258064516;0.7899159663865547;0.6812583909534637;0.0002;0;0;0;0.6716058254241943;3
09/02/25 - 22:10 ;		 MultiViewCNN;2;3;5;4;0.6689557298537223;0.6612903225806451;0.665486866428006;0.6774193548387096;0.7815126050420167;0.6765269335958264;0.0002;0;0;0;0.665486866428006;4
09/02/25 - 22:10 ;		 MultiViewCNN;2;3;5;5;0.6618818083117085;0.6774193548387096;0.6602056199504484;0.6774193548387096;0.7857142857142857;0.671630539502213;0.0002;0;0;0;0.6602056199504484;5
09/02/25 - 22:10 ;		 MultiViewCNN;2;3;5;6;0.6610283217122478;0.6774193548387096;0.6547708261397577;0.6774193548387096;0.8025210084033614;0.6665726254934764;0.0002;0;0;0;0.6547708261397577;6
09/02/25 - 22:10 ;		 MultiViewCNN;2;3;5;7;0.6564592546032321;0.6290322580645161;0.6503491863127677;0.6451612903225806;0.8067226890756303;0.6617055937392637;0.0002;0;0;0;0.6503491863127677;7
09/02/25 - 22:10 ;		 MultiViewCNN;2;3;5;8;0.6599042992438039;0.6290322580645161;0.6468474749595888;0.6451612903225806;0.8067226890756303;0.6572481581053612;0.0002;0;0;0;0.6468474749595888;8
09/02/25 - 22:11 ;		 MultiViewCNN;2;3;5;9;0.6327280248365095;0.7741935483870968;0.6426205942707677;0.6774193548387096;0.8193277310924371;0.652859888954983;0.0002;0;0;0;0.6426205942707677;9
09/02/25 - 22:11 ;		 MultiViewCNN;2;3;5;10;0.6584998599944576;0.6935483870967742;0.6383407500482374;0.6774193548387096;0.819327731092437;0.6485041472829594;0.0002;0;0;0;0.6383407500482374;10
09/02/25 - 22:11 ;		 MultiViewCNN;2;3;5;11;0.6372241089420934;0.7258064516129032;0.6333205200010731;0.6129032258064516;0.8109243697478992;0.6439490590983934;0.0002;0;0;0;0.6333205200010731;11
09/02/25 - 22:11 ;		 MultiViewCNN;2;3;5;12;0.6328612066084339;0.7096774193548387;0.6284616397273156;0.6451612903225806;0.8151260504201681;0.63930283328707;0.0002;0;0;0;0.6284616397273156;12
09/02/25 - 22:11 ;		 MultiViewCNN;2;3;5;13;0.6236911512190296;0.7903225806451613;0.6221725709976689;0.7096774193548387;0.8151260504201681;0.6341637546002497;0.0002;0;0;0;0.6221725709976689;13
09/02/25 - 22:11 ;		 MultiViewCNN;2;3;5;14;0.6098904340497909;0.7419354838709677;0.6188243339138646;0.7096774193548387;0.8109243697478992;0.6295619283943341;0.0002;0;0;0;0.6188243339138646;14
09/02/25 - 22:11 ;		 MultiViewCNN;2;3;5;15;0.6156241759177177;0.7419354838709677;0.6130526604190949;0.6774193548387096;0.8151260504201681;0.6246091480017624;0.0002;0;0;0;0.6130526604190949;15
09/02/25 - 22:12 ;		 MultiViewCNN;2;3;5;16;0.5930835662349578;0.7903225806451613;0.6050146183659953;0.7096774193548387;0.8235294117647058;0.6187307891110323;0.0002;0;0;0;0.6050146183659953;16
09/02/25 - 22:12 ;		 MultiViewCNN;2;3;5;17;0.6006624121819774;0.7580645161290323;0.5997698883856496;0.7096774193548387;0.8361344537815126;0.6130425188934174;0.0002;0;0;0;0.5997698883856496;17
09/02/25 - 22:12 ;		 MultiViewCNN;2;3;5;18;0.6052085968755907;0.7419354838709677;0.5948939573380255;0.7419354838709677;0.8487394957983193;0.6075979504267999;0.0002;0;0;0;0.5948939573380255;18
09/02/25 - 22:12 ;		 MultiViewCNN;2;3;5;19;0.5953865704997894;0.7741935483870968;0.5893446226273814;0.6774193548387096;0.8529411764705882;0.6021219520869743;0.0002;0;0;0;0.5893446226273814;19
09/02/25 - 22:12 ;		 MultiViewCNN;2;3;5;20;0.5817408869343419;0.7419354838709677;0.5845002416641482;0.7741935483870968;0.8697478991596639;0.5968354389601265;0.0002;0;0;0;0.5845002416641482;20
09/02/25 - 22:12 ;		 MultiViewCNN;2;3;5;21;0.5613718205882657;0.8548387096774194;0.5788419092855146;0.7419354838709677;0.8697478991596639;0.5914373800577428;0.0002;0;0;0;0.5788419092855146;21
09/02/25 - 22:12 ;		 MultiViewCNN;2;3;5;22;0.5705776387645353;0.7903225806451613;0.5711719932094697;0.7741935483870968;0.8781512605042017;0.5853577640032608;0.0002;0;0;0;0.5711719932094697;22
09/02/25 - 22:12 ;		 MultiViewCNN;2;3;5;23;0.5603480646687169;0.8387096774193549;0.5660528271429001;0.7419354838709677;0.8823529411764706;0.5795662829451526;0.0002;0;0;0;0.5660528271429001;23
09/02/25 - 22:13 ;		 MultiViewCNN;2;3;5;24;0.5743850777226109;0.7741935483870968;0.5625585125338647;0.7741935483870968;0.8907563025210083;0.5744639518217662;0.0002;0;0;0;0.5625585125338647;24
09/02/25 - 22:13 ;		 MultiViewCNN;2;3;5;25;0.5292549364028438;0.8709677419354839;0.5591681522707785;0.7096774193548387;0.8697478991596639;0.56987521195647;0.0002;0;0;0;0.5591681522707785;25
09/02/25 - 22:13 ;		 MultiViewCNN;2;3;5;26;0.5293767298421552;0.8225806451612904;0.5529534835969249;0.7419354838709677;0.8697478991596639;0.5647986934486064;0.0002;0;0;0;0.5529534835969249;26
09/02/25 - 22:13 ;		 MultiViewCNN;2;3;5;27;0.5376840829849243;0.7903225806451613;0.5501900815194652;0.7419354838709677;0.8739495798319328;0.560416109869864;0.0002;0;0;0;0.5501900815194652;27
09/02/25 - 22:13 ;		 MultiViewCNN;2;3;5;28;0.5279858400744777;0.7903225806451613;0.5451866042229437;0.7419354838709677;0.865546218487395;0.555847258175788;0.0002;0;0;0;0.5451866042229437;28
09/02/25 - 22:13 ;		 MultiViewCNN;2;3;5;29;0.5300680514304869;0.7741935483870968;0.5430518965567311;0.7096774193548387;0.861344537815126;0.5520086496900709;0.0002;0;0;0;0.5430518965567311;29
09/02/25 - 22:13 ;		 MultiViewCNN;2;3;6;0;0.701232998601852;0.4838709677419355;0.6988533023864992;0.45161290322580644;0.47058823529411764;0.6988533023864992;0.0002;0;0;0;0.6988533023864992;0
09/02/25 - 22:14 ;		 MultiViewCNN;2;3;6;1;0.693785882765247;0.5161290322580645;0.6975341496929046;0.45161290322580644;0.6050420168067228;0.6984575565784208;0.0002;1;0;0;0.6988533023864992;0
09/02/25 - 22:14 ;		 MultiViewCNN;2;3;6;2;0.6887233718749015;0.5;0.6946552665002884;0.45161290322580644;0.6470588235294118;0.6973168695549811;0.0002;2;0;0;0.6988533023864992;0
09/02/25 - 22:14 ;		 MultiViewCNN;2;3;6;3;0.6857313225346227;0.5645161290322581;0.6901193530328812;0.5806451612903226;0.6764705882352942;0.695157614598351;0.0002;0;0;0;0.6901193530328812;3
09/02/25 - 22:14 ;		 MultiViewCNN;2;3;6;4;0.6646049984039799;0.6612903225806451;0.6837062162737693;0.5806451612903226;0.6764705882352942;0.6917221951009764;0.0002;0;0;0;0.6837062162737693;4
09/02/25 - 22:14 ;		 MultiViewCNN;2;3;6;5;0.6688353438531199;0.6612903225806451;0.6792007627025727;0.5483870967741935;0.6596638655462185;0.6879657653814553;0.0002;0;0;0;0.6792007627025727;5
09/02/25 - 22:14 ;		 MultiViewCNN;2;3;6;6;0.6643588062255613;0.6612903225806451;0.6755319756846274;0.4838709677419355;0.6596638655462186;0.6842356284724068;0.0002;0;0;0;0.6755319756846274;6
09/02/25 - 22:14 ;		 MultiViewCNN;2;3;6;7;0.6699651825812555;0.6451612903225806;0.6723815587259108;0.5483870967741935;0.6638655462184875;0.6806794075484579;0.0002;0;0;0;0.6723815587259108;7
09/02/25 - 22:14 ;		 MultiViewCNN;2;3;6;8;0.6539880075762349;0.6935483870967742;0.6700253178996425;0.5483870967741935;0.6680672268907564;0.6774831806538132;0.0002;0;0;0;0.6700253178996425;8
09/02/25 - 22:15 ;		 MultiViewCNN;2;3;6;9;0.654602216136071;0.6935483870967742;0.6676739031268705;0.5483870967741935;0.680672268907563;0.6745403973957304;0.0002;0;0;0;0.6676739031268705;9
09/02/25 - 22:15 ;		 MultiViewCNN;2;3;6;10;0.6609263266286542;0.6935483870967742;0.6655877386370013;0.5483870967741935;0.6722689075630253;0.6718545997681116;0.0002;0;0;0;0.6655877386370013;10
09/02/25 - 22:15 ;		 MultiViewCNN;2;3;6;11;0.6480519810030537;0.7419354838709677;0.6629374834798998;0.5483870967741935;0.6680672268907564;0.669179464881648;0.0002;0;0;0;0.6629374834798998;11
09/02/25 - 22:15 ;		 MultiViewCNN;2;3;6;12;0.6373810172080994;0.7903225806451613;0.6600299054576505;0.5806451612903226;0.6722689075630253;0.6664345970544487;0.0002;0;0;0;0.6600299054576505;12
09/02/25 - 22:15 ;		 MultiViewCNN;2;3;6;13;0.6448292136192322;0.7096774193548387;0.6566471053707984;0.5806451612903226;0.680672268907563;0.6634983495493536;0.0002;0;0;0;0.6566471053707984;13
09/02/25 - 22:15 ;		 MultiViewCNN;2;3;6;14;0.6500714748136459;0.6612903225806451;0.6533205970641105;0.5483870967741935;0.680672268907563;0.6604450238037807;0.0002;0;0;0;0.6533205970641105;14
09/02/25 - 22:15 ;		 MultiViewCNN;2;3;6;15;0.6119483555516889;0.7741935483870968;0.6513679892786087;0.5483870967741935;0.6932773109243697;0.657721913446229;0.0002;0;0;0;0.6513679892786087;15
09/02/25 - 22:15 ;		 MultiViewCNN;2;3;6;16;0.6330364538777259;0.7096774193548387;0.649358376379936;0.5483870967741935;0.6932773109243697;0.6552128523263411;0.0002;0;0;0;0.649358376379936;16
09/02/25 - 22:16 ;		 MultiViewCNN;2;3;6;17;0.6224841648532499;0.7580645161290323;0.6464123629754589;0.5483870967741935;0.7016806722689075;0.6525727055210764;0.0002;0;0;0;0.6464123629754589;17
09/02/25 - 22:16 ;		 MultiViewCNN;2;3;6;18;0.6270639973302041;0.6935483870967742;0.6418480046333805;0.5483870967741935;0.7100840336134454;0.6493552952547675;0.0002;0;0;0;0.6418480046333805;18
09/02/25 - 22:16 ;		 MultiViewCNN;2;3;6;19;0.6015715906696935;0.8064516129032258;0.6404354110840829;0.6129032258064516;0.73109243697479;0.646679330003562;0.0002;0;0;0;0.6404354110840829;19
09/02/25 - 22:16 ;		 MultiViewCNN;2;3;6;20;0.6130795132729315;0.7903225806451613;0.6388263452437616;0.6451612903225806;0.7268907563025211;0.6443234345756219;0.0002;0;0;0;0.6388263452437616;20
09/02/25 - 22:16 ;		 MultiViewCNN;2;3;6;21;0.5892915225798084;0.7903225806451613;0.636550868711164;0.6451612903225806;0.7226890756302521;0.6419916648162844;0.0002;0;0;0;0.636550868711164;21
09/02/25 - 22:16 ;		 MultiViewCNN;2;3;6;22;0.6124662853056385;0.7258064516129032;0.6324041678059485;0.6129032258064516;0.7352941176470588;0.6391154157131836;0.0002;0;0;0;0.6324041678059485;22
09/02/25 - 22:16 ;		 MultiViewCNN;2;3;6;23;0.5882486451056695;0.7741935483870968;0.6310259161456939;0.6129032258064516;0.73109243697479;0.6366885658429366;0.0002;0;0;0;0.6310259161456939;23
09/02/25 - 22:16 ;		 MultiViewCNN;2;3;6;24;0.5665975520687718;0.8709677419354839;0.6301296064930577;0.6129032258064516;0.7352941176470589;0.634720878037973;0.0002;0;0;0;0.6301296064930577;24
09/02/25 - 22:17 ;		 MultiViewCNN;2;3;6;25;0.5628705390038029;0.8387096774193549;0.6268453771068204;0.6129032258064516;0.7310924369747899;0.6323582277586272;0.0002;0;0;0;0.6268453771068204;25
09/02/25 - 22:17 ;		 MultiViewCNN;2;3;6;26;0.5861084653485206;0.7419354838709677;0.6256050832809941;0.6129032258064516;0.7394957983193277;0.6303322844153372;0.0002;0;0;0;0.6256050832809941;26
09/02/25 - 22:17 ;		 MultiViewCNN;2;3;6;27;0.5487775110429333;0.8225806451612904;0.6305562757676647;0.6451612903225806;0.7394957983193278;0.6303994818210354;0.0002;1;0;0;0.6256050832809941;26
09/02/25 - 22:17 ;		 MultiViewCNN;2;3;6;28;0.5582175408640215;0.7903225806451613;0.6376188647362494;0.6451612903225806;0.7310924369747899;0.6325652966955996;0.0002;2;0;0;0.6256050832809941;26
09/02/25 - 22:17 ;		 MultiViewCNN;2;3;6;29;0.5754777904479734;0.7741935483870968;0.6427436605576546;0.6451612903225806;0.7394957983193278;0.635618805854216;0.0001;3;1;0;0.6256050832809941;26
09/02/25 - 22:17 ;		 MultiViewCNN;2;3;7;0;0.6890433411444387;0.5483870967741935;0.6840057411501484;0.6129032258064516;0.680672268907563;0.6840057411501484;0.0005;0;0;0;0.6840057411501484;0
09/02/25 - 22:17 ;		 MultiViewCNN;2;3;7;1;0.6766544330504632;0.6612903225806451;0.6769460824228102;0.5483870967741935;0.7394957983193277;0.6818878435319469;0.0005;1;0;0;0.6840057411501484;0
09/02/25 - 22:18 ;		 MultiViewCNN;2;3;7;2;0.6500970644335593;0.7096774193548387;0.6661334249281115;0.6451612903225806;0.7647058823529411;0.6771615179507962;0.0005;0;0;0;0.6661334249281115;2
09/02/25 - 22:18 ;		 MultiViewCNN;2;3;7;3;0.6473248620187083;0.6290322580645161;0.6564936810924161;0.6451612903225806;0.7478991596638656;0.6709611668932821;0.0005;0;0;0;0.6564936810924161;3
09/02/25 - 22:18 ;		 MultiViewCNN;2;3;7;4;0.6325780230183755;0.7580645161290323;0.6492417204764581;0.6774193548387096;0.7184873949579832;0.6644453329682348;0.0005;0;0;0;0.6492417204764581;4
09/02/25 - 22:18 ;		 MultiViewCNN;2;3;7;5;0.6256692582561124;0.7580645161290323;0.6392882312497785;0.6774193548387096;0.726890756302521;0.6568982024526979;0.0005;0;0;0;0.6392882312497785;5
09/02/25 - 22:18 ;		 MultiViewCNN;2;3;7;6;0.6077019976031396;0.7580645161290323;0.6322568885741695;0.5161290322580645;0.7226890756302521;0.6495058082891394;0.0005;0;0;0;0.6322568885741695;6
09/02/25 - 22:18 ;		 MultiViewCNN;2;3;7;7;0.6074785647853729;0.8064516129032258;0.6343405996599505;0.7096774193548387;0.7521008403361344;0.6449562457003827;0.0005;0;0;0;0.6343405996599505;7
09/02/25 - 22:18 ;		 MultiViewCNN;2;3;7;8;0.5844535923773243;0.7419354838709677;0.6392522396579865;0.7096774193548387;0.76890756302521;0.6432450438876638;0.0005;1;0;0;0.6343405996599505;7
09/02/25 - 22:18 ;		 MultiViewCNN;2;3;7;9;0.574699092295862;0.7903225806451613;0.6191328840871011;0.6451612903225806;0.7394957983193278;0.6360113959474949;0.0005;0;0;0;0.6191328840871011;9
09/02/25 - 22:19 ;		 MultiViewCNN;2;3;7;10;0.5519888516395323;0.8225806451612904;0.6133856408057674;0.6129032258064516;0.7226890756302521;0.6292236694049766;0.0005;0;0;0;0.6133856408057674;10
09/02/25 - 22:19 ;		 MultiViewCNN;2;3;7;11;0.5466627286326501;0.7419354838709677;0.6033458286716092;0.5806451612903226;0.7394957983193278;0.6214603171849664;0.0005;0;0;0;0.6033458286716092;11
09/02/25 - 22:19 ;		 MultiViewCNN;2;3;7;12;0.5399815267132174;0.7741935483870968;0.6262609574102587;0.7096774193548387;0.773109243697479;0.6229005092525541;0.0005;1;0;0;0.6033458286716092;11
09/02/25 - 22:19 ;		 MultiViewCNN;2;3;7;13;0.5044924193812955;0.8387096774193549;0.6345402944472528;0.6774193548387096;0.7689075630252101;0.6263924448109637;0.0005;2;0;0;0.6033458286716092;11
09/02/25 - 22:19 ;		 MultiViewCNN;2;3;7;14;0.47080865983040104;0.8870967741935484;0.5837629802765385;0.6129032258064516;0.7436974789915967;0.6136036054506361;0.0005;0;0;0;0.5837629802765385;14
09/02/25 - 22:19 ;		 MultiViewCNN;2;3;7;15;0.4456639443674395;0.8225806451612904;0.579533132814592;0.6774193548387096;0.7899159663865547;0.6033824636598228;0.0005;0;0;0;0.579533132814592;15
09/02/25 - 22:19 ;		 MultiViewCNN;2;3;7;16;0.44191536211198373;0.8064516129032258;0.6875728810987165;0.6129032258064516;0.8067226890756302;0.628639588891491;0.0005;1;0;0;0.579533132814592;15
09/02/25 - 22:19 ;		 MultiViewCNN;2;3;7;17;0.4490873025309655;0.8548387096774194;0.6614756199621386;0.5806451612903226;0.815126050420168;0.6384903982126853;0.0005;2;0;0;0.579533132814592;15
09/02/25 - 22:20 ;		 MultiViewCNN;2;3;7;18;0.4172114479926325;0.8870967741935484;0.5197071029293922;0.8064516129032258;0.8445378151260504;0.6028554096276973;0.00025;3;1;0;0.579533132814592;15
09/02/25 - 22:20 ;		 MultiViewCNN;2;3;7;19;0.3958041129573699;0.8387096774193549;0.512999907616646;0.7741935483870968;0.8445378151260504;0.5758987590243819;0.00025;0;0;0;0.512999907616646;19
09/02/25 - 22:20 ;		 MultiViewCNN;2;3;7;20;0.38462039924437;0.8709677419354839;0.6149086010071539;0.6774193548387096;0.8151260504201681;0.5876017116192135;0.00025;1;0;0;0.512999907616646;19
09/02/25 - 22:20 ;		 MultiViewCNN;2;3;7;21;0.37104285147882277;0.8870967741935484;0.518981687484249;0.7419354838709677;0.8319327731092436;0.5670157043787241;0.00025;0;0;0;0.518981687484249;21
09/02/25 - 22:20 ;		 MultiViewCNN;2;3;7;22;0.32919986882517416;0.9032258064516129;0.5014523536928238;0.7096774193548387;0.8739495798319328;0.547346699172954;0.00025;0;0;0;0.5014523536928238;22
09/02/25 - 22:20 ;		 MultiViewCNN;2;3;7;23;0.3652793918886492;0.8548387096774194;0.48551264309114023;0.8064516129032258;0.8739495798319328;0.5287964823484098;0.00025;0;0;0;0.48551264309114023;23
09/02/25 - 22:20 ;		 MultiViewCNN;2;3;7;24;0.3457505376108231;0.8870967741935484;0.5625660227191064;0.7096774193548387;0.8445378151260504;0.5389273444596188;0.00025;1;0;0;0.48551264309114023;23
09/02/25 - 22:20 ;		 MultiViewCNN;2;3;7;25;0.3395253881331413;0.9193548387096774;0.48180478426717943;0.7096774193548387;0.8529411764705882;0.521790576401887;0.00025;0;0;0;0.48180478426717943;25
09/02/25 - 22:21 ;		 MultiViewCNN;2;3;7;26;0.34525420492695225;0.9193548387096774;0.4810002003946612;0.7419354838709677;0.8613445378151261;0.5095534635997192;0.00025;0;0;0;0.4810002003946612;26
09/02/25 - 22:21 ;		 MultiViewCNN;2;3;7;27;0.3082678510296729;0.9516129032258065;0.4980409779856282;0.7096774193548387;0.865546218487395;0.5060997179154918;0.00025;0;0;0;0.4980409779856282;27
09/02/25 - 22:21 ;		 MultiViewCNN;2;3;7;28;0.2767404976391023;0.9193548387096774;0.46941167500711256;0.7419354838709677;0.8697478991596639;0.495093305042978;0.00025;0;0;0;0.46941167500711256;28
09/02/25 - 22:21 ;		 MultiViewCNN;2;3;7;29;0.27916413257198947;0.9354838709677419;0.45543544907723704;0.7419354838709677;0.8823529411764706;0.4831959482532557;0.00025;0;0;0;0.45543544907723704;29
09/02/25 - 22:21 ;		 MultiViewCNN;2;3;8;0;0.6856539864693919;0.5161290322580645;0.6905516674441676;0.45161290322580644;0.73109243697479;0.6905516674441676;0.0005;0;0;0;0.6905516674441676;0
09/02/25 - 22:21 ;		 MultiViewCNN;2;3;8;1;0.6687151712756003;0.6774193548387096;0.6795960587839927;0.6451612903225806;0.7941176470588235;0.6872649848461151;0.0005;1;0;0;0.6905516674441676;0
09/02/25 - 22:21 ;		 MultiViewCNN;2;3;8;2;0.6556832905738584;0.7258064516129032;0.659223408468308;0.7096774193548387;0.8487394957983193;0.6788525119327729;0.0005;0;0;0;0.659223408468308;2
09/02/25 - 22:21 ;		 MultiViewCNN;2;3;8;3;0.6428794533975662;0.6935483870967742;0.6399185426773564;0.7419354838709677;0.8403361344537815;0.6671723211561479;0.0005;0;0;0;0.6399185426773564;3
09/02/25 - 22:22 ;		 MultiViewCNN;2;3;8;4;0.6214609319163907;0.7419354838709677;0.622771018935788;0.7096774193548387;0.8487394957983193;0.6538519304900399;0.0005;0;0;0;0.622771018935788;4
09/02/25 - 22:22 ;		 MultiViewCNN;2;3;8;5;0.6205285172308644;0.6774193548387096;0.6056501596204696;0.6774193548387096;0.8319327731092437;0.6393913992291688;0.0005;0;0;0;0.6056501596204696;5
09/02/25 - 22:22 ;		 MultiViewCNN;2;3;8;6;0.5887593761567147;0.7741935483870968;0.5978296033797725;0.6451612903225806;0.8235294117647058;0.6269228604743499;0.0005;0;0;0;0.5978296033797725;6
09/02/25 - 22:22 ;		 MultiViewCNN;2;3;8;7;0.5850710484289354;0.7258064516129032;0.5776702627058952;0.6451612903225806;0.8403361344537815;0.6121470811438134;0.0005;0;0;0;0.5776702627058952;7
09/02/25 - 22:22 ;		 MultiViewCNN;2;3;8;8;0.5490754054438683;0.7741935483870968;0.5600995363727692;0.7096774193548387;0.8487394957983193;0.5965328177125002;0.0005;0;0;0;0.5600995363727692;8
09/02/25 - 22:22 ;		 MultiViewCNN;2;3;8;9;0.5678504705429077;0.7903225806451613;0.5480572715882333;0.8064516129032258;0.861344537815126;0.5819901538752201;0.0005;0;0;0;0.5480572715882333;9
09/02/25 - 22:22 ;		 MultiViewCNN;2;3;8;10;0.5282513364668815;0.7419354838709677;0.524900451783211;0.8709677419354839;0.8991596638655462;0.5648632432476174;0.0005;0;0;0;0.524900451783211;10
09/02/25 - 22:23 ;		 MultiViewCNN;2;3;8;11;0.524735068121264;0.7903225806451613;0.5129804245887264;0.8064516129032258;0.8739495798319328;0.54929839764995;0.0005;0;0;0;0.5129804245887264;11
09/02/25 - 22:23 ;		 MultiViewCNN;2;3;8;12;0.49552757509293094;0.8064516129032258;0.521174628888407;0.8709677419354839;0.8949579831932774;0.5408612670214871;0.0005;0;0;0;0.521174628888407;12
09/02/25 - 22:23 ;		 MultiViewCNN;2;3;8;13;0.4830533169930981;0.8548387096774194;0.5457739983835528;0.8064516129032258;0.9453781512605042;0.5423350864301067;0.0005;1;0;0;0.521174628888407;12
09/02/25 - 22:23 ;		 MultiViewCNN;2;3;8;14;0.4266737747576929;0.9032258064516129;0.46377801510595507;0.8387096774193549;0.9411764705882353;0.5187679650328612;0.0005;0;0;0;0.46377801510595507;14
09/02/25 - 22:23 ;		 MultiViewCNN;2;3;8;15;0.42422772607495707;0.8387096774193549;0.43013538660541656;0.8709677419354839;0.9495798319327731;0.49217819150462777;0.0005;0;0;0;0.43013538660541656;15
09/02/25 - 22:23 ;		 MultiViewCNN;2;3;8;16;0.37354937195777893;0.9354838709677419;0.6392019583332923;0.5483870967741935;0.9621848739495799;0.5362853215532271;0.0005;1;0;0;0.43013538660541656;15
09/02/25 - 22:23 ;		 MultiViewCNN;2;3;8;17;0.4019873988243841;0.8870967741935484;0.5443195796781971;0.7096774193548387;0.9495798319327732;0.5386955989907181;0.0005;2;0;0;0.43013538660541656;15
09/02/25 - 22:23 ;		 MultiViewCNN;2;3;8;18;0.36953878210436913;0.8709677419354839;0.362377671464797;0.8064516129032258;0.9453781512605042;0.4858002207329417;0.0005;0;0;0;0.362377671464797;18
09/02/25 - 22:24 ;		 MultiViewCNN;2;3;8;19;0.36363241364878995;0.8387096774193549;0.5674956037152198;0.6774193548387096;0.9789915966386554;0.5103088356276251;0.0005;1;0;0;0.362377671464797;18
09/02/25 - 22:24 ;		 MultiViewCNN;2;3;8;20;0.36411134369911685;0.8548387096774194;0.6188548264964935;0.6451612903225806;0.9327731092436975;0.5428726328882856;0.0005;2;0;0;0.362377671464797;18
09/02/25 - 22:24 ;		 MultiViewCNN;2;3;8;21;0.2920393583274657;0.9354838709677419;0.5131988112003573;0.7741935483870968;0.9411764705882353;0.533970486381907;0.00025;3;1;0;0.362377671464797;18
09/02/25 - 22:24 ;		 MultiViewCNN;2;3;8;22;0.30720158209723814;0.9032258064516129;0.3509009663135775;0.8064516129032258;0.953781512605042;0.47904963036140813;0.00025;0;0;0;0.3509009663135775;22
09/02/25 - 22:24 ;		 MultiViewCNN;2;3;8;23;0.295889611205747;0.9354838709677419;0.47458508899134977;0.7419354838709677;0.9705882352941175;0.4777102679503906;0.00025;1;0;0;0.3509009663135775;22
09/02/25 - 22:24 ;		 MultiViewCNN;2;3;8;24;0.30304756880767886;0.9193548387096774;0.4914875203563321;0.7096774193548387;0.9663865546218487;0.481843443672173;0.00025;2;0;0;0.3509009663135775;22
09/02/25 - 22:24 ;		 MultiViewCNN;2;3;8;25;0.32743450422440806;0.8709677419354839;0.30376136975903667;0.9032258064516129;0.9789915966386554;0.4284188214982321;0.00025;0;0;0;0.30376136975903667;25
09/02/25 - 22:24 ;		 MultiViewCNN;2;3;8;26;0.2669382893270062;0.9354838709677419;0.317463098033782;0.8387096774193549;0.9663865546218487;0.395132104458897;0.00025;0;0;0;0.317463098033782;26
09/02/25 - 22:25 ;		 MultiViewCNN;2;3;8;27;0.27313114846906356;0.9193548387096774;0.391344960658781;0.7741935483870968;0.9663865546218486;0.39399596131886216;0.00025;1;0;0;0.317463098033782;26
09/02/25 - 22:25 ;		 MultiViewCNN;2;3;8;28;0.22972915874373528;0.9516129032258065;0.47458553121935937;0.7419354838709677;0.9453781512605042;0.4181728322890113;0.00025;2;0;0;0.317463098033782;26
09/02/25 - 22:25 ;		 MultiViewCNN;2;3;8;29;0.2508458033684761;0.9516129032258065;0.30826827595310824;0.9032258064516129;0.9663865546218487;0.38520146538824035;0.00025;0;0;0;0.30826827595310824;29
09/02/25 - 22:25 ;		 MultiViewCNN;2;3;9;0;0.6872163145772873;0.5483870967741935;0.6815671055547653;0.5483870967741935;0.76890756302521;0.6815671055547653;0.0005;0;0;0;0.6815671055547653;0
09/02/25 - 22:25 ;		 MultiViewCNN;2;3;9;1;0.6784273693638463;0.6451612903225806;0.6746328819182611;0.6129032258064516;0.8109243697478992;0.679486838463814;0.0005;1;0;0;0.6815671055547653;0
09/02/25 - 22:25 ;		 MultiViewCNN;2;3;9;2;0.6663953277372545;0.6612903225806451;0.6619082343193793;0.8064516129032258;0.865546218487395;0.6742132572204835;0.0005;0;0;0;0.6619082343193793;2
09/02/25 - 22:25 ;		 MultiViewCNN;2;3;9;3;0.6578218975374776;0.7258064516129032;0.6450171278369042;0.7741935483870968;0.8823529411764706;0.6654544184054098;0.0005;0;0;0;0.6450171278369042;3
09/02/25 - 22:25 ;		 MultiViewCNN;2;3;9;4;0.651197237353171;0.6935483870967742;0.6302839959821394;0.6129032258064516;0.8361344537815126;0.6549032916784285;0.0005;0;0;0;0.6302839959821394;4
09/02/25 - 22:26 ;		 MultiViewCNN;2;3;9;5;0.6396572897511144;0.7258064516129032;0.6143230891996815;0.6774193548387096;0.8571428571428571;0.6427292309348044;0.0005;0;0;0;0.6143230891996815;5
09/02/25 - 22:26 ;		 MultiViewCNN;2;3;9;6;0.626740413327371;0.6935483870967742;0.6094925172867314;0.7096774193548387;0.8487394957983193;0.6327582168403825;0.0005;0;0;0;0.6094925172867314;6
09/02/25 - 22:26 ;		 MultiViewCNN;2;3;9;7;0.5952121519273327;0.7741935483870968;0.6056600616824243;0.6129032258064516;0.8151260504201681;0.6246287702929949;0.0005;0;0;0;0.6056600616824243;7
09/02/25 - 22:26 ;		 MultiViewCNN;2;3;9;8;0.5827154036491148;0.8064516129032258;0.5823176022498838;0.6774193548387096;0.8319327731092436;0.6119354198800615;0.0005;0;0;0;0.5823176022498838;8
09/02/25 - 22:26 ;		 MultiViewCNN;2;3;9;9;0.5815443608068651;0.7419354838709677;0.5661763125850309;0.8064516129032258;0.8613445378151261;0.5982076876915523;0.0005;0;0;0;0.5661763125850309;9
09/02/25 - 22:26 ;		 MultiViewCNN;2;3;9;10;0.5747708485972497;0.7419354838709677;0.5627638140032368;0.7741935483870968;0.865546218487395;0.5875745255850576;0.0005;0;0;0;0.5627638140032368;10
09/02/25 - 22:26 ;		 MultiViewCNN;2;3;9;11;0.5471450648000163;0.7741935483870968;0.5331539377089469;0.8064516129032258;0.8739495798319328;0.5712483492222244;0.0005;0;0;0;0.5331539377089469;11
09/02/25 - 22:27 ;		 MultiViewCNN;2;3;9;12;0.5146356821060181;0.7741935483870968;0.5129736585001792;0.8387096774193549;0.8907563025210083;0.5537659420056108;0.0005;0;0;0;0.5129736585001792;12
09/02/25 - 22:27 ;		 MultiViewCNN;2;3;9;13;0.5412430128743572;0.8064516129032258;0.5605602591268478;0.7096774193548387;0.8235294117647058;0.5558042371419819;0.0005;1;0;0;0.5129736585001792;12
09/02/25 - 22:27 ;		 MultiViewCNN;2;3;9;14;0.5132634533989814;0.7580645161290323;0.5417686623911704;0.7419354838709677;0.8403361344537815;0.5515935647167385;0.0005;2;0;0;0.5129736585001792;12
09/02/25 - 22:27 ;		 MultiViewCNN;2;3;9;15;0.5073160029226734;0.8064516129032258;0.5165440440177917;0.8064516129032258;0.9201680672268907;0.5410787085070544;0.0005;0;0;0;0.5165440440177917;15
09/02/25 - 22:27 ;		 MultiViewCNN;2;3;9;16;0.4904392938460073;0.8064516129032258;0.4789264759709758;0.9354838709677419;0.9495798319327731;0.5224330387462308;0.0005;0;0;0;0.4789264759709758;16
09/02/25 - 22:27 ;		 MultiViewCNN;2;3;9;17;0.46081496246399417;0.8064516129032258;0.44189913234403055;0.8709677419354839;0.9411764705882353;0.4982728668255707;0.0005;0;0;0;0.44189913234403055;17
09/02/25 - 22:27 ;		 MultiViewCNN;2;3;9;18;0.4110756362638166;0.8387096774193549;0.48468700243580726;0.7419354838709677;0.9159663865546218;0.49419710750864165;0.0005;0;0;0;0.48468700243580726;18
09/02/25 - 22:27 ;		 MultiViewCNN;2;3;9;19;0.3877376861149265;0.8709677419354839;0.4316219091415405;0.8387096774193549;0.9243697478991596;0.4754245479985113;0.0005;0;0;0;0.4316219091415405;19
09/02/25 - 22:28 ;		 MultiViewCNN;2;3;9;20;0.39927824851005306;0.9032258064516129;0.4609919498043676;0.7741935483870968;0.9411764705882354;0.47109476854026816;0.0005;0;0;0;0.4609919498043676;20
09/02/25 - 22:28 ;		 MultiViewCNN;2;3;9;21;0.44103126083650895;0.8064516129032258;0.3895361615765479;0.8387096774193549;0.9705882352941176;0.44662718645115207;0.0005;0;0;0;0.3895361615765479;21
09/02/25 - 22:28 ;		 MultiViewCNN;2;3;9;22;0.3805913463715584;0.9032258064516129;0.40159691918280815;0.8387096774193549;0.9285714285714285;0.4331181062706489;0.0005;0;0;0;0.40159691918280815;22
09/02/25 - 22:28 ;		 MultiViewCNN;2;3;9;23;0.3676685921607479;0.8870967741935484;0.4437817854266013;0.8709677419354839;0.9285714285714286;0.4363172100174346;0.0005;1;0;0;0.40159691918280815;22
09/02/25 - 22:28 ;		 MultiViewCNN;2;3;9;24;0.3164088524157001;0.9193548387096774;0.6837485682579779;0.5806451612903226;0.8949579831932774;0.5105466174895976;0.0005;2;0;0;0.40159691918280815;22
09/02/25 - 22:28 ;		 MultiViewCNN;2;3;9;25;0.33316682038768647;0.8225806451612904;0.44495924538181675;0.7419354838709677;0.9201680672268907;0.4908704058572634;0.00025;3;1;0;0.40159691918280815;22
09/02/25 - 22:28 ;		 MultiViewCNN;2;3;9;26;0.2843188979933339;0.9193548387096774;0.3519832847579833;0.8064516129032258;0.9369747899159664;0.4492042695274793;0.00025;4;0;0;0.40159691918280815;22
09/02/25 - 22:28 ;		 MultiViewCNN;2;3;9;27;0.2868841732701948;0.9193548387096774;0.3570636933849704;0.9354838709677419;0.9621848739495799;0.42156209668472666;0.00025;0;0;0;0.3570636933849704;27
09/02/25 - 22:29 ;		 MultiViewCNN;2;3;9;28;0.37357542111027625;0.8387096774193549;0.3597057711693548;0.9354838709677419;0.9621848739495799;0.4030051990301151;0.00025;0;0;0;0.3597057711693548;28
09/02/25 - 22:29 ;		 MultiViewCNN;2;3;9;29;0.27925595544999643;0.9193548387096774;0.35723868877657;0.9354838709677419;0.9453781512605043;0.38927524595405155;0.00025;0;0;0;0.35723868877657;29
09/02/25 - 22:29 ;		 MultiViewCNN;2;3;10;0;0.6815818279020248;0.5161290322580645;0.6846993238695206;0.5483870967741935;0.7226890756302521;0.6846993238695206;0.0005;0;0;0;0.6846993238695206;0
09/02/25 - 22:29 ;		 MultiViewCNN;2;3;10;1;0.6685316331924931;0.6129032258064516;0.675739545975962;0.5806451612903226;0.8109243697478992;0.682011390501453;0.0005;1;0;0;0.6846993238695206;0
09/02/25 - 22:29 ;		 MultiViewCNN;2;3;10;2;0.6528418410208917;0.6612903225806451;0.6658750695566977;0.6129032258064516;0.7563025210084033;0.6771704942180263;0.0005;0;0;0;0.6658750695566977;2
09/02/25 - 22:29 ;		 MultiViewCNN;2;3;10;3;0.6452411182465092;0.6774193548387096;0.6558970655164411;0.5483870967741935;0.7142857142857143;0.6707884656075507;0.0005;0;0;0;0.6558970655164411;3
09/02/25 - 22:29 ;		 MultiViewCNN;2;3;10;4;0.6376682000775491;0.7096774193548387;0.6492604651758748;0.5483870967741935;0.7142857142857143;0.6643300654780478;0.0005;0;0;0;0.6492604651758748;4
09/02/25 - 22:29 ;		 MultiViewCNN;2;3;10;5;0.6269775167588265;0.7419354838709677;0.6440561067673468;0.6129032258064516;0.7100840336134454;0.6582478778648375;0.0005;0;0;0;0.6440561067673468;5
09/02/25 - 22:30 ;		 MultiViewCNN;2;3;10;6;0.6152675190279561;0.7258064516129032;0.6387748891307462;0.7096774193548387;0.7184873949579832;0.6524059812446101;0.0005;0;0;0;0.6387748891307462;6
09/02/25 - 22:30 ;		 MultiViewCNN;2;3;10;7;0.6131671532507865;0.6935483870967742;0.6313683505981199;0.6451612903225806;0.7226890756302521;0.646094692050663;0.0005;0;0;0;0.6313683505981199;7
09/02/25 - 22:30 ;		 MultiViewCNN;2;3;10;8;0.5848841744084512;0.7741935483870968;0.639927202655423;0.6774193548387096;0.7605042016806722;0.644244445232091;0.0005;1;0;0;0.6313683505981199;7
09/02/25 - 22:30 ;		 MultiViewCNN;2;3;10;9;0.5806204734310028;0.7741935483870968;0.619193063628289;0.6451612903225806;0.7689075630252101;0.6367290307509503;0.0005;0;0;0;0.619193063628289;9
09/02/25 - 22:30 ;		 MultiViewCNN;2;3;10;10;0.5573380954803959;0.8387096774193549;0.6115972707348485;0.6451612903225806;0.7605042016806722;0.6291895027461197;0.0005;0;0;0;0.6115972707348485;10
09/02/25 - 22:30 ;		 MultiViewCNN;2;3;10;11;0.5349331325100314;0.8387096774193549;0.6238078359634646;0.6451612903225806;0.773109243697479;0.6275750027113232;0.0005;1;0;0;0.6115972707348485;10
09/02/25 - 22:30 ;		 MultiViewCNN;2;3;10;12;0.505996016725417;0.8548387096774194;0.604760468006134;0.6774193548387096;0.7815126050420168;0.6207306422997664;0.0005;0;0;0;0.604760468006134;12
09/02/25 - 22:31 ;		 MultiViewCNN;2;3;10;13;0.5161482066877426;0.8064516129032258;0.6280488141121403;0.6774193548387096;0.7983193277310925;0.6229260938434785;0.0005;1;0;0;0.604760468006134;12
09/02/25 - 22:31 ;		 MultiViewCNN;2;3;10;14;0.5161612591435832;0.7903225806451613;0.6046528816223145;0.6451612903225806;0.8235294117647058;0.6174441301771293;0.0005;0;0;0;0.6046528816223145;14
09/02/25 - 22:31 ;		 MultiViewCNN;2;3;10;15;0.46974023695914974;0.8225806451612904;0.5294171206412777;0.7419354838709677;0.8403361344537815;0.5910360273163737;0.0005;0;0;0;0.5294171206412777;15
09/02/25 - 22:31 ;		 MultiViewCNN;2;3;10;16;0.4629277856119217;0.8709677419354839;0.5512892257782721;0.7096774193548387;0.8487394957983193;0.5791119868549433;0.0005;0;0;0;0.5512892257782721;16
09/02/25 - 22:31 ;		 MultiViewCNN;2;3;10;17;0.4265405516470632;0.8870967741935484;0.7331692153407682;0.5483870967741935;0.8067226890756303;0.6253291554006908;0.0005;1;0;0;0.5512892257782721;16
09/02/25 - 22:31 ;		 MultiViewCNN;2;3;10;18;0.40073501006249457;0.8709677419354839;0.5770437659755829;0.6451612903225806;0.7983193277310925;0.6108435385731584;0.0005;2;0;0;0.5512892257782721;16
09/02/25 - 22:31 ;		 MultiViewCNN;2;3;10;19;0.3893337192073945;0.8387096774193549;0.5335633908548663;0.7741935483870968;0.8235294117647058;0.5876594942576707;0.00025;3;1;0;0.5512892257782721;16
09/02/25 - 22:31 ;		 MultiViewCNN;2;3;10;20;0.3699899931107798;0.9032258064516129;0.6523304889279027;0.6451612903225806;0.8025210084033614;0.6070607926587404;0.00025;4;0;0;0.5512892257782721;16
09/02/25 - 22:32 ;		 MultiViewCNN;2;3;10;21;0.3884409108469563;0.9193548387096774;0.6628888787761811;0.6774193548387096;0.8109243697478992;0.6238092184939725;0.00025;5;0;1;0.5512892257782721;16
09/02/25 - 22:32 ;		 MultiViewCNN;2;3;11;0;0.6997510271687661;0.46774193548387094;0.688785397237347;0.5483870967741935;0.7352941176470589;0.688785397237347;0.0005;0;0;0;0.688785397237347;0
09/02/25 - 22:32 ;		 MultiViewCNN;2;3;11;1;0.6711892101072496;0.6451612903225806;0.6819427820944017;0.5806451612903226;0.7773109243697479;0.6867326126944634;0.0005;1;0;0;0.688785397237347;0
09/02/25 - 22:32 ;		 MultiViewCNN;2;3;11;2;0.6734635003151432;0.5645161290322581;0.6712833527595766;0.6129032258064516;0.7605042016806723;0.6820978347139973;0.0005;0;0;0;0.6712833527595766;2
09/02/25 - 22:32 ;		 MultiViewCNN;2;3;11;3;0.6690851661466783;0.5967741935483871;0.6602652553589113;0.5806451612903226;0.7478991596638656;0.6755480609074715;0.0005;0;0;0;0.6602652553589113;3
09/02/25 - 22:32 ;		 MultiViewCNN;2;3;11;4;0.6604164627290541;0.6451612903225806;0.6503386516724864;0.5806451612903226;0.7773109243697478;0.667985238136976;0.0005;0;0;0;0.6503386516724864;4
09/02/25 - 22:32 ;		 MultiViewCNN;2;3;11;5;0.6313393654361847;0.7741935483870968;0.6430192455168693;0.5483870967741935;0.7647058823529411;0.660495440350944;0.0005;0;0;0;0.6430192455168693;5
09/02/25 - 22:32 ;		 MultiViewCNN;2;3;11;6;0.6378598174741191;0.7419354838709677;0.6333981367849535;0.5806451612903226;0.7647058823529411;0.6523662492811468;0.0005;0;0;0;0.6333981367849535;6
09/02/25 - 22:33 ;		 MultiViewCNN;2;3;11;7;0.6049582535220731;0.7419354838709677;0.6252575497473439;0.5806451612903226;0.7605042016806722;0.644233639421006;0.0005;0;0;0;0.6252575497473439;7
09/02/25 - 22:33 ;		 MultiViewCNN;2;3;11;8;0.6137825231398305;0.7258064516129032;0.603058232415107;0.6451612903225806;0.7983193277310924;0.6318810173192362;0.0005;0;0;0;0.603058232415107;8
09/02/25 - 22:33 ;		 MultiViewCNN;2;3;11;9;0.5974677762677593;0.7903225806451613;0.5968565787038496;0.8064516129032258;0.8319327731092436;0.6213736857346202;0.0005;0;0;0;0.5968565787038496;9
09/02/25 - 22:33 ;		 MultiViewCNN;2;3;11;10;0.5888156506323046;0.8064516129032258;0.5876198257169416;0.6129032258064516;0.8319327731092436;0.6112475277293166;0.0005;0;0;0;0.5876198257169416;10
09/02/25 - 22:33 ;		 MultiViewCNN;2;3;11;11;0.5716020387987937;0.7419354838709677;0.5850953229012028;0.6451612903225806;0.819327731092437;0.6034018662808824;0.0005;0;0;0;0.5850953229012028;11
09/02/25 - 22:33 ;		 MultiViewCNN;2;3;11;12;0.5523448605691234;0.7741935483870968;0.5774088982612856;0.8064516129032258;0.8529411764705881;0.5956039758750034;0.0005;0;0;0;0.5774088982612856;12
09/02/25 - 22:33 ;		 MultiViewCNN;2;3;11;13;0.5511785437983852;0.8548387096774194;0.5541926737754576;0.8387096774193549;0.8991596638655461;0.5831805852451396;0.0005;0;0;0;0.5541926737754576;13
09/02/25 - 22:33 ;		 MultiViewCNN;2;3;11;14;0.5329274515951833;0.8387096774193549;0.5399024678814796;0.8064516129032258;0.9033613445378151;0.5701971500360415;0.0005;0;0;0;0.5399024678814796;14
09/02/25 - 22:34 ;		 MultiViewCNN;2;3;11;15;0.5166164261679496;0.8387096774193549;0.5619585091067899;0.8064516129032258;0.9159663865546218;0.567725557757266;0.0005;1;0;0;0.5399024678814796;14
09/02/25 - 22:34 ;		 MultiViewCNN;2;3;11;16;0.4838568164456275;0.8870967741935484;0.5526213703616973;0.8387096774193549;0.8949579831932772;0.5631943015385954;0.0005;0;0;0;0.5526213703616973;16
09/02/25 - 22:34 ;		 MultiViewCNN;2;3;11;17;0.4671762845208568;0.8064516129032258;0.4921127519299907;0.8064516129032258;0.9075630252100839;0.541869836656014;0.0005;0;0;0;0.4921127519299907;17
09/02/25 - 22:34 ;		 MultiViewCNN;2;3;11;18;0.4491877209755682;0.8225806451612904;0.5019836733418126;0.7419354838709677;0.8907563025210083;0.5299039876617535;0.0005;0;0;0;0.5019836733418126;18
09/02/25 - 22:34 ;		 MultiViewCNN;2;3;11;19;0.40328019280587474;0.9354838709677419;0.5030018071974477;0.8064516129032258;0.8907563025210083;0.5218333335224618;0.0005;0;0;0;0.5030018071974477;19
09/02/25 - 22:34 ;		 MultiViewCNN;2;3;11;20;0.3789340920986668;0.8870967741935484;0.47003088843437935;0.8387096774193549;0.9159663865546218;0.506292599996037;0.0005;0;0;0;0.47003088843437935;20
09/02/25 - 22:34 ;		 MultiViewCNN;2;3;11;21;0.4043038352843254;0.8548387096774194;0.4752092957496643;0.8387096774193549;0.9327731092436975;0.4969676087221252;0.0005;0;0;0;0.4752092957496643;21
09/02/25 - 22:35 ;		 MultiViewCNN;2;3;11;22;0.36061651860513994;0.9354838709677419;0.5800965236079308;0.6451612903225806;0.8949579831932774;0.5219062831878669;0.0005;1;0;0;0.4752092957496643;21
09/02/25 - 22:35 ;		 MultiViewCNN;2;3;11;23;0.3579375224728738;0.9032258064516129;0.4906389194150125;0.7741935483870968;0.9159663865546218;0.5125260740560106;0.0005;2;0;0;0.4752092957496643;21
09/02/25 - 22:35 ;		 MultiViewCNN;2;3;11;24;0.34423437522303674;0.9032258064516129;0.45616658464554816;0.7419354838709677;0.9327731092436975;0.49561822723287186;0.00025;3;1;0;0.4752092957496643;21
09/02/25 - 22:35 ;		 MultiViewCNN;2;3;11;25;0.3182523173670615;0.8870967741935484;0.4015320933634235;0.8064516129032258;0.9495798319327731;0.46739238707203734;0.00025;0;0;0;0.4015320933634235;25
09/02/25 - 22:35 ;		 MultiViewCNN;2;3;11;26;0.3495068223245682;0.8870967741935484;0.39910753119376396;0.7741935483870968;0.9747899159663865;0.44690693030855533;0.00025;0;0;0;0.39910753119376396;26
09/02/25 - 22:35 ;		 MultiViewCNN;2;3;11;27;0.33691940576799456;0.9032258064516129;0.39716761342940793;0.9032258064516129;0.9411764705882353;0.4319851352448111;0.00025;0;0;0;0.39716761342940793;27
09/02/25 - 22:35 ;		 MultiViewCNN;2;3;11;28;0.31503703805708116;0.8709677419354839;0.42628602058656756;0.8064516129032258;0.9243697478991597;0.43027540084733795;0.00025;1;0;0;0.39716761342940793;27
09/02/25 - 22:35 ;		 MultiViewCNN;2;3;11;29;0.28901236143804365;0.9193548387096774;0.42970943450927734;0.7741935483870968;0.9369747899159664;0.4301056109459197;0.00025;2;0;0;0.39716761342940793;27
09/02/25 - 22:36 ;		 MultiViewCNN;2;3;12;0;0.6949550817089696;0.45161290322580644;0.6895966356800448;0.6451612903225806;0.7815126050420168;0.6895966356800448;0.0005;0;0;0;0.6895966356800448;0
09/02/25 - 22:36 ;		 MultiViewCNN;2;3;12;1;0.6782991232410553;0.6612903225806451;0.6812713415391983;0.6451612903225806;0.8109243697478992;0.6870990474377908;0.0005;1;0;0;0.6895966356800448;0
09/02/25 - 22:36 ;		 MultiViewCNN;2;3;12;2;0.685001504036688;0.5645161290322581;0.6720200623235395;0.7419354838709677;0.823529411764706;0.6825753519035154;0.0005;0;0;0;0.6720200623235395;2
09/02/25 - 22:36 ;		 MultiViewCNN;2;3;12;3;0.6586037220493439;0.7258064516129032;0.6621890760237171;0.6129032258064516;0.7605042016806722;0.6764594691395759;0.0005;0;0;0;0.6621890760237171;3
09/02/25 - 22:36 ;		 MultiViewCNN;2;3;12;4;0.6599014016889757;0.6612903225806451;0.6487834165173192;0.5806451612903226;0.7563025210084033;0.6681566533528989;0.0005;0;0;0;0.6487834165173192;4
09/02/25 - 22:36 ;		 MultiViewCNN;2;3;12;5;0.6488760709762573;0.6451612903225806;0.6370348468903573;0.6129032258064516;0.7773109243697479;0.6588201114141363;0.0005;0;0;0;0.6370348468903573;5
09/02/25 - 22:36 ;		 MultiViewCNN;2;3;12;6;0.6173505436989569;0.7903225806451613;0.6324285711011579;0.5806451612903226;0.7521008403361344;0.6509026493202428;0.0005;0;0;0;0.6324285711011579;6
09/02/25 - 22:36 ;		 MultiViewCNN;2;3;12;7;0.6336164878260705;0.6935483870967742;0.6210433975342782;0.6774193548387096;0.7605042016806723;0.6419448737844534;0.0005;0;0;0;0.6210433975342782;7
09/02/25 - 22:37 ;		 MultiViewCNN;2;3;12;8;0.6038759562277025;0.7419354838709677;0.6103250499694578;0.7096774193548387;0.7899159663865546;0.6324589266399547;0.0005;0;0;0;0.6103250499694578;8
09/02/25 - 22:37 ;		 MultiViewCNN;2;3;12;9;0.6018191076094105;0.7741935483870968;0.5993315327552057;0.7096774193548387;0.8109243697478992;0.62252070847453;0.0005;0;0;0;0.5993315327552057;9
09/02/25 - 22:37 ;		 MultiViewCNN;2;3;12;10;0.5900239598366522;0.7419354838709677;0.5834024567757884;0.7096774193548387;0.8319327731092437;0.6107852329649075;0.0005;0;0;0;0.5834024567757884;10
09/02/25 - 22:37 ;		 MultiViewCNN;2;3;12;11;0.5673143017676568;0.8387096774193549;0.5751099490350292;0.7419354838709677;0.8361344537815126;0.600082647785944;0.0005;0;0;0;0.5751099490350292;11
09/02/25 - 22:37 ;		 MultiViewCNN;2;3;12;12;0.5837259830967072;0.7419354838709677;0.5784335809369241;0.7096774193548387;0.8277310924369747;0.593587927731238;0.0005;0;0;0;0.5784335809369241;12
09/02/25 - 22:37 ;		 MultiViewCNN;2;3;12;13;0.5468700239735265;0.8064516129032258;0.5822313466379719;0.7741935483870968;0.8823529411764706;0.5901809534032582;0.0005;0;0;0;0.5822313466379719;13
09/02/25 - 22:37 ;		 MultiViewCNN;2;3;12;14;0.5298353202881352;0.7741935483870968;0.5972735670305067;0.6774193548387096;0.907563025210084;0.5923087374914328;0.0005;1;0;0;0.5822313466379719;13
09/02/25 - 22:37 ;		 MultiViewCNN;2;3;12;15;0.5375289417082264;0.8387096774193549;0.5655574529401718;0.8064516129032258;0.8907563025210085;0.5842833521260544;0.0005;0;0;0;0.5655574529401718;15
09/02/25 - 22:38 ;		 MultiViewCNN;2;3;12;16;0.5028884199357802;0.8387096774193549;0.5111853403429831;0.7096774193548387;0.8739495798319327;0.562353948591133;0.0005;0;0;0;0.5111853403429831;16
09/02/25 - 22:38 ;		 MultiViewCNN;2;3;12;17;0.4544749009993769;0.8870967741935484;0.5086821952173787;0.8387096774193549;0.8991596638655461;0.5462524225790066;0.0005;0;0;0;0.5086821952173787;17
09/02/25 - 22:38 ;		 MultiViewCNN;2;3;12;18;0.493390312117915;0.8225806451612904;0.6474917146467394;0.5161290322580645;0.9495798319327732;0.5766242101993264;0.0005;1;0;0;0.5086821952173787;17
09/02/25 - 22:38 ;		 MultiViewCNN;2;3;12;19;0.48678173557404547;0.8064516129032258;0.44871004742960774;0.8387096774193549;0.9201680672268907;0.5382499613684107;0.0005;0;0;0;0.44871004742960774;19
09/02/25 - 22:38 ;		 MultiViewCNN;2;3;12;20;0.4534351345031492;0.8709677419354839;0.4940639647745317;0.7419354838709677;0.9117647058823529;0.524994162390247;0.0005;0;0;0;0.4940639647745317;20
09/02/25 - 22:38 ;		 MultiViewCNN;2;3;12;21;0.4144548619947126;0.8225806451612904;0.4387921171803628;0.8064516129032258;0.9285714285714285;0.49913354882728167;0.0005;0;0;0;0.4387921171803628;21
09/02/25 - 22:38 ;		 MultiViewCNN;2;3;12;22;0.39160205087354105;0.8709677419354839;0.46513285559992634;0.8387096774193549;0.9495798319327731;0.488933340859075;0.0005;0;0;0;0.46513285559992634;22
09/02/25 - 22:38 ;		 MultiViewCNN;2;3;12;23;0.4623715704487216;0.8064516129032258;0.38413146426600797;0.8064516129032258;0.9453781512605042;0.4574927778811549;0.0005;0;0;0;0.38413146426600797;23
09/02/25 - 22:39 ;		 MultiViewCNN;2;3;12;24;0.37224059912466234;0.8548387096774194;0.565811199526633;0.6129032258064516;0.9579831932773109;0.4899883043747983;0.0005;1;0;0;0.38413146426600797;23
09/02/25 - 22:39 ;		 MultiViewCNN;2;3;12;25;0.3769982149524073;0.8870967741935484;0.41043472770721684;0.8064516129032258;0.9327731092436975;0.4661222313745238;0.0005;2;0;0;0.38413146426600797;23
09/02/25 - 22:39 ;		 MultiViewCNN;2;3;12;26;0.327673489047635;0.9032258064516129;0.41010935075821414;0.7741935483870968;0.9327731092436974;0.44931836718963086;0.0005;0;0;0;0.41010935075821414;26
09/02/25 - 22:39 ;		 MultiViewCNN;2;3;12;27;0.31763247712965936;0.8709677419354839;0.36513084653885136;0.8387096774193549;0.9453781512605042;0.424062110994397;0.0005;0;0;0;0.36513084653885136;27
09/02/25 - 22:39 ;		 MultiViewCNN;2;3;12;28;0.3177333435704631;0.9032258064516129;0.37286980978904233;0.8387096774193549;0.9369747899159664;0.40870442063279055;0.0005;0;0;0;0.37286980978904233;28
09/02/25 - 22:39 ;		 MultiViewCNN;2;3;12;29;0.32172648464479753;0.8870967741935484;0.5191928628952273;0.7419354838709677;0.9369747899159664;0.4418509533115216;0.0005;1;0;0;0.37286980978904233;28
09/02/25 - 22:39 ;		 MultiViewCNN;2;3;13;0;0.694012576533902;0.45161290322580644;0.6922554450650369;0.6451612903225806;0.5798319327731092;0.6922554450650369;0.0008;0;0;0;0.6922554450650369;0
09/02/25 - 22:40 ;		 MultiViewCNN;2;3;13;1;0.6897481372279506;0.5483870967741935;0.6781764203502286;0.6129032258064516;0.6890756302521008;0.6880317376505943;0.0008;0;0;0;0.6781764203502286;1
09/02/25 - 22:40 ;		 MultiViewCNN;2;3;13;2;0.654204087872659;0.5967741935483871;0.6614155077165172;0.5806451612903226;0.6974789915966386;0.6800468686703712;0.0008;0;0;0;0.6614155077165172;2
09/02/25 - 22:40 ;		 MultiViewCNN;2;3;13;3;0.639459329266702;0.6290322580645161;0.6490687958655819;0.5161290322580645;0.7016806722689075;0.6707534468289345;0.0008;0;0;0;0.6490687958655819;3
09/02/25 - 22:40 ;		 MultiViewCNN;2;3;13;4;0.6218084981364589;0.6774193548387096;0.6381889735498736;0.6129032258064516;0.7100840336134454;0.6609841048452161;0.0008;0;0;0;0.6381889735498736;4
09/02/25 - 22:40 ;		 MultiViewCNN;2;3;13;5;0.5885894337008076;0.7903225806451613;0.6325218350656571;0.5806451612903226;0.7058823529411764;0.6524454239113483;0.0008;0;0;0;0.6325218350656571;5
09/02/25 - 22:40 ;		 MultiViewCNN;2;3;13;6;0.5815902544606116;0.7580645161290323;0.6287459904147733;0.6774193548387096;0.7352941176470589;0.6453355938623757;0.0008;0;0;0;0.6287459904147733;6
09/02/25 - 22:40 ;		 MultiViewCNN;2;3;13;7;0.5610292669265501;0.8225806451612904;0.6118767838324269;0.6774193548387096;0.7352941176470589;0.635297950853391;0.0008;0;0;0;0.6118767838324269;7
09/02/25 - 22:40 ;		 MultiViewCNN;2;3;13;8;0.5359857390003819;0.7741935483870968;0.6235602325008761;0.7096774193548387;0.7521008403361344;0.6317766353476365;0.0008;0;0;0;0.6235602325008761;8
09/02/25 - 22:41 ;		 MultiViewCNN;2;3;13;9;0.5193146092276419;0.7903225806451613;0.5915036893660023;0.6774193548387096;0.7352941176470588;0.6196947515531462;0.0008;0;0;0;0.5915036893660023;9
09/02/25 - 22:41 ;		 MultiViewCNN;2;3;13;10;0.5030334341910577;0.7903225806451613;0.7248398334749283;0.5806451612903226;0.7815126050420168;0.6512382761296809;0.0008;1;0;0;0.5915036893660023;9
09/02/25 - 22:41 ;		 MultiViewCNN;2;3;13;11;0.4567142205853616;0.8387096774193549;0.7893858917297856;0.5161290322580645;0.8193277310924371;0.6926825608097122;0.0008;2;0;0;0.5915036893660023;9
09/02/25 - 22:41 ;		 MultiViewCNN;2;3;13;12;0.4520320565469803;0.8870967741935484;0.6587133330683554;0.5806451612903226;0.8361344537815126;0.6824917924873052;0.0004;3;1;0;0.5915036893660023;9
09/02/25 - 22:41 ;		 MultiViewCNN;2;3;13;13;0.3895210277649664;0.8870967741935484;0.5199676992431763;0.6451612903225806;0.8067226890756303;0.6337345645140665;0.0004;4;0;0;0.5915036893660023;9
09/02/25 - 22:41 ;		 MultiViewCNN;2;3;13;14;0.40767541047065486;0.8548387096774194;0.5231508939496933;0.7096774193548387;0.8277310924369748;0.6005594633447545;0.0004;0;0;0;0.5231508939496933;14
09/02/25 - 22:41 ;		 MultiViewCNN;2;3;13;15;0.3946966778847479;0.8870967741935484;0.9432384506348641;0.4838709677419355;0.8571428571428571;0.7033631595317873;0.0004;1;0;0;0.5231508939496933;14
09/02/25 - 22:41 ;		 MultiViewCNN;2;3;13;16;0.3769412867484554;0.9032258064516129;0.5802401188881167;0.6774193548387096;0.861344537815126;0.666426247338686;0.0004;2;0;0;0.5231508939496933;14
09/02/25 - 22:42 ;		 MultiViewCNN;2;3;13;17;0.3489798201668647;0.8548387096774194;0.4830668799338802;0.8064516129032258;0.865546218487395;0.6114184371172442;0.0002;3;1;0;0.5231508939496933;14
09/02/25 - 22:42 ;		 MultiViewCNN;2;3;13;18;0.29968397848067746;0.9193548387096774;0.47837681155050954;0.7419354838709677;0.8739495798319328;0.5715059494472238;0.0002;0;0;0;0.47837681155050954;18
09/02/25 - 22:42 ;		 MultiViewCNN;2;3;13;19;0.3045655450513286;0.9193548387096774;0.5053642430613118;0.7419354838709677;0.903361344537815;0.5516634375314501;0.0002;0;0;0;0.5053642430613118;19
09/02/25 - 22:42 ;		 MultiViewCNN;2;3;13;20;0.3044507815953224;0.9354838709677419;0.6025707683255596;0.6451612903225806;0.8949579831932772;0.566935636769683;0.0002;1;0;0;0.5053642430613118;19
09/02/25 - 22:42 ;		 MultiViewCNN;2;3;13;21;0.3228784684211977;0.9354838709677419;0.6382930163414248;0.6129032258064516;0.8655462184873949;0.5883428506412055;0.0002;2;0;0;0.5053642430613118;19
09/02/25 - 22:42 ;		 MultiViewCNN;2;3;13;22;0.2991789060254251;0.9193548387096774;0.46037639917865875;0.7741935483870968;0.9117647058823529;0.5499529152024414;0.0002;0;0;0;0.46037639917865875;22
09/02/25 - 22:42 ;		 MultiViewCNN;2;3;13;23;0.25661950630526387;0.967741935483871;0.43946503246984175;0.7741935483870968;0.907563025210084;0.5168065503826614;0.0002;0;0;0;0.43946503246984175;23
09/02/25 - 22:42 ;		 MultiViewCNN;2;3;13;24;0.23202671783585702;0.967741935483871;0.42404770851135254;0.8064516129032258;0.8949579831932772;0.48897889782126874;0.0002;0;0;0;0.42404770851135254;24
09/02/25 - 22:43 ;		 MultiViewCNN;2;3;13;25;0.2863668184126577;0.9032258064516129;0.44187708054819413;0.7419354838709677;0.8907563025210085;0.4748483526393463;0.0002;0;0;0;0.44187708054819413;25
09/02/25 - 22:43 ;		 MultiViewCNN;2;3;13;26;0.29434591243343966;0.9354838709677419;0.42421850850505216;0.8064516129032258;0.8907563025210085;0.4596593993990581;0.0002;0;0;0;0.42421850850505216;26
09/02/25 - 22:43 ;		 MultiViewCNN;2;3;13;27;0.23448968125927833;0.967741935483871;0.4217742508457553;0.8064516129032258;0.8865546218487395;0.4482938548330673;0.0002;0;0;0;0.4217742508457553;27
09/02/25 - 22:43 ;		 MultiViewCNN;2;3;13;28;0.23204680700455943;0.9516129032258065;0.46253499677104337;0.7741935483870968;0.8991596638655462;0.45256619741446014;0.0002;1;0;0;0.4217742508457553;27
09/02/25 - 22:43 ;		 MultiViewCNN;2;3;13;29;0.20455405452559072;0.967741935483871;0.4227181942232193;0.8064516129032258;0.8907563025210083;0.4436117964570879;0.0002;0;0;0;0.4227181942232193;29
09/02/25 - 22:43 ;		 MultiViewCNN;2;3;14;0;0.6815423542453397;0.5806451612903226;0.6767669839243735;0.5483870967741935;0.8487394957983192;0.6767669839243735;0.0008;0;0;0;0.6767669839243735;0
09/02/25 - 22:43 ;		 MultiViewCNN;2;3;14;1;0.6600387750133392;0.6774193548387096;0.655587080986269;0.6129032258064516;0.8487394957983193;0.6704130130429422;0.0008;0;0;0;0.655587080986269;1
09/02/25 - 22:43 ;		 MultiViewCNN;2;3;14;2;0.6431077564916303;0.6774193548387096;0.6299041721128649;0.6774193548387096;0.8277310924369748;0.6582603607639189;0.0008;0;0;0;0.6299041721128649;2
09/02/25 - 22:44 ;		 MultiViewCNN;2;3;14;3;0.6147158914996732;0.7096774193548387;0.6190164050748271;0.5806451612903226;0.8025210084033614;0.6464871740571914;0.0008;0;0;0;0.6190164050748271;3
09/02/25 - 22:44 ;		 MultiViewCNN;2;3;14;4;0.5874999780808726;0.8064516129032258;0.603653448243295;0.6129032258064516;0.7899159663865547;0.6336370563130225;0.0008;0;0;0;0.603653448243295;4
09/02/25 - 22:44 ;		 MultiViewCNN;2;3;14;5;0.564587059520906;0.7580645161290323;0.5633432499824031;0.7096774193548387;0.8361344537815126;0.6125489144138366;0.0008;0;0;0;0.5633432499824031;5
09/02/25 - 22:44 ;		 MultiViewCNN;2;3;14;6;0.5431485800973831;0.7903225806451613;0.5477746177104211;0.7419354838709677;0.8403361344537815;0.593116625402812;0.0008;0;0;0;0.5477746177104211;6
09/02/25 - 22:44 ;		 MultiViewCNN;2;3;14;7;0.5310419490260463;0.7741935483870968;0.5368100097102504;0.7741935483870968;0.8403361344537815;0.5762246406950435;0.0008;0;0;0;0.5368100097102504;7
09/02/25 - 22:44 ;		 MultiViewCNN;2;3;14;8;0.5020272212643777;0.7741935483870968;0.6326653438229715;0.5806451612903226;0.8823529411764706;0.5931568516334218;0.0008;1;0;0;0.5368100097102504;7
09/02/25 - 22:44 ;		 MultiViewCNN;2;3;14;9;0.4597674838958248;0.8709677419354839;0.7421637658149965;0.4838709677419355;0.9159663865546218;0.6378589258878942;0.0008;2;0;0;0.5368100097102504;7
09/02/25 - 22:44 ;		 MultiViewCNN;2;3;14;10;0.4890392941813315;0.7419354838709677;0.5927961680196947;0.6451612903225806;0.9411764705882353;0.6243400985274343;0.0004;3;1;0;0.5368100097102504;7
09/02/25 - 22:45 ;		 MultiViewCNN;2;3;14;11;0.43090701295483497;0.8387096774193549;0.42664855526339623;0.8387096774193549;0.9495798319327731;0.5650326355482229;0.0004;0;0;0;0.42664855526339623;11
09/02/25 - 22:45 ;		 MultiViewCNN;2;3;14;12;0.3966829978650616;0.9193548387096774;0.4438930000028303;0.8709677419354839;0.9621848739495799;0.5286907448846051;0.0004;0;0;0;0.4438930000028303;12
09/02/25 - 22:45 ;		 MultiViewCNN;2;3;14;13;0.3760489340751402;0.8870967741935484;0.4268285286041998;0.7419354838709677;0.9243697478991596;0.4981320800004835;0.0004;0;0;0;0.4268285286041998;13
09/02/25 - 22:45 ;		 MultiViewCNN;2;3;14;14;0.34655177208685106;0.9354838709677419;0.4610736023995184;0.8387096774193549;0.9285714285714286;0.48701453672019396;0.0004;0;0;0;0.4610736023995184;14
09/02/25 - 22:45 ;		 MultiViewCNN;2;3;14;15;0.3696949222395497;0.9354838709677419;0.7999799405374834;0.4838709677419355;0.9411764705882354;0.5809041578653807;0.0004;1;0;0;0.4610736023995184;14
09/02/25 - 22:45 ;		 MultiViewCNN;2;3;14;16;0.3098314558306048;0.9516129032258065;0.38460362918915286;0.8387096774193549;0.953781512605042;0.5220139992625124;0.0004;2;0;0;0.4610736023995184;14
09/02/25 - 22:45 ;		 MultiViewCNN;2;3;14;17;0.36605187625654284;0.8387096774193549;0.4051955726838881;0.8064516129032258;0.9369747899159664;0.48696847128892506;0.0002;3;1;0;0.4610736023995184;14
09/02/25 - 22:45 ;		 MultiViewCNN;2;3;14;18;0.30810899215359844;0.9354838709677419;0.474947121835524;0.7741935483870968;0.9327731092436974;0.4833620664529047;0.0002;0;0;0;0.474947121835524;18
09/02/25 - 22:46 ;		 MultiViewCNN;2;3;14;19;0.3006560004526569;0.9032258064516129;0.3473390331191401;0.9354838709677419;0.9705882352941178;0.44255515645277527;0.0002;0;0;0;0.3473390331191401;19
09/02/25 - 22:46 ;		 MultiViewCNN;2;3;14;20;0.29675348824070347;0.9193548387096774;0.3593232458637607;0.8709677419354839;0.9747899159663866;0.41758558327607087;0.0002;0;0;0;0.3593232458637607;20
09/02/25 - 22:46 ;		 MultiViewCNN;2;3;14;21;0.25347243009075043;0.9516129032258065;0.3778068653998836;0.8709677419354839;0.9663865546218487;0.4056519679132147;0.0002;0;0;0;0.3778068653998836;21
09/02/25 - 22:46 ;		 MultiViewCNN;2;3;14;22;0.29863942246283254;0.9354838709677419;0.39100937401094743;0.9032258064516129;0.9453781512605042;0.4012591897425345;0.0002;0;0;0;0.39100937401094743;22
09/02/25 - 22:46 ;		 MultiViewCNN;2;3;14;23;0.22581316963318857;0.9838709677419355;0.40817073083692984;0.7741935483870968;0.9495798319327731;0.40333265207085306;0.0002;1;0;0;0.39100937401094743;22
09/02/25 - 22:46 ;		 MultiViewCNN;2;3;14;24;0.22565180159384204;0.967741935483871;0.3522209486653728;0.8709677419354839;0.9453781512605042;0.38799914104920896;0.0002;0;0;0;0.3522209486653728;24
09/02/25 - 22:46 ;		 MultiViewCNN;2;3;14;25;0.3189627605099832;0.8870967741935484;0.38265146459302596;0.8387096774193549;0.9285714285714286;0.3863948381123541;0.0002;0;0;0;0.38265146459302596;25
09/02/25 - 22:47 ;		 MultiViewCNN;2;3;14;26;0.24015956203783712;0.9838709677419355;0.33900763430903036;0.9032258064516129;0.953781512605042;0.3721786769713569;0.0002;0;0;0;0.33900763430903036;26
09/02/25 - 22:47 ;		 MultiViewCNN;2;3;14;27;0.2411038875579834;0.9516129032258065;0.34630486561406043;0.8709677419354839;0.9579831932773109;0.364416533564168;0.0002;0;0;0;0.34630486561406043;27
09/02/25 - 22:47 ;		 MultiViewCNN;2;3;14;28;0.19640555593275255;0.967741935483871;0.40705527893958554;0.8709677419354839;0.953781512605042;0.37720815717679324;0.0002;1;0;0;0.34630486561406043;27
09/02/25 - 22:47 ;		 MultiViewCNN;2;3;14;29;0.2216335650413267;0.9516129032258065;0.35890882149819403;0.8387096774193549;0.9621848739495799;0.3717183564732135;0.0002;2;0;0;0.34630486561406043;27
09/02/25 - 22:47 ;		 MultiViewCNN;2;3;15;0;0.7050650985010208;0.41935483870967744;0.6832164218348842;0.7096774193548387;0.7563025210084033;0.6832164218348842;0.0008;0;0;0;0.6832164218348842;0
09/02/25 - 22:47 ;		 MultiViewCNN;2;3;15;1;0.6688853156182074;0.5967741935483871;0.6663788403234174;0.6774193548387096;0.8067226890756303;0.6781651473814441;0.0008;0;0;0;0.6663788403234174;1
09/02/25 - 22:47 ;		 MultiViewCNN;2;3;15;2;0.659350912417135;0.6451612903225806;0.6479149845338636;0.6129032258064516;0.8529411764705883;0.6690900985271699;0.0008;0;0;0;0.6479149845338636;2
09/02/25 - 22:47 ;		 MultiViewCNN;2;3;15;3;0.6363246825433546;0.7903225806451613;0.6319963720537001;0.7096774193548387;0.8403361344537815;0.6579619805851289;0.0008;0;0;0;0.6319963720537001;3
09/02/25 - 22:48 ;		 MultiViewCNN;2;3;15;4;0.6334154202092078;0.6774193548387096;0.6163765076668032;0.7419354838709677;0.8445378151260504;0.6454863387096311;0.0008;0;0;0;0.6163765076668032;4
09/02/25 - 22:48 ;		 MultiViewCNN;2;3;15;5;0.6136909819418385;0.7580645161290323;0.6019572846351131;0.6774193548387096;0.8319327731092436;0.6324276224872757;0.0008;0;0;0;0.6019572846351131;5
09/02/25 - 22:48 ;		 MultiViewCNN;2;3;15;6;0.584880082837997;0.7903225806451613;0.5790353936533774;0.7096774193548387;0.8445378151260504;0.6164099538371062;0.0008;0;0;0;0.5790353936533774;6
09/02/25 - 22:48 ;		 MultiViewCNN;2;3;15;7;0.5387614888529624;0.8548387096774194;0.5753150639995452;0.6451612903225806;0.819327731092437;0.6040814868858378;0.0008;0;0;0;0.5753150639995452;7
09/02/25 - 22:48 ;		 MultiViewCNN;2;3;15;8;0.5761492944532826;0.7258064516129032;0.5357726370134661;0.7419354838709677;0.8697478991596639;0.5835888319241263;0.0008;0;0;0;0.5357726370134661;8
09/02/25 - 22:48 ;		 MultiViewCNN;2;3;15;9;0.5327473725042036;0.7741935483870968;0.5196751971398631;0.7741935483870968;0.8823529411764706;0.5644147414888473;0.0008;0;0;0;0.5196751971398631;9
09/02/25 - 22:48 ;		 MultiViewCNN;2;3;15;10;0.5279117053554904;0.7903225806451613;0.61415058758951;0.5483870967741935;0.9411764705882353;0.5793354953190462;0.0008;1;0;0;0.5196751971398631;9
09/02/25 - 22:48 ;		 MultiViewCNN;2;3;15;11;0.45832097241955416;0.8709677419354839;0.5889943857346812;0.5483870967741935;0.953781512605042;0.5822331624437367;0.0008;2;0;0;0.5196751971398631;9
09/02/25 - 22:49 ;		 MultiViewCNN;2;3;15;12;0.46805072215295607;0.8064516129032258;0.4487600778379748;0.8064516129032258;0.9243697478991597;0.5421912370620081;0.0008;0;0;0;0.4487600778379748;12
09/02/25 - 22:49 ;		 MultiViewCNN;2;3;15;13;0.4274713877708681;0.8548387096774194;0.48375570197259227;0.8387096774193549;0.9369747899159664;0.5246605765351833;0.0008;0;0;0;0.48375570197259227;13
09/02/25 - 22:49 ;		 MultiViewCNN;2;3;15;14;0.41516677506508365;0.8064516129032258;0.39920632685384444;0.8709677419354839;0.9369747899159663;0.4870243016307816;0.0008;0;0;0;0.39920632685384444;14
09/02/25 - 22:49 ;		 MultiViewCNN;2;3;15;15;0.3783427938338249;0.8709677419354839;0.44734048458837694;0.7419354838709677;0.9621848739495797;0.47511915651806014;0.0008;0;0;0;0.44734048458837694;15
09/02/25 - 22:49 ;		 MultiViewCNN;2;3;15;16;0.40819591956753887;0.8709677419354839;0.3539817602403702;0.9032258064516129;0.9579831932773109;0.43877793763475315;0.0008;0;0;0;0.3539817602403702;16
09/02/25 - 22:49 ;		 MultiViewCNN;2;3;15;17;0.33792017736742574;0.9193548387096774;0.41630503919816786;0.7741935483870968;0.9579831932773109;0.43203606810377754;0.0008;0;0;0;0.41630503919816786;17
09/02/25 - 22:49 ;		 MultiViewCNN;2;3;15;18;0.32959937520565524;0.8548387096774194;0.46191653705412344;0.8064516129032258;0.9537815126050421;0.4410002087888813;0.0008;1;0;0;0.41630503919816786;17
09/02/25 - 22:49 ;		 MultiViewCNN;2;3;15;19;0.38801984921578436;0.8387096774193549;0.3584325784637082;0.8387096774193549;0.9705882352941176;0.4162299196913294;0.0008;0;0;0;0.3584325784637082;19
09/02/25 - 22:50 ;		 MultiViewCNN;2;3;15;20;0.31454776756225095;0.8870967741935484;0.331356986876457;0.8709677419354839;0.953781512605042;0.39076803984686764;0.0008;0;0;0;0.331356986876457;20
09/02/25 - 22:50 ;		 MultiViewCNN;2;3;15;21;0.40986017065663494;0.7580645161290323;0.37164612162497734;0.8387096774193549;0.9579831932773109;0.38503146438030056;0.0008;0;0;0;0.37164612162497734;21
09/02/25 - 22:50 ;		 MultiViewCNN;2;3;15;22;0.2532099245056029;0.9516129032258065;0.38014736194764415;0.8064516129032258;0.9621848739495797;0.3835662336505036;0.0008;0;0;0;0.38014736194764415;22
09/02/25 - 22:50 ;		 MultiViewCNN;2;3;15;23;0.29469474669425716;0.8709677419354839;0.5232512220259635;0.6774193548387096;0.957983193277311;0.42547173016314155;0.0008;1;0;0;0.38014736194764415;22
09/02/25 - 22:50 ;		 MultiViewCNN;2;3;15;24;0.27916523141245686;0.8870967741935484;0.349875682784665;0.8064516129032258;0.9663865546218486;0.40279291594959854;0.0008;2;0;0;0.38014736194764415;22
09/02/25 - 22:50 ;		 MultiViewCNN;2;3;15;25;0.21138815437593766;0.9354838709677419;0.35013870077748455;0.8709677419354839;0.9537815126050421;0.38699665139796435;0.0004;3;1;0;0.38014736194764415;22
09/02/25 - 22:50 ;		 MultiViewCNN;2;3;15;26;0.25023888964806834;0.9193548387096774;0.3524378768859371;0.8709677419354839;0.9411764705882354;0.37662901904435614;0.0004;0;0;0;0.3524378768859371;26
09/02/25 - 22:50 ;		 MultiViewCNN;2;3;15;27;0.3059397320593557;0.8548387096774194;0.31502390580792583;0.8387096774193549;0.9327731092436975;0.358147485073427;0.0004;0;0;0;0.31502390580792583;27
09/02/25 - 22:51 ;		 MultiViewCNN;2;3;15;28;0.2236152473957308;0.9032258064516129;0.601637601852417;0.7419354838709677;0.9411764705882353;0.431194520107124;0.0004;1;0;0;0.31502390580792583;27
09/02/25 - 22:51 ;		 MultiViewCNN;2;3;15;29;0.20803946737320192;0.9516129032258065;0.4073123566565975;0.7741935483870968;0.9495798319327731;0.424029871071966;0.0004;2;0;0;0.31502390580792583;27
09/02/25 - 22:51 ;		 MultiViewCNN;2;3;16;0;0.6893219467132322;0.5645161290322581;0.682841089464003;0.6129032258064516;0.726890756302521;0.682841089464003;0.0008;0;0;0;0.682841089464003;0
09/02/25 - 22:51 ;		 MultiViewCNN;2;3;16;1;0.6672423674214271;0.7096774193548387;0.6719117991385921;0.6129032258064516;0.7773109243697479;0.6795623023663797;0.0008;0;0;0;0.6719117991385921;1
09/02/25 - 22:51 ;		 MultiViewCNN;2;3;16;2;0.6451493886209303;0.7419354838709677;0.6524124049371288;0.6129032258064516;0.7605042016806723;0.6714173331376044;0.0008;0;0;0;0.6524124049371288;2
09/02/25 - 22:51 ;		 MultiViewCNN;2;3;16;3;0.6346304685838761;0.6451612903225806;0.631423952118043;0.6451612903225806;0.773109243697479;0.659419318831736;0.0008;0;0;0;0.631423952118043;3
09/02/25 - 22:51 ;		 MultiViewCNN;2;3;16;4;0.6180748151194665;0.6935483870967742;0.6202961648664167;0.5806451612903226;0.7478991596638656;0.6476823726421401;0.0008;0;0;0;0.6202961648664167;4
09/02/25 - 22:52 ;		 MultiViewCNN;2;3;16;5;0.5711669172010114;0.8064516129032258;0.611404707354884;0.6451612903225806;0.7478991596638656;0.6367990730559632;0.0008;0;0;0;0.611404707354884;5
09/02/25 - 22:52 ;		 MultiViewCNN;2;3;16;6;0.5531093305157077;0.8225806451612904;0.6045309535918697;0.6129032258064516;0.7478991596638656;0.6271186372167351;0.0008;0;0;0;0.6045309535918697;6
09/02/25 - 22:52 ;		 MultiViewCNN;2;3;16;7;0.575663024379361;0.6935483870967742;0.6032633185386658;0.6129032258064516;0.7478991596638656;0.6199620416133143;0.0008;0;0;0;0.6032633185386658;7
09/02/25 - 22:52 ;		 MultiViewCNN;2;3;16;8;0.5434234815259134;0.8064516129032258;0.6255247439107587;0.7096774193548387;0.7815126050420168;0.6216308523025476;0.0008;1;0;0;0.6032633185386658;7
09/02/25 - 22:52 ;		 MultiViewCNN;2;3;16;9;0.5195099384553971;0.7741935483870968;0.5867884870498411;0.7096774193548387;0.7941176470588236;0.6111781427267355;0.0008;0;0;0;0.5867884870498411;9
09/02/25 - 22:52 ;		 MultiViewCNN;2;3;16;10;0.48289065014931465;0.7741935483870968;0.611925063594695;0.6774193548387096;0.7941176470588235;0.6114022189871233;0.0008;1;0;0;0.5867884870498411;9
09/02/25 - 22:52 ;		 MultiViewCNN;2;3;16;11;0.44589151970801816;0.8064516129032258;0.6371152112560887;0.5806451612903226;0.8319327731092436;0.619116116667813;0.0008;2;0;0;0.5867884870498411;9
09/02/25 - 22:52 ;		 MultiViewCNN;2;3;16;12;0.4239344875658712;0.8387096774193549;0.592809707887711;0.6451612903225806;0.8613445378151261;0.6112241940337824;0.0004;3;1;0;0.5867884870498411;9
09/02/25 - 22:53 ;		 MultiViewCNN;2;3;16;13;0.40964330877027205;0.8548387096774194;0.4935242004932896;0.7096774193548387;0.8613445378151261;0.5759141959716345;0.0004;0;0;0;0.4935242004932896;13
09/02/25 - 22:53 ;		 MultiViewCNN;2;3;16;14;0.3990854659388142;0.8709677419354839;0.5937454065968913;0.6451612903225806;0.8613445378151261;0.5812635591592115;0.0004;1;0;0;0.4935242004932896;13
09/02/25 - 22:53 ;		 MultiViewCNN;2;3;16;15;0.34957018013923397;0.9193548387096774;0.5299406070863047;0.7096774193548387;0.8739495798319328;0.5658666735373394;0.0004;0;0;0;0.5299406070863047;15
09/02/25 - 22:53 ;		 MultiViewCNN;2;3;16;16;0.4025941577649886;0.8387096774193549;0.4688982319447302;0.7741935483870968;0.8949579831932772;0.5367761410595566;0.0004;0;0;0;0.4688982319447302;16
09/02/25 - 22:53 ;		 MultiViewCNN;2;3;16;17;0.37097867361960873;0.8548387096774194;0.49486553284429735;0.7096774193548387;0.8823529411764706;0.5242029585949788;0.0004;0;0;0;0.49486553284429735;17
09/02/25 - 22:53 ;		 MultiViewCNN;2;3;16;18;0.2981582505087699;0.9354838709677419;0.46126012648305587;0.7096774193548387;0.8907563025210083;0.5053201089614019;0.0004;0;0;0;0.46126012648305587;18
09/02/25 - 22:53 ;		 MultiViewCNN;2;3;16;19;0.29872976579973776;0.9354838709677419;0.45334602555921;0.7419354838709677;0.8907563025210083;0.4897278839407443;0.0004;0;0;0;0.45334602555921;19
09/02/25 - 22:53 ;		 MultiViewCNN;2;3;16;20;0.2566285585203478;0.967741935483871;0.4440178438540428;0.7741935483870968;0.8991596638655461;0.47601487191473385;0.0004;0;0;0;0.4440178438540428;20
09/02/25 - 22:54 ;		 MultiViewCNN;2;3;16;21;0.27379943478491997;0.9193548387096774;0.4240103748536879;0.8064516129032258;0.8865546218487395;0.46041352279642006;0.0004;0;0;0;0.4240103748536879;21
09/02/25 - 22:54 ;		 MultiViewCNN;2;3;16;22;0.334996037906216;0.9032258064516129;0.4649769606128816;0.7741935483870968;0.9075630252100839;0.4617825541413585;0.0004;1;0;0;0.4240103748536879;21
09/02/25 - 22:54 ;		 MultiViewCNN;2;3;16;23;0.27810132311236474;0.9193548387096774;0.5049234570995453;0.7419354838709677;0.903361344537815;0.4747248250288145;0.0004;2;0;0;0.4240103748536879;21
09/02/25 - 22:54 ;		 MultiViewCNN;2;3;16;24;0.24330109357833862;0.9516129032258065;0.4706926874576076;0.7419354838709677;0.8697478991596639;0.4735151837574524;0.0002;3;1;0;0.4240103748536879;21
09/02/25 - 22:54 ;		 MultiViewCNN;2;3;16;25;0.27600887994612416;0.9193548387096774;0.4728324144117294;0.7419354838709677;0.8865546218487395;0.47331035295373547;0.0002;4;0;0;0.4240103748536879;21
09/02/25 - 22:54 ;		 MultiViewCNN;2;3;16;26;0.201730570485515;0.967741935483871;0.4190809409464559;0.7419354838709677;0.8781512605042017;0.45704152935155157;0.0002;0;0;0;0.4190809409464559;26
09/02/25 - 22:54 ;		 MultiViewCNN;2;3;16;27;0.21305221511471656;0.9838709677419355;0.4740440345579578;0.7419354838709677;0.8781512605042017;0.4621422809134734;0.0002;1;0;0;0.4190809409464559;26
09/02/25 - 22:54 ;		 MultiViewCNN;2;3;16;28;0.23720571831349405;0.9354838709677419;0.43592370710065287;0.7741935483870968;0.8781512605042017;0.4542767087696272;0.0002;0;0;0;0.43592370710065287;28
09/02/25 - 22:55 ;		 MultiViewCNN;2;3;16;29;0.19478615493543686;0.9516129032258065;0.41086718632328895;0.7741935483870968;0.8907563025210083;0.4412538520357257;0.0002;0;0;0;0.41086718632328895;29
09/02/25 - 22:55 ;		 MultiViewCNN;2;3;17;0;0.6955066304053029;0.5645161290322581;0.6869257938477301;0.6451612903225806;0.7899159663865547;0.6869257938477301;0.0008;0;0;0;0.6869257938477301;0
09/02/25 - 22:55 ;		 MultiViewCNN;2;3;17;1;0.6686290387184389;0.6774193548387096;0.6762518594341893;0.6774193548387096;0.7394957983193278;0.6837236135236678;0.0008;0;0;0;0.6762518594341893;1
09/02/25 - 22:55 ;		 MultiViewCNN;2;3;17;2;0.6652461674905592;0.6451612903225806;0.662319988973679;0.5806451612903226;0.7310924369747899;0.6773025261586711;0.0008;0;0;0;0.662319988973679;2
09/02/25 - 22:55 ;		 MultiViewCNN;2;3;17;3;0.6321974146750665;0.7258064516129032;0.6463849486843232;0.6451612903225806;0.726890756302521;0.6680272529163667;0.0008;0;0;0;0.6463849486843232;3
09/02/25 - 22:55 ;		 MultiViewCNN;2;3;17;4;0.6006754982856012;0.7580645161290323;0.6321740169678965;0.5806451612903226;0.7142857142857143;0.6572712821318256;0.0008;0;0;0;0.6321740169678965;4
09/02/25 - 22:55 ;		 MultiViewCNN;2;3;17;5;0.6364682624416966;0.6935483870967742;0.6283464277944257;0.6129032258064516;0.7352941176470589;0.6485938258306057;0.0008;0;0;0;0.6283464277944257;5
09/02/25 - 22:55 ;		 MultiViewCNN;2;3;17;6;0.6083609769421239;0.7096774193548387;0.6167521938200919;0.6129032258064516;0.7478991596638656;0.6390413362274515;0.0008;0;0;0;0.6167521938200919;6
09/02/25 - 22:56 ;		 MultiViewCNN;2;3;17;7;0.5681176723972443;0.7903225806451613;0.6123308327890211;0.6451612903225806;0.7352941176470588;0.6310281851959223;0.0008;0;0;0;0.6123308327890211;7
09/02/25 - 22:56 ;		 MultiViewCNN;2;3;17;8;0.5582423863872406;0.7741935483870968;0.6066180121514105;0.5806451612903226;0.7394957983193278;0.6237051332825687;0.0008;0;0;0;0.6066180121514105;8
09/02/25 - 22:56 ;		 MultiViewCNN;2;3;17;9;0.5609022571194556;0.7580645161290323;0.652355138332613;0.6451612903225806;0.7142857142857143;0.632300134797582;0.0008;1;0;0;0.6066180121514105;8
09/02/25 - 22:56 ;		 MultiViewCNN;2;3;17;10;0.5176831945296256;0.7741935483870968;0.620200272529356;0.6451612903225806;0.7478991596638656;0.6286701761171141;0.0008;2;0;0;0.6066180121514105;8
09/02/25 - 22:56 ;		 MultiViewCNN;2;3;17;11;0.5121266111250846;0.8387096774193549;0.5619528408973448;0.7419354838709677;0.8151260504201682;0.6086549755511832;0.0008;0;0;0;0.5619528408973448;11
09/02/25 - 22:56 ;		 MultiViewCNN;2;3;17;12;0.49866570964936285;0.7903225806451613;0.5362531023640786;0.7419354838709677;0.8109243697478993;0.5869344135950518;0.0008;0;0;0;0.5362531023640786;12
09/02/25 - 22:56 ;		 MultiViewCNN;2;3;17;13;0.46565902617669874;0.7903225806451613;0.5270021375148527;0.7419354838709677;0.8193277310924371;0.568954730770992;0.0008;0;0;0;0.5270021375148527;13
09/02/25 - 22:56 ;		 MultiViewCNN;2;3;17;14;0.4897369146347046;0.8225806451612904;0.5383299060406224;0.7419354838709677;0.823529411764706;0.5597672833518811;0.0008;0;0;0;0.5383299060406224;14
09/02/25 - 22:57 ;		 MultiViewCNN;2;3;17;15;0.44018365106275004;0.8387096774193549;0.5320116108463656;0.7419354838709677;0.8277310924369748;0.5514405816002265;0.0008;0;0;0;0.5320116108463656;15
09/02/25 - 22:57 ;		 MultiViewCNN;2;3;17;16;0.3788817457614406;0.8709677419354839;0.7342858141468417;0.5806451612903226;0.8025210084033613;0.606294151364211;0.0008;1;0;0;0.5320116108463656;15
09/02/25 - 22:57 ;		 MultiViewCNN;2;3;17;17;0.4454995874435671;0.8225806451612904;0.7929046577022921;0.5161290322580645;0.8025210084033613;0.6622773032656353;0.0008;2;0;0;0.5320116108463656;15
09/02/25 - 22:57 ;		 MultiViewCNN;2;3;17;18;0.35739480872308055;0.9193548387096774;0.4844418100772365;0.7419354838709677;0.8823529411764707;0.6089266553091156;0.0004;3;1;0;0.5320116108463656;15
09/02/25 - 22:57 ;		 MultiViewCNN;2;3;17;19;0.4094652956531894;0.9032258064516129;0.4691576217451403;0.7419354838709677;0.8907563025210083;0.566995945239923;0.0004;4;0;0;0.5320116108463656;15
09/02/25 - 22:57 ;		 MultiViewCNN;2;3;17;20;0.41233885961194194;0.8387096774193549;0.46728873733551274;0.7419354838709677;0.869747899159664;0.5370837828685999;0.0004;0;0;0;0.46728873733551274;20
09/02/25 - 22:57 ;		 MultiViewCNN;2;3;17;21;0.35724513376912764;0.8709677419354839;0.5004094300731536;0.8064516129032258;0.8319327731092437;0.526081477029966;0.0004;0;0;0;0.5004094300731536;21
09/02/25 - 22:58 ;		 MultiViewCNN;2;3;17;22;0.3463679619373814;0.8870967741935484;0.4768957264961735;0.8064516129032258;0.8571428571428571;0.5113257518698282;0.0004;0;0;0;0.4768957264961735;22
09/02/25 - 22:58 ;		 MultiViewCNN;2;3;17;23;0.354097064464323;0.8709677419354839;0.4358764973378951;0.7741935483870968;0.9033613445378151;0.4886909755102482;0.0004;0;0;0;0.4358764973378951;23
09/02/25 - 22:58 ;		 MultiViewCNN;2;3;17;24;0.3156784599827182;0.9193548387096774;0.40560515945957554;0.8064516129032258;0.9327731092436975;0.4637652306950464;0.0004;0;0;0;0.40560515945957554;24
09/02/25 - 22:58 ;		 MultiViewCNN;2;3;17;25;0.2940660580512016;0.9193548387096774;0.5467829127465526;0.7419354838709677;0.8949579831932774;0.4886705353104982;0.0004;1;0;0;0.40560515945957554;24
09/02/25 - 22:58 ;		 MultiViewCNN;2;3;17;26;0.2796271251093957;0.9032258064516129;0.45409500502770944;0.7419354838709677;0.9033613445378151;0.47829787622566156;0.0004;2;0;0;0.40560515945957554;24
09/02/25 - 22:58 ;		 MultiViewCNN;2;3;17;27;0.2939525342756702;0.9032258064516129;0.4035494048749247;0.7419354838709677;0.9159663865546218;0.45587333482044046;0.0004;0;0;0;0.4035494048749247;27
09/02/25 - 22:58 ;		 MultiViewCNN;2;3;17;28;0.2445496517804361;0.9032258064516129;0.4743476423525041;0.7741935483870968;0.8949579831932772;0.4614156270800595;0.0004;1;0;0;0.4035494048749247;27
09/02/25 - 22:58 ;		 MultiViewCNN;2;3;17;29;0.33171686818522794;0.8387096774193549;0.42657428403054515;0.7741935483870968;0.8949579831932772;0.4509632241652052;0.0004;0;0;0;0.42657428403054515;29
09/02/25 - 22:59 ;		 MultiViewCNN;2;3;18;0;0.6905115612091557;0.5806451612903226;0.682330806409159;0.5483870967741935;0.7184873949579832;0.682330806409159;0.0008;0;0;0;0.682330806409159;0
09/02/25 - 22:59 ;		 MultiViewCNN;2;3;18;1;0.6673940862378767;0.7258064516129032;0.6720408701127575;0.7096774193548387;0.7899159663865546;0.6792438255202384;0.0008;0;0;0;0.6720408701127575;1
09/02/25 - 22:59 ;		 MultiViewCNN;2;3;18;2;0.6639101351461103;0.6774193548387096;0.6586657243390237;0.6774193548387096;0.7773109243697479;0.673070395165874;0.0008;0;0;0;0.6586657243390237;2
09/02/25 - 22:59 ;		 MultiViewCNN;2;3;18;3;0.6515099790788466;0.7096774193548387;0.6472096289357832;0.6451612903225806;0.7647058823529412;0.6653121652968467;0.0008;0;0;0;0.6472096289357832;3
09/02/25 - 22:59 ;		 MultiViewCNN;2;3;18;4;0.6243724130815075;0.7419354838709677;0.6337186232689889;0.7096774193548387;0.7941176470588235;0.6558341026884893;0.0008;0;0;0;0.6337186232689889;4
09/02/25 - 22:59 ;		 MultiViewCNN;2;3;18;5;0.6125545463254375;0.7096774193548387;0.6197511034627115;0.6451612903225806;0.7815126050420168;0.6450092029207559;0.0008;0;0;0;0.6197511034627115;5
09/02/25 - 22:59 ;		 MultiViewCNN;2;3;18;6;0.6009763863778883;0.8064516129032258;0.6162524261782246;0.7096774193548387;0.7731092436974789;0.6363821698979965;0.0008;0;0;0;0.6162524261782246;6
09/02/25 - 22:59 ;		 MultiViewCNN;2;3;18;7;0.5916824398502227;0.7580645161290323;0.6123243839510025;0.6129032258064516;0.7605042016806722;0.6291648341138982;0.0008;0;0;0;0.6123243839510025;7
09/02/25 - 23:00 ;		 MultiViewCNN;2;3;18;8;0.5462466055347074;0.7741935483870968;0.6085745942208075;0.5806451612903226;0.7352941176470589;0.622987762145971;0.0008;0;0;0;0.6085745942208075;8
09/02/25 - 23:00 ;		 MultiViewCNN;2;3;18;9;0.5449590423414784;0.7741935483870968;0.6056701925493055;0.6129032258064516;0.7226890756302522;0.6177924912669713;0.0008;0;0;0;0.6056701925493055;9
09/02/25 - 23:00 ;		 MultiViewCNN;2;3;18;10;0.5075697014408727;0.8225806451612904;0.6142390985642711;0.6451612903225806;0.7226890756302521;0.6167264734561613;0.0008;1;0;0;0.6056701925493055;9
09/02/25 - 23:00 ;		 MultiViewCNN;2;3;18;11;0.5206312844830174;0.8064516129032258;0.7163880871188256;0.5483870967741935;0.7563025210084033;0.6466249575549605;0.0008;2;0;0;0.6056701925493055;9
09/02/25 - 23:00 ;		 MultiViewCNN;2;3;18;12;0.48675871472204885;0.8064516129032258;0.6033190854134098;0.6774193548387096;0.773109243697479;0.6336331959124952;0.0004;3;1;0;0.6056701925493055;9
09/02/25 - 23:00 ;		 MultiViewCNN;2;3;18;13;0.46567955516999765;0.8225806451612904;0.5632227851498511;0.7096774193548387;0.8067226890756303;0.612510072683702;0.0004;0;0;0;0.5632227851498511;13
09/02/25 - 23:00 ;		 MultiViewCNN;2;3;18;14;0.47552700965635236;0.8387096774193549;0.5323618381254135;0.7096774193548387;0.8235294117647058;0.5884656023162154;0.0004;0;0;0;0.5323618381254135;14
09/02/25 - 23:01 ;		 MultiViewCNN;2;3;18;15;0.42996993084107676;0.8548387096774194;0.5463999875130192;0.6774193548387096;0.8277310924369747;0.5758459178752565;0.0004;0;0;0;0.5463999875130192;15
09/02/25 - 23:01 ;		 MultiViewCNN;2;3;18;16;0.41653762132890765;0.8387096774193549;0.595476133208121;0.7741935483870968;0.8151260504201682;0.5817349824751159;0.0004;1;0;0;0.5463999875130192;15
09/02/25 - 23:01 ;		 MultiViewCNN;2;3;18;17;0.3998876204413752;0.8709677419354839;0.5578777943888018;0.7419354838709677;0.8277310924369748;0.5745778260492217;0.0004;2;0;0;0.5463999875130192;15
09/02/25 - 23:01 ;		 MultiViewCNN;2;3;18;18;0.5310006776163655;0.7419354838709677;0.535411117538329;0.7419354838709677;0.8193277310924371;0.5628278134959539;0.0004;0;0;0;0.535411117538329;18
09/02/25 - 23:01 ;		 MultiViewCNN;2;3;18;19;0.4416850074645012;0.8225806451612904;0.6146778079771227;0.6774193548387096;0.8319327731092437;0.5783828118403045;0.0004;1;0;0;0.535411117538329;18
09/02/25 - 23:01 ;		 MultiViewCNN;2;3;18;20;0.3861347888746569;0.9032258064516129;0.5226494593005027;0.7741935483870968;0.8487394957983193;0.5616628060783639;0.0004;2;0;0;0.535411117538329;18
09/02/25 - 23:01 ;		 MultiViewCNN;2;3;18;21;0.36662141546126337;0.8709677419354839;0.5047643492298741;0.7741935483870968;0.8949579831932772;0.544593269023817;0.0004;0;0;0;0.5047643492298741;21
09/02/25 - 23:01 ;		 MultiViewCNN;2;3;18;22;0.359254706771143;0.8709677419354839;0.48265540984369093;0.7419354838709677;0.8697478991596639;0.5260119112697792;0.0004;0;0;0;0.48265540984369093;22
09/02/25 - 23:02 ;		 MultiViewCNN;2;3;18;23;0.37008576239309005;0.8870967741935484;0.6561440652416598;0.6451612903225806;0.8571428571428571;0.5650515574613434;0.0004;1;0;0;0.48265540984369093;22
09/02/25 - 23:02 ;		 MultiViewCNN;2;3;18;24;0.3697405053723243;0.8870967741935484;0.46270875007875506;0.8064516129032258;0.8949579831932772;0.5343487152465669;0.0004;2;0;0;0.48265540984369093;22
09/02/25 - 23:02 ;		 MultiViewCNN;2;3;18;25;0.3392493272981336;0.8709677419354839;0.42024622328819766;0.7741935483870968;0.9327731092436975;0.5001179676590561;0.0004;0;0;0;0.42024622328819766;25
09/02/25 - 23:02 ;		 MultiViewCNN;2;3;18;26;0.30715622536597714;0.8870967741935484;0.43329726688323483;0.8064516129032258;0.8991596638655462;0.48007175742630975;0.0004;0;0;0;0.43329726688323483;26
09/02/25 - 23:02 ;		 MultiViewCNN;2;3;18;27;0.30214502446113095;0.8870967741935484;0.4354581102248161;0.7741935483870968;0.8823529411764706;0.46668766326586164;0.0004;0;0;0;0.4354581102248161;27
09/02/25 - 23:02 ;		 MultiViewCNN;2;3;18;28;0.2807327989609011;0.9516129032258065;0.44529729504739085;0.7419354838709677;0.8781512605042017;0.46027055280032036;0.0004;0;0;0;0.44529729504739085;28
09/02/25 - 23:02 ;		 MultiViewCNN;2;3;18;29;0.27203244403485327;0.9516129032258065;0.432017078322749;0.7741935483870968;0.9327731092436975;0.45179451045704894;0.0004;0;0;0;0.432017078322749;29
09/02/25 - 23:12 ;		 MultiViewCNN;1;2;9;0;0.6963435853681257;0.46774193548387094;0.690597814898337;0.5161290322580645;0.7833333333333334;0.690597814898337;0.0005;0;0;0;0.690597814898337;0
09/02/25 - 23:12 ;		 MultiViewCNN;1;2;9;1;0.6773987008679297;0.6129032258064516;0.6845290410903192;0.5161290322580645;0.7958333333333334;0.6887771827559317;0.0005;1;0;0;0.690597814898337;0
09/02/25 - 23:12 ;		 MultiViewCNN;1;2;9;2;0.6796350267625624;0.6451612903225806;0.6748508984042753;0.5161290322580645;0.8625;0.6845992974504347;0.0005;0;0;0;0.6748508984042753;2
09/02/25 - 23:12 ;		 MultiViewCNN;1;2;9;3;0.6589689024033085;0.6612903225806451;0.6660056248787911;0.5161290322580645;0.8375;0.6790211956789416;0.0005;0;0;0;0.6660056248787911;3
09/02/25 - 23:12 ;		 MultiViewCNN;1;2;9;4;0.6584161327731225;0.6451612903225806;0.6577669632050299;0.5161290322580645;0.8125;0.6726449259367681;0.0005;0;0;0;0.6577669632050299;4
09/02/25 - 23:12 ;		 MultiViewCNN;1;2;9;5;0.6379192375367687;0.7258064516129032;0.6415015459060669;0.6129032258064516;0.8541666666666666;0.6633019119275576;0.0005;0;0;0;0.6415015459060669;5
09/02/25 - 23:12 ;		 MultiViewCNN;1;2;9;6;0.6398713088804676;0.6451612903225806;0.6372491717338562;0.6451612903225806;0.8333333333333334;0.6554860898694471;0.0005;0;0;0;0.6372491717338562;6
09/02/25 - 23:13 ;		 MultiViewCNN;1;2;9;7;0.6265554966465119;0.6774193548387096;0.6237381754382965;0.6774193548387096;0.8666666666666667;0.6459617155401018;0.0005;0;0;0;0.6237381754382965;7
09/02/25 - 23:13 ;		 MultiViewCNN;1;2;9;8;0.6240878335891231;0.7096774193548387;0.6149971985047863;0.6451612903225806;0.8666666666666667;0.6366723604295071;0.0005;0;0;0;0.6149971985047863;8
09/02/25 - 23:13 ;		 MultiViewCNN;1;2;9;9;0.5984167783491073;0.7741935483870968;0.5989744663238525;0.8387096774193549;0.9041666666666668;0.6253629921978107;0.0005;0;0;0;0.5989744663238525;9
09/02/25 - 23:13 ;		 MultiViewCNN;1;2;9;10;0.5807622748036538;0.8387096774193549;0.5922566613843364;0.8709677419354839;0.925;0.6154310929537683;0.0005;0;0;0;0.5922566613843364;10
09/02/25 - 23:13 ;		 MultiViewCNN;1;2;9;11;0.5929988468846967;0.7741935483870968;0.5849233981101744;0.8064516129032258;0.9208333333333334;0.6062787845006901;0.0005;0;0;0;0.5849233981101744;11
09/02/25 - 23:13 ;		 MultiViewCNN;1;2;9;12;0.5479826734912011;0.7741935483870968;0.5788149622178846;0.7419354838709677;0.8875;0.5980396378158485;0.0005;0;0;0;0.5788149622178846;12
09/02/25 - 23:13 ;		 MultiViewCNN;1;2;9;13;0.5721649700595487;0.7741935483870968;0.5847999299726179;0.6774193548387096;0.9;0.5940677254628792;0.0005;0;0;0;0.5847999299726179;13
09/02/25 - 23:14 ;		 MultiViewCNN;1;2;9;14;0.5457077853141292;0.7419354838709677;0.5885795739389235;0.6774193548387096;0.9041666666666667;0.5924212800056925;0.0005;1;0;0;0.5847999299726179;13
09/02/25 - 23:14 ;		 MultiViewCNN;1;2;9;15;0.5441166681628073;0.7741935483870968;0.5602304512454618;0.6774193548387096;0.9083333333333334;0.5827640313776232;0.0005;0;0;0;0.5602304512454618;15
09/02/25 - 23:14 ;		 MultiViewCNN;1;2;9;16;0.5087210785958075;0.7903225806451613;0.5315599787619806;0.8064516129032258;0.9083333333333334;0.5674028155929304;0.0005;0;0;0;0.5315599787619806;16
09/02/25 - 23:14 ;		 MultiViewCNN;1;2;9;17;0.4553262572134695;0.8709677419354839;0.6424497904316071;0.5483870967741935;0.9041666666666668;0.5899169080445333;0.0005;1;0;0;0.5315599787619806;16
09/02/25 - 23:14 ;		 MultiViewCNN;1;2;9;18;0.495682874033528;0.8225806451612904;0.5442664700169717;0.7419354838709677;0.8833333333333334;0.5762217766362648;0.0005;2;0;0;0.5315599787619806;16
09/02/25 - 23:14 ;		 MultiViewCNN;1;2;9;19;0.4995001823671402;0.7580645161290323;0.5323043965524242;0.7741935483870968;0.8833333333333333;0.5630465626111126;0.0005;0;0;0;0.5323043965524242;19
09/02/25 - 23:14 ;		 MultiViewCNN;1;2;9;20;0.4983850448362289;0.8225806451612904;0.5727736469238035;0.6774193548387096;0.8833333333333333;0.5659646879049198;0.0005;1;0;0;0.5323043965524242;19
09/02/25 - 23:14 ;		 MultiViewCNN;1;2;9;21;0.43442631729187503;0.8709677419354839;0.5318066554684793;0.7741935483870968;0.9125000000000001;0.5557172781739876;0.0005;0;0;0;0.5318066554684793;21
09/02/25 - 23:15 ;		 MultiViewCNN;1;2;9;22;0.3999370605714859;0.8387096774193549;0.49542184606675177;0.8064516129032258;0.8708333333333333;0.5376286485418168;0.0005;0;0;0;0.49542184606675177;22
09/02/25 - 23:15 ;		 MultiViewCNN;1;2;9;23;0.4275232668845884;0.8225806451612904;0.6107354414078497;0.6129032258064516;0.8708333333333332;0.5595606864016267;0.0005;1;0;0;0.49542184606675177;22
09/02/25 - 23:15 ;		 MultiViewCNN;1;2;9;24;0.41066471703590884;0.8225806451612904;0.4999167400021707;0.7741935483870968;0.8833333333333333;0.5416675024817899;0.0005;2;0;0;0.49542184606675177;22
09/02/25 - 23:15 ;		 MultiViewCNN;1;2;9;25;0.34599625487481395;0.8870967741935484;0.5035939716523693;0.7741935483870968;0.9041666666666667;0.5302454432329636;0.0005;0;0;0;0.5035939716523693;25
09/02/25 - 23:15 ;		 MultiViewCNN;1;2;9;26;0.34850228794159427;0.9032258064516129;0.48290116171683034;0.7741935483870968;0.8833333333333333;0.5160421587781236;0.0005;0;0;0;0.48290116171683034;26
09/02/25 - 23:15 ;		 MultiViewCNN;1;2;9;27;0.32247502861484406;0.9193548387096774;0.4805783225644019;0.7419354838709677;0.8958333333333333;0.505403007914007;0.0005;0;0;0;0.4805783225644019;27
09/02/25 - 23:15 ;		 MultiViewCNN;1;2;9;28;0.32895709622290825;0.8870967741935484;0.5177354581894413;0.7419354838709677;0.875;0.5091027429966373;0.0005;1;0;0;0.4805783225644019;27
09/02/25 - 23:16 ;		 MultiViewCNN;1;2;9;29;0.2673565581921608;0.9516129032258065;0.4749676316015182;0.7741935483870968;0.8583333333333334;0.49886220957810157;0.0005;0;0;0;0.4749676316015182;29
09/02/25 - 23:16 ;		 MultiViewCNN;1;2;10;0;0.6926485376973306;0.5806451612903226;0.6881949324761668;0.6129032258064516;0.6791666666666666;0.6881949324761668;0.0005;0;0;0;0.6881949324761668;0
09/02/25 - 23:16 ;		 MultiViewCNN;1;2;10;1;0.6742134248056719;0.6290322580645161;0.6800616998826304;0.6774193548387096;0.7708333333333334;0.6857549626981059;0.0005;1;0;0;0.6881949324761668;0
09/02/25 - 23:16 ;		 MultiViewCNN;1;2;10;2;0.6760576598105892;0.6290322580645161;0.6684806212302177;0.6129032258064516;0.8000000000000002;0.6805726602577393;0.0005;0;0;0;0.6684806212302177;2
09/02/25 - 23:16 ;		 MultiViewCNN;1;2;10;3;0.6647640889690768;0.6451612903225806;0.6579301837951906;0.5161290322580645;0.7875000000000001;0.6737799173189747;0.0005;0;0;0;0.6579301837951906;3
09/02/25 - 23:16 ;		 MultiViewCNN;1;2;10;4;0.6386146814592423;0.6774193548387096;0.6434010171121166;0.5483870967741935;0.8041666666666667;0.6646662472569173;0.0005;0;0;0;0.6434010171121166;4
09/02/25 - 23:16 ;		 MultiViewCNN;1;2;10;5;0.6413703060919239;0.6451612903225806;0.6348430764290595;0.5806451612903226;0.8;0.6557192960085598;0.0005;0;0;0;0.6348430764290595;5
09/02/25 - 23:17 ;		 MultiViewCNN;1;2;10;6;0.6204124842920611;0.7096774193548387;0.6306963159191993;0.5161290322580645;0.7958333333333334;0.6482124019817517;0.0005;0;0;0;0.6306963159191993;6
09/02/25 - 23:17 ;		 MultiViewCNN;1;2;10;7;0.6303888847751002;0.6774193548387096;0.6170256464712082;0.6129032258064516;0.8;0.6388563753285885;0.0005;0;0;0;0.6170256464712082;7
09/02/25 - 23:17 ;		 MultiViewCNN;1;2;10;8;0.5811550732581846;0.8064516129032258;0.5934805004827438;0.7419354838709677;0.8208333333333333;0.6252436128748351;0.0005;0;0;0;0.5934805004827438;8
09/02/25 - 23:17 ;		 MultiViewCNN;1;2;10;9;0.5709721753674168;0.7258064516129032;0.5932883216488746;0.7096774193548387;0.8041666666666667;0.6156570255070468;0.0005;0;0;0;0.5932883216488746;9
09/02/25 - 23:17 ;		 MultiViewCNN;1;2;10;10;0.5934059542994345;0.6935483870967742;0.572027410230329;0.7741935483870968;0.85;0.6025681409240314;0.0005;0;0;0;0.572027410230329;10
09/02/25 - 23:17 ;		 MultiViewCNN;1;2;10;11;0.5599602845407301;0.7096774193548387;0.5840382114533456;0.7096774193548387;0.8666666666666667;0.5970091620828256;0.0005;0;0;0;0.5840382114533456;11
09/02/25 - 23:17 ;		 MultiViewCNN;1;2;10;12;0.581578097035808;0.6774193548387096;0.546585081085082;0.7741935483870968;0.8625;0.5818819377835025;0.0005;0;0;0;0.546585081085082;12
09/02/25 - 23:18 ;		 MultiViewCNN;1;2;10;13;0.5346499873745826;0.7580645161290323;0.5462557096635142;0.7096774193548387;0.8624999999999999;0.5711940693475059;0.0005;0;0;0;0.5462557096635142;13
09/02/25 - 23:18 ;		 MultiViewCNN;1;2;10;14;0.5327780064075224;0.7419354838709677;0.5647810139963704;0.7096774193548387;0.8416666666666667;0.5692701527421653;0.0005;1;0;0;0.5462557096635142;13
09/02/25 - 23:18 ;		 MultiViewCNN;1;2;10;15;0.5175191260153248;0.7419354838709677;0.5533431979917711;0.7741935483870968;0.85;0.564492066317047;0.0005;0;0;0;0.5533431979917711;15
09/02/25 - 23:18 ;		 MultiViewCNN;1;2;10;16;0.4765895105177356;0.8064516129032258;0.5363864994818165;0.8064516129032258;0.85;0.5560603962664779;0.0005;0;0;0;0.5363864994818165;16
09/02/25 - 23:18 ;		 MultiViewCNN;1;2;10;17;0.4807490744898396;0.7741935483870968;0.5120455449627291;0.8064516129032258;0.875;0.5428559408753533;0.0005;0;0;0;0.5120455449627291;17
09/02/25 - 23:18 ;		 MultiViewCNN;1;2;10;18;0.4459345917547903;0.8387096774193549;0.539376276154672;0.6774193548387096;0.8875;0.5418120414591489;0.0005;1;0;0;0.5120455449627291;17
09/02/25 - 23:18 ;		 MultiViewCNN;1;2;10;19;0.43190253646143023;0.9032258064516129;0.525012154732981;0.7419354838709677;0.8666666666666667;0.5367720754412985;0.0005;0;0;0;0.525012154732981;19
09/02/25 - 23:19 ;		 MultiViewCNN;1;2;10;20;0.4277135066447719;0.7741935483870968;0.5450197823586003;0.7096774193548387;0.8250000000000001;0.539246387516489;0.0005;1;0;0;0.525012154732981;19
09/02/25 - 23:19 ;		 MultiViewCNN;1;2;10;21;0.38279999456098;0.9193548387096774;0.6910004500419863;0.5161290322580645;0.8666666666666667;0.5847726062741382;0.0005;2;0;0;0.525012154732981;19
09/02/25 - 23:19 ;		 MultiViewCNN;1;2;10;22;0.4043105129272707;0.8548387096774194;0.4970822238153027;0.7419354838709677;0.8625;0.5584654915364875;0.00025;3;1;0;0.525012154732981;19
09/02/25 - 23:19 ;		 MultiViewCNN;1;2;10;23;0.3620245764332433;0.8870967741935484;0.5735584401315258;0.7419354838709677;0.8458333333333333;0.562993376114999;0.00025;4;0;0;0.525012154732981;19
09/02/25 - 23:19 ;		 MultiViewCNN;1;2;10;24;0.35183287628235355;0.9032258064516129;0.5261830610613669;0.7419354838709677;0.8291666666666667;0.5519502815989094;0.00025;5;0;1;0.525012154732981;19
09/02/25 - 23:19 ;		 MultiViewCNN;1;2;11;0;0.7045310716475209;0.45161290322580644;0.6914206397148871;0.5161290322580645;0.5708333333333333;0.6914206397148871;0.0005;0;0;0;0.6914206397148871;0
09/02/25 - 23:19 ;		 MultiViewCNN;1;2;11;1;0.690932366155809;0.5483870967741935;0.6886399734404779;0.5161290322580645;0.6916666666666667;0.6905864398325643;0.0005;1;0;0;0.6914206397148871;0
09/02/25 - 23:19 ;		 MultiViewCNN;1;2;11;2;0.6728565000718639;0.5967741935483871;0.6822580868198026;0.5161290322580645;0.75;0.6880879339287358;0.0005;2;0;0;0.6914206397148871;0
09/02/25 - 23:20 ;		 MultiViewCNN;1;2;11;3;0.6737944541438934;0.6612903225806451;0.6736382284472066;0.5161290322580645;0.7875000000000001;0.683753022284277;0.0005;0;0;0;0.6736382284472066;3
09/02/25 - 23:20 ;		 MultiViewCNN;1;2;11;4;0.6746014298931244;0.6612903225806451;0.6664957769455448;0.6774193548387096;0.8208333333333334;0.6785758486826574;0.0005;0;0;0;0.6664957769455448;4
09/02/25 - 23:20 ;		 MultiViewCNN;1;2;11;5;0.6520254881151261;0.6129032258064516;0.6604075162641464;0.6774193548387096;0.8208333333333334;0.6731253489571041;0.0005;0;0;0;0.6604075162641464;5
09/02/25 - 23:20 ;		 MultiViewCNN;1;2;11;6;0.6372168314072394;0.7580645161290323;0.6557847357565357;0.6774193548387096;0.8333333333333334;0.6679231649969335;0.0005;0;0;0;0.6557847357565357;6
09/02/25 - 23:20 ;		 MultiViewCNN;1;2;11;7;0.6508063520154646;0.7258064516129032;0.6549706882046115;0.5806451612903226;0.8041666666666667;0.6640374219592369;0.0005;0;0;0;0.6549706882046115;7
09/02/25 - 23:20 ;		 MultiViewCNN;1;2;11;8;0.6217412410243865;0.6935483870967742;0.6586373736781459;0.5161290322580645;0.7791666666666667;0.6624174074749096;0.0005;1;0;0;0.6549706882046115;7
09/02/25 - 23:20 ;		 MultiViewCNN;1;2;11;9;0.6212799126102079;0.7258064516129032;0.6489773181176954;0.6129032258064516;0.7708333333333334;0.6583853806677453;0.0005;0;0;0;0.6489773181176954;9
09/02/25 - 23:21 ;		 MultiViewCNN;1;2;11;10;0.6191307344744282;0.6935483870967742;0.6293353957514609;0.6129032258064516;0.7958333333333333;0.6496703851928599;0.0005;0;0;0;0.6293353957514609;10
09/02/25 - 23:21 ;		 MultiViewCNN;1;2;11;11;0.5919515432850007;0.7580645161290323;0.618697622129994;0.6129032258064516;0.8041666666666667;0.6403785562740001;0.0005;0;0;0;0.618697622129994;11
09/02/25 - 23:21 ;		 MultiViewCNN;1;2;11;12;0.5856680889283458;0.7741935483870968;0.6110733978209957;0.7096774193548387;0.8208333333333333;0.6315870087380987;0.0005;0;0;0;0.6110733978209957;12
09/02/25 - 23:21 ;		 MultiViewCNN;1;2;11;13;0.5963365243327233;0.7580645161290323;0.6027258788385699;0.7096774193548387;0.8333333333333333;0.62292866976824;0.0005;0;0;0;0.6027258788385699;13
09/02/25 - 23:21 ;		 MultiViewCNN;1;2;11;14;0.5502566647145056;0.7741935483870968;0.6099327687294253;0.7096774193548387;0.8208333333333333;0.6190298994565956;0.0005;0;0;0;0.6099327687294253;14
09/02/25 - 23:21 ;		 MultiViewCNN;1;2;11;15;0.5513559983622643;0.8225806451612904;0.5959000856645645;0.7419354838709677;0.8208333333333333;0.6120909553189863;0.0005;0;0;0;0.5959000856645645;15
09/02/25 - 23:21 ;		 MultiViewCNN;1;2;11;16;0.567878246307373;0.8064516129032258;0.5873274707025097;0.7419354838709677;0.8291666666666666;0.6046619099340433;0.0005;0;0;0;0.5873274707025097;16
09/02/25 - 23:22 ;		 MultiViewCNN;1;2;11;17;0.5243601318328611;0.8387096774193549;0.5952057780758027;0.6774193548387096;0.8166666666666667;0.6018250703765711;0.0005;1;0;0;0.5873274707025097;16
09/02/25 - 23:22 ;		 MultiViewCNN;1;2;11;18;0.5190111514060728;0.7741935483870968;0.5764478983417634;0.6774193548387096;0.8458333333333333;0.5942119187661288;0.0005;0;0;0;0.5764478983417634;18
09/02/25 - 23:22 ;		 MultiViewCNN;1;2;11;19;0.5439806638225433;0.7096774193548387;0.6301479012735428;0.5483870967741935;0.8083333333333333;0.604992713518353;0.0005;1;0;0;0.5764478983417634;18
09/02/25 - 23:22 ;		 MultiViewCNN;1;2;11;20;0.46142564762023186;0.8709677419354839;0.5849346749244198;0.7096774193548387;0.8291666666666666;0.598975301940173;0.0005;2;0;0;0.5764478983417634;18
09/02/25 - 23:22 ;		 MultiViewCNN;1;2;11;21;0.5092160990161281;0.7419354838709677;0.5494885944551037;0.7419354838709677;0.8458333333333333;0.5841292896946522;0.0005;0;0;0;0.5494885944551037;21
09/02/25 - 23:22 ;		 MultiViewCNN;1;2;11;22;0.5126380574318671;0.7419354838709677;0.5704277753829956;0.7741935483870968;0.7708333333333334;0.5800188354011552;0.0005;0;0;0;0.5704277753829956;22
09/02/25 - 23:22 ;		 MultiViewCNN;1;2;11;23;0.4793719745451404;0.7419354838709677;0.5705087915543587;0.7419354838709677;0.7625;0.5771658222471162;0.0005;1;0;0;0.5704277753829956;22
09/02/25 - 23:22 ;		 MultiViewCNN;1;2;11;24;0.4819653389915343;0.8225806451612904;0.5466848169603655;0.7096774193548387;0.8166666666666667;0.568021520661091;0.0005;0;0;0;0.5466848169603655;24
09/02/25 - 23:23 ;		 MultiViewCNN;1;2;11;25;0.428011953830719;0.8225806451612904;0.5421180398233475;0.7741935483870968;0.8166666666666667;0.5602504764097679;0.0005;0;0;0;0.5421180398233475;25
09/02/25 - 23:23 ;		 MultiViewCNN;1;2;11;26;0.42532135690412215;0.8548387096774194;0.7022062790009284;0.5483870967741935;0.8416666666666667;0.6028372171871159;0.0005;1;0;0;0.5421180398233475;25
09/02/25 - 23:23 ;		 MultiViewCNN;1;2;11;27;0.4360162327366491;0.8548387096774194;0.6610459762234842;0.5483870967741935;0.7916666666666666;0.6202998448980264;0.0005;2;0;0;0.5421180398233475;25
09/02/25 - 23:23 ;		 MultiViewCNN;1;2;11;28;0.35948151926840505;0.9032258064516129;0.6447790284310618;0.6774193548387096;0.8041666666666667;0.627643599957937;0.00025;3;1;0;0.5421180398233475;25
09/02/25 - 23:23 ;		 MultiViewCNN;1;2;11;29;0.3207859868003476;0.9193548387096774;0.5245006930443549;0.7741935483870968;0.8;0.5967007278838623;0.00025;4;0;0;0.5421180398233475;25
09/02/25 - 23:23 ;		 MultiViewCNN;1;2;12;0;0.7041960108664728;0.46774193548387094;0.6917336563910207;0.5161290322580645;0.5708333333333333;0.6917336563910207;0.0005;0;0;0;0.6917336563910207;0
09/02/25 - 23:23 ;		 MultiViewCNN;1;2;12;1;0.6845694472712855;0.5967741935483871;0.684676674104506;0.5161290322580645;0.8583333333333333;0.6896165617050662;0.0005;1;0;0;0.6917336563910207;0
09/02/25 - 23:24 ;		 MultiViewCNN;1;2;12;2;0.6674461595473751;0.5645161290322581;0.6735993239187426;0.5161290322580645;0.9208333333333334;0.6848113903691692;0.0005;0;0;0;0.6735993239187426;2
09/02/25 - 23:24 ;		 MultiViewCNN;1;2;12;3;0.6700349680839046;0.6129032258064516;0.6648041067584869;0.5161290322580645;0.9041666666666667;0.6788092052859644;0.0005;0;0;0;0.6648041067584869;3
09/02/25 - 23:24 ;		 MultiViewCNN;1;2;12;4;0.6871102394596222;0.6129032258064516;0.6582292683662907;0.5161290322580645;0.9208333333333334;0.6726352242100623;0.0005;0;0;0;0.6582292683662907;4
09/02/25 - 23:24 ;		 MultiViewCNN;1;2;12;5;0.6588100560249821;0.6612903225806451;0.6501726700413611;0.5161290322580645;0.9125;0.665896457959452;0.0005;0;0;0;0.6501726700413611;5
09/02/25 - 23:24 ;		 MultiViewCNN;1;2;12;6;0.6513282214441607;0.7258064516129032;0.6393356784697501;0.5483870967741935;0.8958333333333334;0.6579282241125414;0.0005;0;0;0;0.6393356784697501;6
09/02/25 - 23:24 ;		 MultiViewCNN;1;2;12;7;0.6453503062648158;0.7258064516129032;0.6254397553782309;0.6451612903225806;0.9291666666666667;0.6481816834922483;0.0005;0;0;0;0.6254397553782309;7
09/02/25 - 23:24 ;		 MultiViewCNN;1;2;12;8;0.6298807455647376;0.7741935483870968;0.6210821328624603;0.6129032258064516;0.9208333333333334;0.6400518183033118;0.0005;0;0;0;0.6210821328624603;8
09/02/25 - 23:25 ;		 MultiViewCNN;1;2;12;9;0.6456629999222294;0.6129032258064516;0.6133231213015895;0.6774193548387096;0.9125000000000001;0.632033209202795;0.0005;0;0;0;0.6133231213015895;9
09/02/25 - 23:25 ;		 MultiViewCNN;1;2;12;10;0.6294080788089383;0.7419354838709677;0.6021286229933461;0.7096774193548387;0.9208333333333334;0.6230618333399603;0.0005;0;0;0;0.6021286229933461;10
09/02/25 - 23:25 ;		 MultiViewCNN;1;2;12;11;0.5984514874796714;0.7580645161290323;0.5962545391052;0.6129032258064516;0.9166666666666667;0.6150196450695322;0.0005;0;0;0;0.5962545391052;11
09/02/25 - 23:25 ;		 MultiViewCNN;1;2;12;12;0.5927029925007974;0.7258064516129032;0.5685599215569035;0.7096774193548387;0.9375;0.6010817280157436;0.0005;0;0;0;0.5685599215569035;12
09/02/25 - 23:25 ;		 MultiViewCNN;1;2;12;13;0.589758942204137;0.6774193548387096;0.5555914371244369;0.7419354838709677;0.9375;0.5874346407483515;0.0005;0;0;0;0.5555914371244369;13
09/02/25 - 23:25 ;		 MultiViewCNN;1;2;12;14;0.5793810159929337;0.7419354838709677;0.5552623098896395;0.7741935483870968;0.9166666666666667;0.5777829414907378;0.0005;0;0;0;0.5552623098896395;14
09/02/25 - 23:25 ;		 MultiViewCNN;1;2;12;15;0.565603248534664;0.7419354838709677;0.5439724479952166;0.7741935483870968;0.9041666666666667;0.5676397934420814;0.0005;0;0;0;0.5439724479952166;15
09/02/25 - 23:26 ;		 MultiViewCNN;1;2;12;16;0.5834400538475283;0.7419354838709677;0.510263075751643;0.8064516129032258;0.9541666666666667;0.5504267781349499;0.0005;0;0;0;0.510263075751643;16
09/02/25 - 23:26 ;		 MultiViewCNN;1;2;12;17;0.5547664492361007;0.7741935483870968;0.5250315320107245;0.8387096774193549;0.9458333333333334;0.5428082042976823;0.0005;0;0;0;0.5250315320107245;17
09/02/25 - 23:26 ;		 MultiViewCNN;1;2;12;18;0.5341316086630667;0.8064516129032258;0.5073710756917154;0.8064516129032258;0.9416666666666667;0.5321770657158922;0.0005;0;0;0;0.5073710756917154;18
09/02/25 - 23:26 ;		 MultiViewCNN;1;2;12;19;0.5150912884742983;0.7419354838709677;0.4978259148136262;0.8064516129032258;0.9458333333333334;0.5218717204452124;0.0005;0;0;0;0.4978259148136262;19
09/02/25 - 23:26 ;		 MultiViewCNN;1;2;12;20;0.5268428806335695;0.8064516129032258;0.4966287766733477;0.7741935483870968;0.9416666666666667;0.5142988373136529;0.0005;0;0;0;0.4966287766733477;20
09/02/25 - 23:26 ;		 MultiViewCNN;1;2;12;21;0.5226660620781683;0.8064516129032258;0.4735675723321976;0.8064516129032258;0.9333333333333333;0.5020794578192163;0.0005;0;0;0;0.4735675723321976;21
09/02/25 - 23:26 ;		 MultiViewCNN;1;2;12;22;0.48115786621647494;0.8064516129032258;0.4821538386806365;0.8387096774193549;0.95;0.4961017720776423;0.0005;0;0;0;0.4821538386806365;22
09/02/25 - 23:26 ;		 MultiViewCNN;1;2;12;23;0.5144796679096837;0.8225806451612904;0.5296040581118676;0.7419354838709677;0.9166666666666666;0.5061524578879099;0.0005;1;0;0;0.4821538386806365;22
09/02/25 - 23:27 ;		 MultiViewCNN;1;2;12;24;0.5037914187677445;0.8064516129032258;0.4614369926914092;0.8064516129032258;0.9291666666666667;0.49273781832895963;0.0005;0;0;0;0.4614369926914092;24
09/02/25 - 23:27 ;		 MultiViewCNN;1;2;12;25;0.46126271063281643;0.8387096774193549;0.4358559462331956;0.7741935483870968;0.9375;0.4756732567002304;0.0005;0;0;0;0.4358559462331956;25
09/02/25 - 23:27 ;		 MultiViewCNN;1;2;12;26;0.45717099405104117;0.8064516129032258;0.4259460856837611;0.8387096774193549;0.9291666666666667;0.4607551053952896;0.0005;0;0;0;0.4259460856837611;26
09/02/25 - 23:27 ;		 MultiViewCNN;1;2;12;27;0.4349378087828236;0.8548387096774194;0.537497458919402;0.7419354838709677;0.9541666666666667;0.4837778114525233;0.0005;1;0;0;0.4259460856837611;26
09/02/25 - 23:27 ;		 MultiViewCNN;1;2;12;28;0.4145237591958815;0.8387096774193549;0.422746269933639;0.8064516129032258;0.9333333333333333;0.46546834899685796;0.0005;2;0;0;0.4259460856837611;26
09/02/25 - 23:27 ;		 MultiViewCNN;1;2;12;29;0.423315578891385;0.8225806451612904;0.6183272619401255;0.6129032258064516;0.925;0.5113260228798382;0.00025;3;1;0;0.4259460856837611;26
09/02/25 - 23:27 ;		 MultiViewCNN;1;2;13;0;0.6949604826588784;0.532258064516129;0.6872665555246414;0.5161290322580645;0.775;0.6872665555246414;0.0008;0;0;0;0.6872665555246414;0
09/02/25 - 23:28 ;		 MultiViewCNN;1;2;13;1;0.6650527561864545;0.6451612903225806;0.6741173248137197;0.5161290322580645;0.8916666666666667;0.6833217863113649;0.0008;0;0;0;0.6741173248137197;1
09/02/25 - 23:28 ;		 MultiViewCNN;1;2;13;2;0.6504569822742093;0.6612903225806451;0.6604470995164686;0.5161290322580645;0.8875;0.676459380272896;0.0008;0;0;0;0.6604470995164686;2
09/02/25 - 23:28 ;		 MultiViewCNN;1;2;13;3;0.6459055369900119;0.6774193548387096;0.6421750495510716;0.5483870967741935;0.8958333333333334;0.6661740810563486;0.0008;0;0;0;0.6421750495510716;3
09/02/25 - 23:28 ;		 MultiViewCNN;1;2;13;4;0.6201458765614417;0.7258064516129032;0.6254912653276997;0.6129032258064516;0.8541666666666666;0.6539692363377538;0.0008;0;0;0;0.6254912653276997;4
09/02/25 - 23:28 ;		 MultiViewCNN;1;2;13;5;0.5928027293374462;0.7580645161290323;0.6097593057540155;0.7096774193548387;0.8708333333333333;0.6407062571626323;0.0008;0;0;0;0.6097593057540155;5
09/02/25 - 23:28 ;		 MultiViewCNN;1;2;13;6;0.592119820656315;0.6935483870967742;0.5939230380519744;0.6774193548387096;0.8625;0.6266712914294349;0.0008;0;0;0;0.5939230380519744;6
09/02/25 - 23:28 ;		 MultiViewCNN;1;2;13;7;0.5696785623027433;0.7419354838709677;0.5751698286302628;0.7741935483870968;0.8625;0.6112208525896832;0.0008;0;0;0;0.5751698286302628;7
09/02/25 - 23:29 ;		 MultiViewCNN;1;2;13;8;0.5355264727146395;0.7903225806451613;0.5844379548103579;0.7096774193548387;0.8833333333333333;0.6031859832558856;0.0008;0;0;0;0.5844379548103579;8
09/02/25 - 23:29 ;		 MultiViewCNN;1;2;13;9;0.5302557733751112;0.7580645161290323;0.6559128376745409;0.5483870967741935;0.8833333333333333;0.6190040395814822;0.0008;1;0;0;0.5844379548103579;8
09/02/25 - 23:29 ;		 MultiViewCNN;1;2;13;10;0.4814642994634567;0.8548387096774194;0.5354363322257996;0.7419354838709677;0.9000000000000001;0.5939337273747773;0.0008;0;0;0;0.5354363322257996;10
09/02/25 - 23:29 ;		 MultiViewCNN;1;2;13;11;0.487099701358426;0.7741935483870968;0.6715983921481717;0.5483870967741935;0.875;0.6172331268067957;0.0008;1;0;0;0.5354363322257996;10
09/02/25 - 23:29 ;		 MultiViewCNN;1;2;13;12;0.4600900767310973;0.8548387096774194;0.7373309212346231;0.5161290322580645;0.8833333333333333;0.6532624651351439;0.0008;2;0;0;0.5354363322257996;10
09/02/25 - 23:29 ;		 MultiViewCNN;1;2;13;13;0.49965345474981493;0.7580645161290323;0.4906901313412574;0.7741935483870968;0.875;0.6044907649969778;0.0004;3;1;0;0.5354363322257996;10
09/02/25 - 23:29 ;		 MultiViewCNN;1;2;13;14;0.44265880700080623;0.8387096774193549;0.45182373446802937;0.8387096774193549;0.9375;0.5586906558382932;0.0004;0;0;0;0.45182373446802937;14
09/02/25 - 23:30 ;		 MultiViewCNN;1;2;13;15;0.4041285995514162;0.8548387096774194;0.4603134509055845;0.8387096774193549;0.9333333333333333;0.5291774943584806;0.0004;0;0;0;0.4603134509055845;15
09/02/25 - 23:30 ;		 MultiViewCNN;1;2;13;16;0.3876821581394442;0.8870967741935484;0.5616087932740489;0.6129032258064516;0.8958333333333334;0.538906884033151;0.0004;1;0;0;0.4603134509055845;15
09/02/25 - 23:30 ;		 MultiViewCNN;1;2;13;17;0.3296488984938591;0.9354838709677419;0.46548903372979933;0.7419354838709677;0.925;0.5168815289421455;0.0004;0;0;0;0.46548903372979933;17
09/02/25 - 23:30 ;		 MultiViewCNN;1;2;13;18;0.3617971712543118;0.9354838709677419;0.4344942146731961;0.8387096774193549;0.925;0.4921653346614606;0.0004;0;0;0;0.4344942146731961;18
09/02/25 - 23:30 ;		 MultiViewCNN;1;2;13;19;0.29688832067674203;0.967741935483871;0.461320819393281;0.7419354838709677;0.9416666666666668;0.48291198008100666;0.0004;0;0;0;0.461320819393281;19
09/02/25 - 23:30 ;		 MultiViewCNN;1;2;13;20;0.3044703285540304;0.9516129032258065;0.5516263650309655;0.6774193548387096;0.9500000000000001;0.5035262955659943;0.0004;1;0;0;0.461320819393281;19
09/02/25 - 23:30 ;		 MultiViewCNN;1;2;13;21;0.29928969423617086;0.9354838709677419;0.3722066648544804;0.9032258064516129;0.9583333333333334;0.4641304063525401;0.0004;0;0;0;0.3722066648544804;21
09/02/25 - 23:30 ;		 MultiViewCNN;1;2;13;22;0.27713030384432885;0.9354838709677419;0.37582638475202745;0.9032258064516129;0.9500000000000001;0.4376391998723863;0.0004;0;0;0;0.37582638475202745;22
09/02/25 - 23:31 ;		 MultiViewCNN;1;2;13;23;0.2860968420582433;0.9032258064516129;0.3578670620918274;0.9032258064516129;0.9708333333333333;0.4137075585382186;0.0004;0;0;0;0.3578670620918274;23
09/02/25 - 23:31 ;		 MultiViewCNN;1;2;13;24;0.2705429042539289;0.9354838709677419;0.40619721720295565;0.7419354838709677;0.9708333333333333;0.4114544561376397;0.0004;0;0;0;0.40619721720295565;24
09/02/25 - 23:31 ;		 MultiViewCNN;1;2;13;25;0.3011857636513249;0.9193548387096774;0.586446306397838;0.6451612903225806;0.8833333333333333;0.4639520112156992;0.0004;1;0;0;0.40619721720295565;24
09/02/25 - 23:31 ;		 MultiViewCNN;1;2;13;26;0.3493132783520606;0.8548387096774194;0.3896135899328416;0.8709677419354839;0.9375;0.4416504848308419;0.0004;2;0;0;0.40619721720295565;24
09/02/25 - 23:31 ;		 MultiViewCNN;1;2;13;27;0.25153594295824727;0.9193548387096774;1.0070341479393743;0.5806451612903226;0.9000000000000001;0.6112655837634016;0.0002;3;1;0;0.40619721720295565;24
09/02/25 - 23:31 ;		 MultiViewCNN;1;2;13;28;0.2277993756917215;0.9354838709677419;0.38022756576538086;0.8064516129032258;0.9375;0.5419541783639954;0.0002;4;0;0;0.40619721720295565;24
09/02/25 - 23:31 ;		 MultiViewCNN;1;2;13;29;0.22894606474907167;0.9354838709677419;0.39799860504365736;0.7419354838709677;0.9583333333333334;0.49876750636789396;0.0002;5;0;1;0.40619721720295565;24
09/02/25 - 23:32 ;		 MultiViewCNN;1;2;14;0;0.6806118757494034;0.6129032258064516;0.6852928034720882;0.5161290322580645;0.8125;0.6852928034720882;0.0008;0;0;0;0.6852928034720882;0
09/02/25 - 23:32 ;		 MultiViewCNN;1;2;14;1;0.6620633621369639;0.5645161290322581;0.668676624375005;0.5161290322580645;0.7875000000000001;0.6803079497429632;0.0008;0;0;0;0.668676624375005;1
09/02/25 - 23:32 ;		 MultiViewCNN;1;2;14;2;0.6428791149970023;0.6451612903225806;0.6435052002629926;0.6129032258064516;0.7791666666666667;0.6692671248989719;0.0008;0;0;0;0.6435052002629926;2
09/02/25 - 23:32 ;		 MultiViewCNN;1;2;14;3;0.6380965555867841;0.6612903225806451;0.6144084853510703;0.7096774193548387;0.7833333333333333;0.6528095330346013;0.0008;0;0;0;0.6144084853510703;3
09/02/25 - 23:32 ;		 MultiViewCNN;1;2;14;4;0.6249934742527623;0.5967741935483871;0.6045584371013026;0.6774193548387096;0.7875000000000001;0.6383342042546116;0.0008;0;0;0;0.6045584371013026;4
09/02/25 - 23:32 ;		 MultiViewCNN;1;2;14;5;0.6102084767433905;0.7096774193548387;0.60755455493927;0.5806451612903226;0.8;0.629100309460009;0.0008;0;0;0;0.60755455493927;5
09/02/25 - 23:32 ;		 MultiViewCNN;1;2;14;6;0.5878530260055296;0.6935483870967742;0.5689275976150266;0.7419354838709677;0.8499999999999999;0.6110484959065143;0.0008;0;0;0;0.5689275976150266;6
09/02/25 - 23:33 ;		 MultiViewCNN;1;2;14;7;0.5696676046617569;0.7419354838709677;0.560484932314965;0.7741935483870968;0.8208333333333333;0.5958794268290495;0.0008;0;0;0;0.560484932314965;7
09/02/25 - 23:33 ;		 MultiViewCNN;1;2;14;8;0.5499036773558585;0.7096774193548387;0.5496600770181225;0.7741935483870968;0.825;0.5820136218857713;0.0008;0;0;0;0.5496600770181225;8
09/02/25 - 23:33 ;		 MultiViewCNN;1;2;14;9;0.5658261045332877;0.7258064516129032;0.5748307531879794;0.6774193548387096;0.8333333333333334;0.5798587612764338;0.0008;0;0;0;0.5748307531879794;9
09/02/25 - 23:33 ;		 MultiViewCNN;1;2;14;10;0.5247365659283053;0.7419354838709677;0.5810782659438348;0.6129032258064516;0.8541666666666666;0.580224612676654;0.0008;1;0;0;0.5748307531879794;9
09/02/25 - 23:33 ;		 MultiViewCNN;1;2;14;11;0.5066273385478605;0.7741935483870968;0.5309384253717238;0.7741935483870968;0.8541666666666666;0.5654387564851749;0.0008;0;0;0;0.5309384253717238;11
09/02/25 - 23:33 ;		 MultiViewCNN;1;2;14;12;0.5151574852005127;0.7258064516129032;0.5378101275813195;0.8064516129032258;0.8625;0.5571501678140183;0.0008;0;0;0;0.5378101275813195;12
09/02/25 - 23:33 ;		 MultiViewCNN;1;2;14;13;0.5061358674879997;0.7903225806451613;0.5608079779532648;0.6451612903225806;0.85;0.5582475108557922;0.0008;1;0;0;0.5378101275813195;12
09/02/25 - 23:33 ;		 MultiViewCNN;1;2;14;14;0.45925393796736197;0.8225806451612904;0.4996805787086487;0.8064516129032258;0.8875;0.5406774312116491;0.0008;0;0;0;0.4996805787086487;14
09/02/25 - 23:34 ;		 MultiViewCNN;1;2;14;15;0.4459147549444629;0.8064516129032258;0.5163510576371224;0.7419354838709677;0.8416666666666667;0.5333795191392912;0.0008;0;0;0;0.5163510576371224;15
09/02/25 - 23:34 ;		 MultiViewCNN;1;2;14;16;0.43232172919857886;0.8225806451612904;0.5272898212555917;0.7419354838709677;0.8041666666666667;0.5315526097741813;0.0008;0;0;0;0.5272898212555917;16
09/02/25 - 23:34 ;		 MultiViewCNN;1;2;14;17;0.420738281742219;0.8064516129032258;0.6144014885348659;0.6129032258064516;0.8625;0.5564072734023866;0.0008;1;0;0;0.5272898212555917;16
09/02/25 - 23:34 ;		 MultiViewCNN;1;2;14;18;0.4109816070525877;0.8387096774193549;0.5725282084557318;0.7419354838709677;0.8458333333333333;0.5612435539183901;0.0008;2;0;0;0.5272898212555917;16
09/02/25 - 23:34 ;		 MultiViewCNN;1;2;14;19;0.3434120532005064;0.8870967741935484;0.7094241361464223;0.5806451612903226;0.8375;0.6056977285867997;0.0004;3;1;0;0.5272898212555917;16
09/02/25 - 23:34 ;		 MultiViewCNN;1;2;14;20;0.36554266175916117;0.8709677419354839;0.4955525532845528;0.7419354838709677;0.8458333333333333;0.5726541759961256;0.0004;4;0;0;0.5272898212555917;16
09/02/25 - 23:34 ;		 MultiViewCNN;1;2;14;21;0.29256327979026303;0.9193548387096774;0.6074619158621757;0.6451612903225806;0.8250000000000001;0.5830964979559405;0.0004;5;0;1;0.5272898212555917;16
09/02/25 - 23:35 ;		 MultiViewCNN;1;2;15;0;0.689523946854376;0.5161290322580645;0.6869531043114201;0.6774193548387096;0.8208333333333333;0.6869531043114201;0.0008;0;0;0;0.6869531043114201;0
09/02/25 - 23:35 ;		 MultiViewCNN;1;2;15;1;0.6795393516940456;0.5967741935483871;0.6750526485904571;0.5161290322580645;0.8833333333333333;0.6833829675951312;0.0008;0;0;0;0.6750526485904571;1
09/02/25 - 23:35 ;		 MultiViewCNN;1;2;15;2;0.6600950071888585;0.6612903225806451;0.6534158760501493;0.5161290322580645;0.9416666666666667;0.6743928401316366;0.0008;0;0;0;0.6534158760501493;2
09/02/25 - 23:35 ;		 MultiViewCNN;1;2;15;3;0.6428888574723275;0.7258064516129032;0.6367196517605935;0.5806451612903226;0.9375;0.6630908836203236;0.0008;0;0;0;0.6367196517605935;3
09/02/25 - 23:35 ;		 MultiViewCNN;1;2;15;4;0.6392063517724315;0.6774193548387096;0.634421588913087;0.5483870967741935;0.925;0.6544900952081526;0.0008;0;0;0;0.634421588913087;4
09/02/25 - 23:35 ;		 MultiViewCNN;1;2;15;5;0.6121018413574465;0.6935483870967742;0.5969330360812526;0.6774193548387096;0.9291666666666667;0.6372229774700826;0.0008;0;0;0;0.5969330360812526;5
09/02/25 - 23:35 ;		 MultiViewCNN;1;2;15;6;0.5936491268296396;0.7903225806451613;0.5747699218411599;0.8709677419354839;0.9333333333333333;0.6184870607814058;0.0008;0;0;0;0.5747699218411599;6
09/02/25 - 23:36 ;		 MultiViewCNN;1;2;15;7;0.5917649442149747;0.7580645161290323;0.5538480608694015;0.8387096774193549;0.9500000000000001;0.5990953608078045;0.0008;0;0;0;0.5538480608694015;7
09/02/25 - 23:36 ;		 MultiViewCNN;1;2;15;8;0.5686901115602062;0.7580645161290323;0.5406967497641041;0.8387096774193549;0.9208333333333334;0.5815757774946944;0.0008;0;0;0;0.5406967497641041;8
09/02/25 - 23:36 ;		 MultiViewCNN;1;2;15;9;0.5460775379211672;0.8064516129032258;0.5717845982120883;0.7419354838709677;0.9291666666666667;0.5786384237099125;0.0008;0;0;0;0.5717845982120883;9
09/02/25 - 23:36 ;		 MultiViewCNN;1;2;15;10;0.5550355046026169;0.7741935483870968;0.5185687926507765;0.7741935483870968;0.9375;0.5606175343921717;0.0008;0;0;0;0.5185687926507765;10
09/02/25 - 23:36 ;		 MultiViewCNN;1;2;15;11;0.5090487599372864;0.8064516129032258;0.49193083663140574;0.8709677419354839;0.9458333333333334;0.5400115250639419;0.0008;0;0;0;0.49193083663140574;11
09/02/25 - 23:36 ;		 MultiViewCNN;1;2;15;12;0.42546156914003436;0.8709677419354839;0.4897698510077692;0.8709677419354839;0.9416666666666667;0.52493902284709;0.0008;0;0;0;0.4897698510077692;12
09/02/25 - 23:36 ;		 MultiViewCNN;1;2;15;13;0.47254519885586155;0.8870967741935484;0.9473799890087496;0.4838709677419355;0.8875000000000001;0.6516713126955879;0.0008;1;0;0;0.4897698510077692;12
09/02/25 - 23:36 ;		 MultiViewCNN;1;2;15;14;0.5493912696838379;0.7419354838709677;1.215741838178327;0.4838709677419355;0.6625000000000001;0.8208924703404096;0.0008;2;0;0;0.4897698510077692;12
09/02/25 - 23:37 ;		 MultiViewCNN;1;2;15;15;0.47229949505098406;0.7580645161290323;1.1551176194221742;0.5161290322580645;0.9416666666666667;0.9211600150649388;0.0004;3;1;0;0.4897698510077692;12
09/02/25 - 23:37 ;		 MultiViewCNN;1;2;15;16;0.47122152390018585;0.7903225806451613;0.7379027912693639;0.5806451612903226;0.9500000000000001;0.8661828479262663;0.0004;4;0;0;0.4897698510077692;12
09/02/25 - 23:37 ;		 MultiViewCNN;1;2;15;17;0.43014573666357225;0.8064516129032258;0.44545401104034915;0.7741935483870968;0.9458333333333334;0.7399641968604911;0.0004;5;0;1;0.4897698510077692;12
09/02/25 - 23:37 ;		 MultiViewCNN;1;2;16;0;0.6988923126651395;0.46774193548387094;0.6873838478519071;0.5161290322580645;0.8708333333333333;0.6873838478519071;0.0008;0;0;0;0.6873838478519071;0
09/02/25 - 23:37 ;		 MultiViewCNN;1;2;16;1;0.6832228206819103;0.5806451612903226;0.6779950222661418;0.5161290322580645;0.8999999999999999;0.6845672001761776;0.0008;0;0;0;0.6779950222661418;1
09/02/25 - 23:37 ;		 MultiViewCNN;1;2;16;2;0.6645574742747892;0.6612903225806451;0.6651038719761756;0.5161290322580645;0.9041666666666668;0.6787282017161769;0.0008;0;0;0;0.6651038719761756;2
09/02/25 - 23:37 ;		 MultiViewCNN;1;2;16;3;0.6510154047319966;0.7258064516129032;0.653557454386065;0.5483870967741935;0.9041666666666668;0.6711769775171432;0.0008;0;0;0;0.653557454386065;3
09/02/25 - 23:38 ;		 MultiViewCNN;1;2;16;4;0.6281191841248543;0.6935483870967742;0.6392878870810231;0.5483870967741935;0.8791666666666667;0.6616102503863072;0.0008;0;0;0;0.6392878870810231;4
09/02/25 - 23:38 ;		 MultiViewCNN;1;2;16;5;0.6218682758269771;0.7741935483870968;0.609577896133546;0.6451612903225806;0.9041666666666667;0.6460005441104788;0.0008;0;0;0;0.609577896133546;5
09/02/25 - 23:38 ;		 MultiViewCNN;1;2;16;6;0.5951957779545938;0.8064516129032258;0.5813261616614557;0.8064516129032258;0.9083333333333333;0.6265982293757718;0.0008;0;0;0;0.5813261616614557;6
09/02/25 - 23:38 ;		 MultiViewCNN;1;2;16;7;0.5927434236772599;0.7258064516129032;0.5477087536165791;0.8064516129032258;0.9416666666666668;0.6029313866480139;0.0008;0;0;0;0.5477087536165791;7
09/02/25 - 23:38 ;		 MultiViewCNN;1;2;16;8;0.5818773815708775;0.7258064516129032;0.5231928152422751;0.8387096774193549;0.9416666666666667;0.5790098152262922;0.0008;0;0;0;0.5231928152422751;8
09/02/25 - 23:38 ;		 MultiViewCNN;1;2;16;9;0.5312561488920643;0.8548387096774194;0.5140163360103485;0.8387096774193549;0.9500000000000001;0.5595117714615091;0.0008;0;0;0;0.5140163360103485;9
09/02/25 - 23:38 ;		 MultiViewCNN;1;2;16;10;0.5632764812438719;0.7580645161290323;0.5773868599245625;0.6451612903225806;0.8458333333333333;0.5648742980004251;0.0008;1;0;0;0.5140163360103485;9
09/02/25 - 23:39 ;		 MultiViewCNN;1;2;16;11;0.5342951282378166;0.7741935483870968;0.5015691249601303;0.7419354838709677;0.9416666666666667;0.5458827460883366;0.0008;0;0;0;0.5015691249601303;11
09/02/25 - 23:39 ;		 MultiViewCNN;1;2;16;12;0.4640236343106916;0.8548387096774194;0.46263860118004585;0.7741935483870968;0.9500000000000001;0.5209095026158493;0.0008;0;0;0;0.46263860118004585;12
09/02/25 - 23:39 ;		 MultiViewCNN;1;2;16;13;0.4614515083451425;0.8064516129032258;0.5783389768292827;0.6129032258064516;0.9166666666666666;0.5381383448798793;0.0008;1;0;0;0.46263860118004585;12
09/02/25 - 23:39 ;		 MultiViewCNN;1;2;16;14;0.47985914061146395;0.8064516129032258;0.49633948264583466;0.7741935483870968;0.9;0.525598686209666;0.0008;2;0;0;0.46263860118004585;12
09/02/25 - 23:39 ;		 MultiViewCNN;1;2;16;15;0.4152479440935196;0.8548387096774194;0.4940918722460347;0.7741935483870968;0.9041666666666667;0.5161466420205766;0.0008;0;0;0;0.4940918722460347;15
09/02/25 - 23:39 ;		 MultiViewCNN;1;2;16;16;0.3849273573967718;0.8548387096774194;0.48670008682435556;0.7741935483870968;0.9333333333333333;0.5073126754617103;0.0008;0;0;0;0.48670008682435556;16
09/02/25 - 23:39 ;		 MultiViewCNN;1;2;16;17;0.38193209132840555;0.8870967741935484;0.6578318822768426;0.6129032258064516;0.8833333333333333;0.55246843750625;0.0008;1;0;0;0.48670008682435556;16
09/02/25 - 23:39 ;		 MultiViewCNN;1;2;16;18;0.4223206216289151;0.8225806451612904;0.49094349530435377;0.7419354838709677;0.9458333333333333;0.5340109548456811;0.0008;2;0;0;0.48670008682435556;16
09/02/25 - 23:40 ;		 MultiViewCNN;1;2;16;19;0.33222003954072155;0.9193548387096774;0.4187656102641936;0.8709677419354839;0.9291666666666667;0.4994373514712348;0.0008;0;0;0;0.4187656102641936;19
09/02/25 - 23:40 ;		 MultiViewCNN;1;2;16;20;0.34929411834286106;0.8870967741935484;0.42573715313788385;0.7741935483870968;0.925;0.4773272919712295;0.0008;0;0;0;0.42573715313788385;20
09/02/25 - 23:40 ;		 MultiViewCNN;1;2;16;21;0.31378292845141503;0.8870967741935484;0.511340202823762;0.7419354838709677;0.9208333333333334;0.4875311652269892;0.0008;1;0;0;0.42573715313788385;20
09/02/25 - 23:40 ;		 MultiViewCNN;1;2;16;22;0.33831705104920173;0.8709677419354839;0.46906226873397827;0.8064516129032258;0.925;0.48199049627908586;0.0008;2;0;0;0.42573715313788385;20
09/02/25 - 23:40 ;		 MultiViewCNN;1;2;16;23;0.3106027408953636;0.9032258064516129;0.8023629803811351;0.6129032258064516;0.9208333333333334;0.5781022415097006;0.0004;3;1;0;0.42573715313788385;20
09/02/25 - 23:40 ;		 MultiViewCNN;1;2;16;24;0.23303982327061315;0.9516129032258065;0.33923502891294416;0.8064516129032258;0.9625000000000001;0.5064420777306736;0.0004;4;0;0;0.42573715313788385;20
09/02/25 - 23:40 ;		 MultiViewCNN;1;2;16;25;0.2848447859287262;0.9032258064516129;0.4085842736305729;0.7741935483870968;0.9416666666666668;0.4770847365006434;0.0004;5;0;1;0.42573715313788385;20
09/02/25 - 23:41 ;		 MultiViewCNN;1;2;17;0;0.6944066286087036;0.46774193548387094;0.6887223605186709;0.5806451612903226;0.7625;0.6887223605186709;0.0008;0;0;0;0.6887223605186709;0
09/02/25 - 23:41 ;		 MultiViewCNN;1;2;17;1;0.6771833435181649;0.5483870967741935;0.67829006525778;0.5806451612903226;0.8416666666666667;0.6855926719404035;0.0008;0;0;0;0.67829006525778;1
09/02/25 - 23:41 ;		 MultiViewCNN;1;2;17;2;0.6814575579858595;0.6451612903225806;0.6648046816548994;0.5483870967741935;0.8583333333333334;0.6793562748547523;0.0008;0;0;0;0.6648046816548994;2
09/02/25 - 23:41 ;		 MultiViewCNN;1;2;17;3;0.6505536187079645;0.6774193548387096;0.6545098923867748;0.5806451612903226;0.85;0.671902360114359;0.0008;0;0;0;0.6545098923867748;3
09/02/25 - 23:41 ;		 MultiViewCNN;1;2;17;4;0.6475436764378701;0.6935483870967742;0.6448646456964554;0.5806451612903226;0.85;0.663791045788988;0.0008;0;0;0;0.6448646456964554;4
09/02/25 - 23:41 ;		 MultiViewCNN;1;2;17;5;0.6306243596538421;0.6774193548387096;0.6378535032272339;0.5806451612903226;0.8458333333333334;0.6560097830204616;0.0008;0;0;0;0.6378535032272339;5
09/02/25 - 23:41 ;		 MultiViewCNN;1;2;17;6;0.6226329361238787;0.6774193548387096;0.6327665909644096;0.5806451612903226;0.8291666666666667;0.6490368254036459;0.0008;0;0;0;0.6327665909644096;6
09/02/25 - 23:42 ;		 MultiViewCNN;1;2;17;7;0.6139205194288685;0.6451612903225806;0.6165603399276733;0.6451612903225806;0.8291666666666666;0.6392938797608541;0.0008;0;0;0;0.6165603399276733;7
09/02/25 - 23:42 ;		 MultiViewCNN;1;2;17;8;0.5801147068700483;0.7096774193548387;0.5767649912065075;0.7741935483870968;0.8666666666666667;0.6205352131945501;0.0008;0;0;0;0.5767649912065075;8
09/02/25 - 23:42 ;		 MultiViewCNN;1;2;17;9;0.5734139488589379;0.7258064516129032;0.5801531230249712;0.7419354838709677;0.8291666666666667;0.6084205861436764;0.0008;0;0;0;0.5801531230249712;9
09/02/25 - 23:42 ;		 MultiViewCNN;1;2;17;10;0.5582232859826857;0.7419354838709677;0.5649263878022471;0.7741935483870968;0.8416666666666667;0.5953723266412476;0.0008;0;0;0;0.5649263878022471;10
09/02/25 - 23:42 ;		 MultiViewCNN;1;2;17;11;0.517118428983996;0.7903225806451613;0.5622180046573761;0.7419354838709677;0.8625;0.5854260300460862;0.0008;0;0;0;0.5622180046573761;11
09/02/25 - 23:42 ;		 MultiViewCNN;1;2;17;12;0.49277213696510563;0.8064516129032258;0.5515633340804807;0.7419354838709677;0.8583333333333334;0.5752672212564045;0.0008;0;0;0;0.5515633340804807;12
09/02/25 - 23:42 ;		 MultiViewCNN;1;2;17;13;0.46692558642356624;0.8064516129032258;0.5992293992350178;0.6774193548387096;0.8416666666666667;0.5824558746499885;0.0008;1;0;0;0.5515633340804807;12
09/02/25 - 23:43 ;		 MultiViewCNN;1;2;17;14;0.4936518726810332;0.7258064516129032;0.5142018814240733;0.7419354838709677;0.85;0.5619796766822139;0.0008;0;0;0;0.5142018814240733;14
09/02/25 - 23:43 ;		 MultiViewCNN;1;2;17;15;0.43778287210772115;0.8225806451612904;0.4964037402983635;0.8064516129032258;0.85;0.5423068957670587;0.0008;0;0;0;0.4964037402983635;15
09/02/25 - 23:43 ;		 MultiViewCNN;1;2;17;16;0.4490254973211596;0.8225806451612904;0.49170221628681304;0.8387096774193549;0.8541666666666666;0.527125491922985;0.0008;0;0;0;0.49170221628681304;16
09/02/25 - 23:43 ;		 MultiViewCNN;1;2;17;17;0.4172540523352162;0.8870967741935484;0.4637515006526824;0.8387096774193549;0.8833333333333333;0.5081132945418941;0.0008;0;0;0;0.4637515006526824;17
09/02/25 - 23:43 ;		 MultiViewCNN;1;2;17;18;0.3614015358109628;0.9032258064516129;0.4968052314173791;0.7419354838709677;0.8791666666666667;0.5047208756045396;0.0008;0;0;0;0.4968052314173791;18
09/02/25 - 23:43 ;		 MultiViewCNN;1;2;17;19;0.39807011427417877;0.8225806451612904;0.5943776234503715;0.8064516129032258;0.8666666666666667;0.5316178999582891;0.0008;1;0;0;0.4968052314173791;18
09/02/25 - 23:43 ;		 MultiViewCNN;1;2;17;20;0.4218668533909705;0.8064516129032258;0.5327881555403432;0.7419354838709677;0.8624999999999999;0.5319689766329053;0.0008;2;0;0;0.4968052314173791;18
09/02/25 - 23:43 ;		 MultiViewCNN;1;2;17;21;0.3328967017512168;0.9032258064516129;0.5149127687177351;0.7419354838709677;0.8625;0.5268521142583542;0.0004;3;1;0;0.4968052314173791;18
09/02/25 - 23:44 ;		 MultiViewCNN;1;2;17;22;0.34129972996250274;0.8870967741935484;0.47890085751010525;0.7741935483870968;0.8708333333333333;0.5124667372338795;0.0004;4;0;0;0.4968052314173791;18
09/02/25 - 23:44 ;		 MultiViewCNN;1;2;17;23;0.4058336384834782;0.8225806451612904;0.6607056452381995;0.6774193548387096;0.8708333333333333;0.5569384096351755;0.0004;5;0;1;0.4968052314173791;18
09/02/25 - 23:44 ;		 MultiViewCNN;1;2;18;0;0.69589546034413;0.4838709677419355;0.6878715080599631;0.5806451612903226;0.6458333333333334;0.6878715080599631;0.0008;0;0;0;0.6878715080599631;0
09/02/25 - 23:44 ;		 MultiViewCNN;1;2;18;1;0.6778297655044063;0.6290322580645161;0.6786796239114576;0.5161290322580645;0.8541666666666666;0.6851139428154114;0.0008;0;0;0;0.6786796239114576;1
09/02/25 - 23:44 ;		 MultiViewCNN;1;2;18;2;0.662193352176297;0.6774193548387096;0.6656121207821754;0.5161290322580645;0.8666666666666667;0.6792633962054405;0.0008;0;0;0;0.6656121207821754;2
09/02/25 - 23:44 ;		 MultiViewCNN;1;2;18;3;0.6342599315028037;0.7096774193548387;0.6514333351965873;0.5161290322580645;0.8958333333333334;0.6709143779027845;0.0008;0;0;0;0.6514333351965873;3
09/02/25 - 23:44 ;		 MultiViewCNN;1;2;18;4;0.6557084052793442;0.6451612903225806;0.6387990309346107;0.5161290322580645;0.8958333333333334;0.6612797738123323;0.0008;0;0;0;0.6387990309346107;4
09/02/25 - 23:45 ;		 MultiViewCNN;1;2;18;5;0.6322349079193608;0.7258064516129032;0.6151654354987606;0.6451612903225806;0.8875;0.6474454723182608;0.0008;0;0;0;0.6151654354987606;5
09/02/25 - 23:45 ;		 MultiViewCNN;1;2;18;6;0.6351862011417266;0.6451612903225806;0.5881462347122931;0.7741935483870968;0.925;0.6296557010364705;0.0008;0;0;0;0.5881462347122931;6
09/02/25 - 23:45 ;		 MultiViewCNN;1;2;18;7;0.6068657925052028;0.7903225806451613;0.5770424258324408;0.7741935483870968;0.925;0.6138717184752616;0.0008;0;0;0;0.5770424258324408;7
09/02/25 - 23:45 ;		 MultiViewCNN;1;2;18;8;0.579592893200536;0.7741935483870968;0.561479926109314;0.8064516129032258;0.9416666666666667;0.5981541807654773;0.0008;0;0;0;0.561479926109314;8
09/02/25 - 23:45 ;		 MultiViewCNN;1;2;18;9;0.5721650123596191;0.7419354838709677;0.5545745703481859;0.8064516129032258;0.9291666666666667;0.5850802976402899;0.0008;0;0;0;0.5545745703481859;9
09/02/25 - 23:45 ;		 MultiViewCNN;1;2;18;10;0.5794111144158148;0.8064516129032258;0.5543685651594593;0.6774193548387096;0.8958333333333334;0.5758667778960407;0.0008;0;0;0;0.5543685651594593;10
09/02/25 - 23:45 ;		 MultiViewCNN;1;2;18;11;0.5217961861241248;0.8225806451612904;0.5146396736944875;0.7419354838709677;0.925;0.5574986466355747;0.0008;0;0;0;0.5146396736944875;11
09/02/25 - 23:45 ;		 MultiViewCNN;1;2;18;12;0.5225653417648808;0.7419354838709677;0.5766028550363356;0.6129032258064516;0.9125000000000001;0.563229909155803;0.0008;1;0;0;0.5146396736944875;11
09/02/25 - 23:46 ;		 MultiViewCNN;1;2;18;13;0.4929219417033657;0.8387096774193549;0.5313278801979557;0.7419354838709677;0.9291666666666667;0.5536593004684488;0.0008;0;0;0;0.5313278801979557;13
09/02/25 - 23:46 ;		 MultiViewCNN;1;2;18;14;0.4451605975627899;0.8709677419354839;0.4691192103970435;0.7741935483870968;0.9458333333333334;0.5282972734470271;0.0008;0;0;0;0.4691192103970435;14
09/02/25 - 23:46 ;		 MultiViewCNN;1;2;18;15;0.456555244422728;0.8548387096774194;0.44781890607649283;0.8709677419354839;0.9166666666666667;0.5041537632358668;0.0008;0;0;0;0.44781890607649283;15
09/02/25 - 23:46 ;		 MultiViewCNN;1;2;18;16;0.38194074361555036;0.8870967741935484;0.4815162208772475;0.8064516129032258;0.9041666666666667;0.497362500528281;0.0008;0;0;0;0.4815162208772475;16
09/02/25 - 23:46 ;		 MultiViewCNN;1;2;18;17;0.4218350802698443;0.8225806451612904;0.4180833447364069;0.8387096774193549;0.9333333333333333;0.47357875379071873;0.0008;0;0;0;0.4180833447364069;17
09/02/25 - 23:46 ;		 MultiViewCNN;1;2;18;18;0.38573776041307756;0.8225806451612904;0.4677885386251634;0.8064516129032258;0.9125;0.4718416892410521;0.0008;0;0;0;0.4677885386251634;18
09/02/25 - 23:46 ;		 MultiViewCNN;1;2;18;19;0.38214274567942463;0.8387096774193549;0.6120748231487889;0.6129032258064516;0.8166666666666667;0.5139116294133731;0.0008;1;0;0;0.4677885386251634;18
09/02/25 - 23:47 ;		 MultiViewCNN;1;2;18;20;0.36377000904852347;0.8870967741935484;0.4027413120192866;0.8387096774193549;0.9083333333333333;0.4805605341951471;0.0008;2;0;0;0.4677885386251634;18
09/02/25 - 23:47 ;		 MultiViewCNN;1;2;18;21;0.3790832777177134;0.8709677419354839;0.4520176572184409;0.7096774193548387;0.9416666666666667;0.4719976711021352;0.0004;3;1;0;0.4677885386251634;18
09/02/25 - 23:47 ;		 MultiViewCNN;1;2;18;22;0.3842044126602911;0.8225806451612904;0.39705391468540313;0.7741935483870968;0.9333333333333333;0.44951454417711556;0.0004;0;0;0;0.39705391468540313;22
09/02/25 - 23:47 ;		 MultiViewCNN;1;2;18;23;0.2536410525921852;0.967741935483871;0.4082598070944509;0.8064516129032258;0.9041666666666667;0.43713812305231614;0.0004;0;0;0;0.4082598070944509;23
09/02/25 - 23:47 ;		 MultiViewCNN;1;2;18;24;0.3121849577273092;0.8709677419354839;0.5489980001603404;0.7096774193548387;0.9125000000000001;0.47069608618472336;0.0004;1;0;0;0.4082598070944509;23
09/02/25 - 23:47 ;		 MultiViewCNN;1;2;18;25;0.2622363125124285;0.9354838709677419;0.4007859864542561;0.7741935483870968;0.9;0.4497230562655831;0.0004;2;0;0;0.4082598070944509;23
09/02/25 - 23:47 ;		 MultiViewCNN;1;2;18;26;0.2472221231268298;0.9193548387096774;0.3740413140866064;0.8064516129032258;0.9208333333333334;0.4270185336118901;0.0004;0;0;0;0.3740413140866064;26
09/02/25 - 23:47 ;		 MultiViewCNN;1;2;18;27;0.25731601926588243;0.9354838709677419;0.41635137219582835;0.8387096774193549;0.9;0.4238183851870716;0.0004;0;0;0;0.41635137219582835;27
09/02/25 - 23:48 ;		 MultiViewCNN;1;2;18;28;0.27400250492557404;0.9516129032258065;0.5464197243413618;0.7096774193548387;0.9166666666666667;0.4605987869333586;0.0004;1;0;0;0.41635137219582835;27
09/02/25 - 23:48 ;		 MultiViewCNN;1;2;18;29;0.2997271495480691;0.8709677419354839;0.4968914485746814;0.7741935483870968;0.9125;0.4714865854257554;0.0004;2;0;0;0.41635137219582835;27
09/02/25 - 23:48 ;		 MultiViewCNN;1;3;1;0;0.6967022976567668;0.532258064516129;0.692769504362537;0.4838709677419355;0.7416666666666667;0.692769504362537;0.0002;0;0;0;0.692769504362537;0
09/02/25 - 23:48 ;		 MultiViewCNN;1;3;1;1;0.6866420122884935;0.5483870967741935;0.6880251707569245;0.4838709677419355;0.8041666666666667;0.6913462042808532;0.0002;1;0;0;0.692769504362537;0
09/02/25 - 23:48 ;		 MultiViewCNN;1;3;1;2;0.6768095800953526;0.6612903225806451;0.6787285151020173;0.6451612903225806;0.7875;0.6875608975272024;0.0002;0;0;0;0.6787285151020173;2
09/02/25 - 23:48 ;		 MultiViewCNN;1;3;1;3;0.6728441715240479;0.6774193548387096;0.6674741160485053;0.7419354838709677;0.7458333333333333;0.6815348630835932;0.0002;0;0;0;0.6674741160485053;3
09/02/25 - 23:48 ;		 MultiViewCNN;1;3;1;4;0.6685615239604827;0.6451612903225806;0.6590305412969282;0.7419354838709677;0.75;0.6747835665475936;0.0002;0;0;0;0.6590305412969282;4
09/02/25 - 23:48 ;		 MultiViewCNN;1;3;1;5;0.661134906353489;0.6935483870967742;0.6519146753895667;0.7096774193548387;0.7625;0.6679228992001855;0.0002;0;0;0;0.6519146753895667;5
09/02/25 - 23:49 ;		 MultiViewCNN;1;3;1;6;0.6524233241235057;0.8064516129032258;0.6444192990179984;0.7096774193548387;0.7791666666666667;0.6608718191455294;0.0002;0;0;0;0.6444192990179984;6
09/02/25 - 23:49 ;		 MultiViewCNN;1;3;1;7;0.6406298087489221;0.8225806451612904;0.6391401367802774;0.7096774193548387;0.7833333333333333;0.6543523144359538;0.0002;0;0;0;0.6391401367802774;7
09/02/25 - 23:49 ;		 MultiViewCNN;1;3;1;8;0.6428065761443107;0.7419354838709677;0.6329167965919741;0.7419354838709677;0.7916666666666666;0.6479216590827599;0.0002;0;0;0;0.6329167965919741;8
09/02/25 - 23:49 ;		 MultiViewCNN;1;3;1;9;0.6335058385326017;0.7741935483870968;0.6272460106880434;0.7419354838709677;0.8;0.6417189645643449;0.0002;0;0;0;0.6272460106880434;9
09/02/25 - 23:49 ;		 MultiViewCNN;1;3;1;10;0.642531152694456;0.6935483870967742;0.6209419427379486;0.7419354838709677;0.8166666666666667;0.635485858016426;0.0002;0;0;0;0.6209419427379486;10
09/02/25 - 23:49 ;		 MultiViewCNN;1;3;1;11;0.6225137172206756;0.6935483870967742;0.6180416018732132;0.7419354838709677;0.8333333333333334;0.6302525811734621;0.0002;0;0;0;0.6180416018732132;11
09/02/25 - 23:49 ;		 MultiViewCNN;1;3;1;12;0.6210973416605303;0.7741935483870968;0.6104816150280737;0.7096774193548387;0.8291666666666666;0.6243212913298455;0.0002;0;0;0;0.6104816150280737;12
09/02/25 - 23:49 ;		 MultiViewCNN;1;3;1;13;0.60594029003574;0.7903225806451613;0.604313067851528;0.7096774193548387;0.8291666666666667;0.6183188242863502;0.0002;0;0;0;0.604313067851528;13
09/02/25 - 23:49 ;		 MultiViewCNN;1;3;1;14;0.6238627683731818;0.7419354838709677;0.5986946369371107;0.7419354838709677;0.8333333333333334;0.6124315680815784;0.0002;0;0;0;0.5986946369371107;14
09/02/25 - 23:50 ;		 MultiViewCNN;1;3;1;15;0.6029519054197496;0.7580645161290323;0.5935337572328506;0.7419354838709677;0.85;0.6067622248269601;0.0002;0;0;0;0.5935337572328506;15
09/02/25 - 23:50 ;		 MultiViewCNN;1;3;1;16;0.6023960978754105;0.7741935483870968;0.594122750143851;0.7419354838709677;0.8458333333333333;0.6029703824220273;0.0002;0;0;0;0.594122750143851;16
09/02/25 - 23:50 ;		 MultiViewCNN;1;3;1;17;0.5822927644175868;0.7741935483870968;0.5860443961235785;0.7419354838709677;0.8333333333333334;0.5978925865324927;0.0002;0;0;0;0.5860443961235785;17
09/02/25 - 23:50 ;		 MultiViewCNN;1;3;1;18;0.5953080692598897;0.7096774193548387;0.5764379337910683;0.7741935483870968;0.8666666666666667;0.5914561907100653;0.0002;0;0;0;0.5764379337910683;18
09/02/25 - 23:50 ;		 MultiViewCNN;1;3;1;19;0.5776451441549486;0.7903225806451613;0.5737873479243247;0.7741935483870968;0.8583333333333334;0.586155537874343;0.0002;0;0;0;0.5737873479243247;19
09/02/25 - 23:50 ;		 MultiViewCNN;1;3;1;20;0.5482706696756424;0.8387096774193549;0.5702199089911676;0.7741935483870968;0.8583333333333334;0.5813748492093904;0.0002;0;0;0;0.5702199089911676;20
09/02/25 - 23:50 ;		 MultiViewCNN;1;3;1;21;0.5436216708152525;0.7741935483870968;0.5757458979083646;0.7419354838709677;0.8375;0.5796861638190827;0.0002;1;0;0;0.5702199089911676;20
09/02/25 - 23:50 ;		 MultiViewCNN;1;3;1;22;0.5531212399082799;0.8064516129032258;0.5663019707126002;0.7096774193548387;0.8208333333333333;0.5756709058871379;0.0002;0;0;0;0.5663019707126002;22
09/02/25 - 23:51 ;		 MultiViewCNN;1;3;1;23;0.5502851672710911;0.7741935483870968;0.5506716726287719;0.7419354838709677;0.8458333333333333;0.5681711359096281;0.0002;0;0;0;0.5506716726287719;23
09/02/25 - 23:51 ;		 MultiViewCNN;1;3;1;24;0.5470860388971144;0.8064516129032258;0.5403938639548517;0.7419354838709677;0.8666666666666667;0.5598379543231952;0.0002;0;0;0;0.5403938639548517;24
09/02/25 - 23:51 ;		 MultiViewCNN;1;3;1;25;0.5257683665521683;0.8225806451612904;0.5354393201489602;0.8064516129032258;0.8791666666666667;0.5525183640709247;0.0002;0;0;0;0.5354393201489602;25
09/02/25 - 23:51 ;		 MultiViewCNN;1;3;1;26;0.5342671121320417;0.8548387096774194;0.5397955948306669;0.8064516129032258;0.9125;0.5487015332988473;0.0002;0;0;0;0.5397955948306669;26
09/02/25 - 23:51 ;		 MultiViewCNN;1;3;1;27;0.5384008230701569;0.8225806451612904;0.524066137690698;0.7741935483870968;0.9041666666666667;0.5413109146164025;0.0002;0;0;0;0.524066137690698;27
09/02/25 - 23:51 ;		 MultiViewCNN;1;3;1;28;0.5109032555933921;0.8064516129032258;0.5087510510798423;0.7741935483870968;0.9166666666666667;0.5315429555554344;0.0002;0;0;0;0.5087510510798423;28
09/02/25 - 23:51 ;		 MultiViewCNN;1;3;1;29;0.5095786452293396;0.8548387096774194;0.5190993191734437;0.7741935483870968;0.9041666666666668;0.5278098646408371;0.0002;0;0;0;0.5190993191734437;29
09/02/25 - 23:51 ;		 MultiViewCNN;1;3;2;0;0.7035875858799103;0.3709677419354839;0.6927623998734259;0.5161290322580645;0.4541666666666667;0.6927623998734259;0.0002;0;0;0;0.6927623998734259;0
09/02/25 - 23:51 ;		 MultiViewCNN;1;3;2;1;0.6863517838139688;0.532258064516129;0.68860327236114;0.5161290322580645;0.7666666666666666;0.6915146616197402;0.0002;1;0;0;0.6927623998734259;0
09/02/25 - 23:52 ;		 MultiViewCNN;1;3;2;2;0.6898582616159993;0.5645161290322581;0.6831929779821827;0.5483870967741935;0.775;0.689018156528473;0.0002;0;0;0;0.6831929779821827;2
09/02/25 - 23:52 ;		 MultiViewCNN;1;3;2;3;0.6796336097102011;0.5645161290322581;0.676224454756706;0.5483870967741935;0.7833333333333333;0.6851800459969428;0.0002;0;0;0;0.676224454756706;3
09/02/25 - 23:52 ;		 MultiViewCNN;1;3;2;4;0.6767692604372578;0.6129032258064516;0.669019631801113;0.6129032258064516;0.7875;0.6803319217381938;0.0002;0;0;0;0.669019631801113;4
09/02/25 - 23:52 ;		 MultiViewCNN;1;3;2;5;0.6729653535350677;0.6129032258064516;0.6620926241720876;0.6451612903225806;0.7958333333333334;0.6748601324683619;0.0002;0;0;0;0.6620926241720876;5
09/02/25 - 23:52 ;		 MultiViewCNN;1;3;2;6;0.662933389986715;0.6290322580645161;0.6552115159650003;0.6774193548387096;0.8083333333333333;0.6689655475173534;0.0002;0;0;0;0.6552115159650003;6
09/02/25 - 23:52 ;		 MultiViewCNN;1;3;2;7;0.6579169804050077;0.6774193548387096;0.6498652388972621;0.6774193548387096;0.8125;0.663235454931326;0.0002;0;0;0;0.6498652388972621;7
09/02/25 - 23:52 ;		 MultiViewCNN;1;3;2;8;0.6478710424515509;0.7580645161290323;0.6444782057116109;0.6451612903225806;0.8208333333333333;0.6576082801654114;0.0002;0;0;0;0.6444782057116109;8
09/02/25 - 23:52 ;		 MultiViewCNN;1;3;2;9;0.6503665101143622;0.6451612903225806;0.6392719860999815;0.6451612903225806;0.8166666666666667;0.6521073919457824;0.0002;0;0;0;0.6392719860999815;9
09/02/25 - 23:53 ;		 MultiViewCNN;1;3;2;10;0.6449919323767385;0.6935483870967742;0.6337473796259973;0.6451612903225806;0.8041666666666667;0.6465993882498469;0.0002;0;0;0;0.6337473796259973;10
09/02/25 - 23:53 ;		 MultiViewCNN;1;3;2;11;0.6415082273944732;0.6935483870967742;0.6264853862024122;0.6774193548387096;0.8375;0.6405651876356164;0.0002;0;0;0;0.6264853862024122;11
09/02/25 - 23:53 ;		 MultiViewCNN;1;3;2;12;0.6276545889915959;0.7258064516129032;0.6209621121806483;0.7741935483870968;0.8791666666666668;0.634684264999126;0.0002;0;0;0;0.6209621121806483;12
09/02/25 - 23:53 ;		 MultiViewCNN;1;3;2;13;0.6250404177173492;0.7741935483870968;0.6157521528582419;0.7419354838709677;0.8833333333333334;0.6290046313568607;0.0002;0;0;0;0.6157521528582419;13
09/02/25 - 23:53 ;		 MultiViewCNN;1;3;2;14;0.6196362107030807;0.7580645161290323;0.611605946094759;0.6774193548387096;0.8708333333333335;0.6237850257782301;0.0002;0;0;0;0.611605946094759;14
09/02/25 - 23:53 ;		 MultiViewCNN;1;3;2;15;0.6146993867812618;0.6935483870967742;0.607923972991205;0.7419354838709677;0.8958333333333334;0.6190267099421226;0.0002;0;0;0;0.607923972991205;15
09/02/25 - 23:53 ;		 MultiViewCNN;1;3;2;16;0.5896867705929664;0.8225806451612904;0.6032330172677194;0.6451612903225806;0.8416666666666667;0.6142886021398016;0.0002;0;0;0;0.6032330172677194;16
09/02/25 - 23:53 ;		 MultiViewCNN;1;3;2;17;0.5923363816353583;0.7419354838709677;0.5919181166156646;0.7096774193548387;0.8375;0.6075774564825605;0.0002;0;0;0;0.5919181166156646;17
09/02/25 - 23:53 ;		 MultiViewCNN;1;3;2;18;0.5760609219151158;0.7903225806451613;0.5843485862978043;0.7096774193548387;0.8458333333333333;0.6006087954271335;0.0002;0;0;0;0.5843485862978043;18
09/02/25 - 23:54 ;		 MultiViewCNN;1;3;2;19;0.5902040043184834;0.7741935483870968;0.5758870032525831;0.8064516129032258;0.8916666666666667;0.5931922577747684;0.0002;0;0;0;0.5758870032525831;19
09/02/25 - 23:54 ;		 MultiViewCNN;1;3;2;20;0.5737343026745704;0.7741935483870968;0.5741454708960748;0.8709677419354839;0.9;0.5874782217111603;0.0002;0;0;0;0.5741454708960748;20
09/02/25 - 23:54 ;		 MultiViewCNN;1;3;2;21;0.5406485565247074;0.8870967741935484;0.5631976714057307;0.7741935483870968;0.8958333333333334;0.5801940566195314;0.0002;0;0;0;0.5631976714057307;21
09/02/25 - 23:54 ;		 MultiViewCNN;1;3;2;22;0.576861806454197;0.8064516129032258;0.5602994003603535;0.8709677419354839;0.9125000000000001;0.574225659741778;0.0002;0;0;0;0.5602994003603535;22
09/02/25 - 23:54 ;		 MultiViewCNN;1;3;2;23;0.5338999379065729;0.8225806451612904;0.5711932259221231;0.8387096774193549;0.9416666666666667;0.5733159295958814;0.0002;1;0;0;0.5602994003603535;22
09/02/25 - 23:54 ;		 MultiViewCNN;1;3;2;24;0.5511809712456118;0.8548387096774194;0.5514057720861127;0.8064516129032258;0.9291666666666667;0.5667428823429508;0.0002;0;0;0;0.5514057720861127;24
09/02/25 - 23:54 ;		 MultiViewCNN;1;3;2;25;0.5368825812493602;0.8225806451612904;0.5444489948211177;0.7419354838709677;0.9041666666666667;0.5600547160864009;0.0002;0;0;0;0.5444489948211177;25
09/02/25 - 23:54 ;		 MultiViewCNN;1;3;2;26;0.5221397492193407;0.8225806451612904;0.5300913087783321;0.7741935483870968;0.925;0.5510656938939802;0.0002;0;0;0;0.5300913087783321;26
09/02/25 - 23:55 ;		 MultiViewCNN;1;3;2;27;0.48238688707351685;0.9354838709677419;0.5243040429007623;0.8387096774193549;0.9375;0.5430371985960147;0.0002;0;0;0;0.5243040429007623;27
09/02/25 - 23:55 ;		 MultiViewCNN;1;3;2;28;0.504964820800289;0.8387096774193549;0.5212942957878113;0.7419354838709677;0.9083333333333333;0.5365143277535537;0.0002;0;0;0;0.5212942957878113;28
09/02/25 - 23:55 ;		 MultiViewCNN;1;3;2;29;0.5293668104756263;0.7419354838709677;0.5124427945383133;0.8709677419354839;0.925;0.5292928677889815;0.0002;0;0;0;0.5124427945383133;29
09/03/25 - 00:00 ;		 MultiViewCNN;1;3;3;0;0.6976374195468041;0.43548387096774194;0.6937684224497888;0.4838709677419355;0.5791666666666667;0.6937684224497888;0.0002;0;0;0;0.6937684224497888;0
09/03/25 - 00:00 ;		 MultiViewCNN;1;3;3;1;0.6950482860688241;0.5;0.6921614639220699;0.4838709677419355;0.6958333333333333;0.6932863348914731;0.0002;1;0;0;0.6937684224497888;0
09/03/25 - 00:00 ;		 MultiViewCNN;1;3;3;2;0.6869863733168571;0.5806451612903226;0.6879320125426015;0.6774193548387096;0.7708333333333334;0.6916800381868116;0.0002;0;0;0;0.6879320125426015;2
09/03/25 - 00:00 ;		 MultiViewCNN;1;3;3;3;0.6775744615062591;0.5967741935483871;0.682396984869434;0.6774193548387096;0.7541666666666667;0.6888951221915982;0.0002;0;0;0;0.682396984869434;3
09/03/25 - 00:00 ;		 MultiViewCNN;1;3;3;4;0.6705164447907479;0.7096774193548387;0.6766892287038988;0.6451612903225806;0.7541666666666667;0.6852333541452884;0.0002;0;0;0;0.6766892287038988;4
09/03/25 - 00:00 ;		 MultiViewCNN;1;3;3;5;0.6817739817403978;0.532258064516129;0.670556326066294;0.6451612903225806;0.7458333333333333;0.68083024572159;0.0002;0;0;0;0.670556326066294;5
09/03/25 - 00:01 ;		 MultiViewCNN;1;3;3;6;0.6679712360905062;0.6129032258064516;0.6648973034274194;0.6451612903225806;0.7541666666666667;0.6760503630333388;0.0002;0;0;0;0.6648973034274194;6
09/03/25 - 00:01 ;		 MultiViewCNN;1;3;3;7;0.6587983504418404;0.6451612903225806;0.6598163996973345;0.6774193548387096;0.7708333333333333;0.6711801740325375;0.0002;0;0;0;0.6598163996973345;7
09/03/25 - 00:01 ;		 MultiViewCNN;1;3;3;8;0.6666224714248411;0.6774193548387096;0.6563347616503316;0.6451612903225806;0.7666666666666666;0.6667265503178756;0.0002;0;0;0;0.6563347616503316;8
09/03/25 - 00:01 ;		 MultiViewCNN;1;3;3;9;0.6601728162457866;0.5806451612903226;0.6512444980682865;0.6774193548387096;0.7625000000000001;0.6620819346429989;0.0002;0;0;0;0.6512444980682865;9
09/03/25 - 00:01 ;		 MultiViewCNN;1;3;3;10;0.6536601031980207;0.6774193548387096;0.6447484781665187;0.6774193548387096;0.7875;0.6568818977000548;0.0002;0;0;0;0.6447484781665187;10
09/03/25 - 00:01 ;		 MultiViewCNN;1;3;3;11;0.6465460504254987;0.6935483870967742;0.6415440843951318;0.6774193548387096;0.7791666666666667;0.6522805537085778;0.0002;0;0;0;0.6415440843951318;11
09/03/25 - 00:01 ;		 MultiViewCNN;1;3;3;12;0.6445280294264516;0.6774193548387096;0.6363459498651566;0.6774193548387096;0.775;0.6475001725555514;0.0002;0;0;0;0.6363459498651566;12
09/03/25 - 00:01 ;		 MultiViewCNN;1;3;3;13;0.6455215427183336;0.6451612903225806;0.6308884697575723;0.6774193548387096;0.7791666666666667;0.6425166617161576;0.0002;0;0;0;0.6308884697575723;13
09/03/25 - 00:02 ;		 MultiViewCNN;1;3;3;14;0.6307729175013881;0.7096774193548387;0.6226144067702755;0.7096774193548387;0.8125;0.6365459852323929;0.0002;0;0;0;0.6226144067702755;14
09/03/25 - 00:02 ;		 MultiViewCNN;1;3;3;15;0.6273920920587355;0.7096774193548387;0.6130512500962904;0.6774193548387096;0.8375;0.6294975646915622;0.0002;0;0;0;0.6130512500962904;15
09/03/25 - 00:02 ;		 MultiViewCNN;1;3;3;16;0.6344059859552691;0.6774193548387096;0.6114955506017131;0.7096774193548387;0.8416666666666667;0.6240969604646074;0.0002;0;0;0;0.6114955506017131;16
09/03/25 - 00:02 ;		 MultiViewCNN;1;3;3;17;0.6153375025718443;0.8064516129032258;0.6103669155028558;0.6774193548387096;0.8375;0.6199779469760819;0.0002;0;0;0;0.6103669155028558;17
09/03/25 - 00:02 ;		 MultiViewCNN;1;3;3;18;0.6095838854389806;0.6935483870967742;0.6069683048032946;0.6774193548387096;0.8333333333333334;0.6160750543242457;0.0002;0;0;0;0.6069683048032946;18
09/03/25 - 00:02 ;		 MultiViewCNN;1;3;3;19;0.6297434376132104;0.6774193548387096;0.6030958237186554;0.6774193548387096;0.8250000000000001;0.6121812851425685;0.0002;0;0;0;0.6030958237186554;19
09/03/25 - 00:02 ;		 MultiViewCNN;1;3;3;20;0.6006158167316068;0.7419354838709677;0.5931326256644341;0.7741935483870968;0.8458333333333333;0.6064666872991282;0.0002;0;0;0;0.5931326256644341;20
09/03/25 - 00:02 ;		 MultiViewCNN;1;3;3;21;0.6058192906841156;0.6935483870967742;0.5923641362497883;0.7096774193548387;0.8374999999999999;0.6022359219843263;0.0002;0;0;0;0.5923641362497883;21
09/03/25 - 00:02 ;		 MultiViewCNN;1;3;3;22;0.601091904024924;0.6935483870967742;0.5808089183222863;0.7419354838709677;0.8541666666666667;0.5958078208857143;0.0002;0;0;0;0.5808089183222863;22
09/03/25 - 00:03 ;		 MultiViewCNN;1;3;3;23;0.5807551703145427;0.7741935483870968;0.5774869803459414;0.7419354838709677;0.8541666666666667;0.5903115687237824;0.0002;0;0;0;0.5774869803459414;23
09/03/25 - 00:03 ;		 MultiViewCNN;1;3;3;24;0.594299966289151;0.7258064516129032;0.5744592066734068;0.7419354838709677;0.8625;0.5855558601086697;0.0002;0;0;0;0.5744592066734068;24
09/03/25 - 00:03 ;		 MultiViewCNN;1;3;3;25;0.5501979435643842;0.8709677419354839;0.5790907058023638;0.7419354838709677;0.85;0.5836163138167779;0.0002;0;0;0;0.5790907058023638;25
09/03/25 - 00:03 ;		 MultiViewCNN;1;3;3;26;0.5978029927899761;0.7419354838709677;0.5708717598069099;0.7096774193548387;0.8583333333333334;0.5797929476138175;0.0002;0;0;0;0.5708717598069099;26
09/03/25 - 00:03 ;		 MultiViewCNN;1;3;3;27;0.5668829929444098;0.7258064516129032;0.5691091322129772;0.7419354838709677;0.8833333333333333;0.5765878029935654;0.0002;0;0;0;0.5691091322129772;27
09/03/25 - 00:03 ;		 MultiViewCNN;1;3;3;28;0.5550098073097968;0.8064516129032258;0.5695989381882453;0.6774193548387096;0.8708333333333333;0.5744911435519693;0.0002;0;0;0;0.5695989381882453;28
09/03/25 - 00:03 ;		 MultiViewCNN;1;3;3;29;0.5555447455375425;0.7741935483870968;0.5648275085033909;0.6451612903225806;0.8625;0.5715920530373958;0.0002;0;0;0;0.5648275085033909;29
09/03/25 - 00:03 ;		 MultiViewCNN;1;3;4;0;0.6860474251931713;0.5645161290322581;0.6901284052479651;0.5161290322580645;0.7083333333333334;0.6901284052479651;0.0002;0;0;0;0.6901284052479651;0
09/03/25 - 00:04 ;		 MultiViewCNN;1;3;4;1;0.6781839113081655;0.5967741935483871;0.686481277788839;0.5161290322580645;0.7166666666666666;0.6890342670102273;0.0002;1;0;0;0.6901284052479651;0
09/03/25 - 00:04 ;		 MultiViewCNN;1;3;4;2;0.6912213910010553;0.5806451612903226;0.6810534865625443;0.5483870967741935;0.7416666666666667;0.6866400328759223;0.0002;0;0;0;0.6810534865625443;2
09/03/25 - 00:04 ;		 MultiViewCNN;1;3;4;3;0.6712564537602086;0.6451612903225806;0.674638855841852;0.6774193548387096;0.7708333333333333;0.6830396797657012;0.0002;0;0;0;0.674638855841852;3
09/03/25 - 00:04 ;		 MultiViewCNN;1;3;4;4;0.6773135892806514;0.6129032258064516;0.6697125511784707;0.6774193548387096;0.7791666666666667;0.6790415411895321;0.0002;0;0;0;0.6697125511784707;4
09/03/25 - 00:04 ;		 MultiViewCNN;1;3;4;5;0.6788498374723619;0.6290322580645161;0.6644095509283005;0.6774193548387096;0.7833333333333333;0.6746519441111626;0.0002;0;0;0;0.6644095509283005;5
09/03/25 - 00:04 ;		 MultiViewCNN;1;3;4;6;0.6713810293905197;0.6451612903225806;0.6608274982821557;0.6451612903225806;0.7833333333333333;0.6705046103624605;0.0002;0;0;0;0.6608274982821557;6
09/03/25 - 00:04 ;		 MultiViewCNN;1;3;4;7;0.6757150196260021;0.5483870967741935;0.6584421819256198;0.6451612903225806;0.7583333333333333;0.6668858818314083;0.0002;0;0;0;0.6584421819256198;7
09/03/25 - 00:04 ;		 MultiViewCNN;1;3;4;8;0.6621923985019806;0.5645161290322581;0.6523319751985611;0.6774193548387096;0.7666666666666666;0.6625197098415541;0.0002;0;0;0;0.6523319751985611;8
09/03/25 - 00:04 ;		 MultiViewCNN;1;3;4;9;0.6558598433771441;0.6774193548387096;0.6477272183664383;0.7096774193548387;0.7791666666666667;0.6580819623990193;0.0002;0;0;0;0.6477272183664383;9
09/03/25 - 00:05 ;		 MultiViewCNN;1;3;4;10;0.6566456863957066;0.6774193548387096;0.6449836319492709;0.7419354838709677;0.7875;0.6541524632640947;0.0002;0;0;0;0.6449836319492709;10
09/03/25 - 00:05 ;		 MultiViewCNN;1;3;4;11;0.6488361051005702;0.7258064516129032;0.6412858866876171;0.7419354838709677;0.7833333333333333;0.6502924902911514;0.0002;0;0;0;0.6412858866876171;11
09/03/25 - 00:05 ;		 MultiViewCNN;1;3;4;12;0.6618654285707781;0.6290322580645161;0.6387661810844175;0.7096774193548387;0.7916666666666666;0.6468345975291312;0.0002;0;0;0;0.6387661810844175;12
09/03/25 - 00:05 ;		 MultiViewCNN;1;3;4;13;0.6397371830478791;0.7096774193548387;0.634357838861404;0.7419354838709677;0.7875;0.643091569928813;0.0002;0;0;0;0.634357838861404;13
09/03/25 - 00:05 ;		 MultiViewCNN;1;3;4;14;0.6291352875771061;0.7741935483870968;0.6306735661721998;0.7419354838709677;0.8208333333333333;0.6393661688018291;0.0002;0;0;0;0.6306735661721998;14
09/03/25 - 00:05 ;		 MultiViewCNN;1;3;4;15;0.6484636741299783;0.6290322580645161;0.6281239159645573;0.7096774193548387;0.8375;0.6359934929506476;0.0002;0;0;0;0.6281239159645573;15
09/03/25 - 00:05 ;		 MultiViewCNN;1;3;4;16;0.6546448046161283;0.6290322580645161;0.6243820055838554;0.7741935483870968;0.8333333333333334;0.6325100467406098;0.0002;0;0;0;0.6243820055838554;16
09/03/25 - 00:05 ;		 MultiViewCNN;1;3;4;17;0.631994080158972;0.7580645161290323;0.6216375020242506;0.7741935483870968;0.8625;0.629248283325702;0.0002;0;0;0;0.6216375020242506;17
09/03/25 - 00:06 ;		 MultiViewCNN;1;3;4;18;0.6205324434464977;0.7580645161290323;0.6201418349819798;0.7419354838709677;0.8833333333333333;0.6265163488225853;0.0002;0;0;0;0.6201418349819798;18
09/03/25 - 00:06 ;		 MultiViewCNN;1;3;4;19;0.6184683538252308;0.7903225806451613;0.6172877607807037;0.7419354838709677;0.8708333333333333;0.6237477724100209;0.0002;0;0;0;0.6172877607807037;19
09/03/25 - 00:06 ;		 MultiViewCNN;1;3;4;20;0.6240395999723866;0.7096774193548387;0.6221139815545851;0.6774193548387096;0.8208333333333334;0.62325763515339;0.0002;1;0;0;0.6172877607807037;19
09/03/25 - 00:06 ;		 MultiViewCNN;1;3;4;21;0.6128690050494287;0.7258064516129032;0.6176192472057958;0.6451612903225806;0.8166666666666667;0.6215661187691117;0.0002;0;0;0;0.6176192472057958;21
09/03/25 - 00:06 ;		 MultiViewCNN;1;3;4;22;0.6283567374752413;0.6451612903225806;0.6126523988862191;0.6451612903225806;0.7958333333333334;0.618892002804244;0.0002;0;0;0;0.6126523988862191;22
09/03/25 - 00:06 ;		 MultiViewCNN;1;3;4;23;0.5952538540286403;0.7096774193548387;0.6096981340839017;0.6451612903225806;0.7916666666666667;0.6161338421881413;0.0002;0;0;0;0.6096981340839017;23
09/03/25 - 00:06 ;		 MultiViewCNN;1;3;4;24;0.611441227697557;0.7258064516129032;0.596401289586098;0.6451612903225806;0.7916666666666667;0.6102140764075282;0.0002;0;0;0;0.596401289586098;24
09/03/25 - 00:06 ;		 MultiViewCNN;1;3;4;25;0.6049025731702005;0.7096774193548387;0.5947416194023625;0.6774193548387096;0.825;0.6055723393059784;0.0002;0;0;0;0.5947416194023625;25
09/03/25 - 00:07 ;		 MultiViewCNN;1;3;4;26;0.5842696293707816;0.7741935483870968;0.5897819957425517;0.6774193548387096;0.8166666666666667;0.6008352362369505;0.0002;0;0;0;0.5897819957425517;26
09/03/25 - 00:07 ;		 MultiViewCNN;1;3;4;27;0.5690496929230229;0.8225806451612904;0.587553616492979;0.6774193548387096;0.825;0.596850750313759;0.0002;0;0;0;0.587553616492979;27
09/03/25 - 00:07 ;		 MultiViewCNN;1;3;4;28;0.5880201651204017;0.7096774193548387;0.5801863122370935;0.7096774193548387;0.8083333333333333;0.5918514188907593;0.0002;0;0;0;0.5801863122370935;28
09/03/25 - 00:07 ;		 MultiViewCNN;1;3;4;29;0.5803855849850562;0.7903225806451613;0.5709577577729379;0.7419354838709677;0.8416666666666667;0.5855833205554128;0.0002;0;0;0;0.5709577577729379;29
09/03/25 - 00:07 ;		 MultiViewCNN;1;3;5;0;0.6839596033096313;0.5806451612903226;0.6963939070701599;0.3548387096774194;0.24583333333333335;0.6963939070701599;0.0002;0;0;0;0.6963939070701599;0
09/03/25 - 00:07 ;		 MultiViewCNN;1;3;5;1;0.6922592443804587;0.5967741935483871;0.6924981417194489;0.5161290322580645;0.5333333333333333;0.6952251774649465;0.0002;1;0;0;0.6963939070701599;0
09/03/25 - 00:07 ;		 MultiViewCNN;1;3;5;2;0.684726195950662;0.5645161290322581;0.6878794777777887;0.5483870967741935;0.7541666666666667;0.6930214675587991;0.0002;0;0;0;0.6878794777777887;2
09/03/25 - 00:07 ;		 MultiViewCNN;1;3;5;3;0.6748855152437764;0.6451612903225806;0.6817406300575503;0.5483870967741935;0.8333333333333334;0.6896372163084244;0.0002;0;0;0;0.6817406300575503;3
09/03/25 - 00:07 ;		 MultiViewCNN;1;3;5;4;0.6763456790677963;0.5806451612903226;0.6748495524929415;0.5806451612903226;0.8208333333333333;0.6852009171637796;0.0002;0;0;0;0.6748495524929415;4
09/03/25 - 00:08 ;		 MultiViewCNN;1;3;5;5;0.6729236764292563;0.6935483870967742;0.6692547548201776;0.6129032258064516;0.825;0.6804170684606989;0.0002;0;0;0;0.6692547548201776;5
09/03/25 - 00:08 ;		 MultiViewCNN;1;3;5;6;0.6591906336046034;0.7258064516129032;0.6649250618873104;0.6129032258064516;0.8166666666666667;0.6757694664886824;0.0002;0;0;0;0.6649250618873104;6
09/03/25 - 00:08 ;		 MultiViewCNN;1;3;5;7;0.663197515472289;0.6129032258064516;0.6600955763170796;0.6451612903225806;0.8083333333333333;0.6710672994372016;0.0002;0;0;0;0.6600955763170796;7
09/03/25 - 00:08 ;		 MultiViewCNN;1;3;5;8;0.663596914660546;0.6612903225806451;0.6550629100491924;0.6774193548387096;0.8125;0.6662659826207987;0.0002;0;0;0;0.6550629100491924;8
09/03/25 - 00:08 ;		 MultiViewCNN;1;3;5;9;0.6501977674422725;0.6935483870967742;0.6493817548598012;0.6774193548387096;0.8250000000000001;0.6612007142924995;0.0002;0;0;0;0.6493817548598012;9
09/03/25 - 00:08 ;		 MultiViewCNN;1;3;5;10;0.6521932867265516;0.6290322580645161;0.6444490148175147;0.7096774193548387;0.8208333333333333;0.656175204450004;0.0002;0;0;0;0.6444490148175147;10
09/03/25 - 00:08 ;		 MultiViewCNN;1;3;5;11;0.6422708361379562;0.7741935483870968;0.6402101882042424;0.7096774193548387;0.825;0.6513856995762755;0.0002;0;0;0;0.6402101882042424;11
09/03/25 - 00:08 ;		 MultiViewCNN;1;3;5;12;0.640314317518665;0.7096774193548387;0.6367439204646695;0.7096774193548387;0.825;0.6469931658427936;0.0002;0;0;0;0.6367439204646695;12
09/03/25 - 00:09 ;		 MultiViewCNN;1;3;5;13;0.637183750829389;0.7096774193548387;0.6323385084829023;0.7096774193548387;0.825;0.6425967686348262;0.0002;0;0;0;0.6323385084829023;13
09/03/25 - 00:09 ;		 MultiViewCNN;1;3;5;14;0.6300540143443693;0.6774193548387096;0.6265224602914625;0.7096774193548387;0.8291666666666667;0.637774476131817;0.0002;0;0;0;0.6265224602914625;14
09/03/25 - 00:09 ;		 MultiViewCNN;1;3;5;15;0.6287794670751018;0.7258064516129032;0.6233956160083893;0.6774193548387096;0.8208333333333333;0.6334608180947887;0.0002;0;0;0;0.6233956160083893;15
09/03/25 - 00:09 ;		 MultiViewCNN;1;3;5;16;0.6173040982215635;0.7258064516129032;0.618824060886137;0.6774193548387096;0.8250000000000001;0.6290697909321932;0.0002;0;0;0;0.618824060886137;16
09/03/25 - 00:09 ;		 MultiViewCNN;1;3;5;17;0.6214125117947978;0.7580645161290323;0.6159074344942647;0.6774193548387096;0.8166666666666667;0.6251210840008146;0.0002;0;0;0;0.6159074344942647;17
09/03/25 - 00:09 ;		 MultiViewCNN;1;3;5;18;0.6260459461519795;0.6935483870967742;0.6077634480691725;0.7096774193548387;0.8250000000000001;0.6199137932213219;0.0002;0;0;0;0.6077634480691725;18
09/03/25 - 00:09 ;		 MultiViewCNN;1;3;5;19;0.620754845680729;0.7258064516129032;0.6041954601964643;0.7419354838709677;0.8375;0.6151982933138646;0.0002;0;0;0;0.6041954601964643;19
09/03/25 - 00:09 ;		 MultiViewCNN;1;3;5;20;0.6152082431700922;0.7419354838709677;0.6042125301976358;0.7096774193548387;0.8416666666666667;0.6119025643789959;0.0002;0;0;0;0.6042125301976358;20
09/03/25 - 00:09 ;		 MultiViewCNN;1;3;5;21;0.6061979359196078;0.7580645161290323;0.6002092919042034;0.7096774193548387;0.8666666666666667;0.6083945826365581;0.0002;0;0;0;0.6002092919042034;21
09/03/25 - 00:10 ;		 MultiViewCNN;1;3;5;22;0.6066005652950656;0.7258064516129032;0.5970162537790114;0.7096774193548387;0.8375;0.6049810839792941;0.0002;0;0;0;0.5970162537790114;22
09/03/25 - 00:10 ;		 MultiViewCNN;1;3;5;23;0.5995551280436977;0.8064516129032258;0.5912719580434984;0.7096774193548387;0.8375;0.6008683461985553;0.0002;0;0;0;0.5912719580434984;23
09/03/25 - 00:10 ;		 MultiViewCNN;1;3;5;24;0.5968698147804506;0.7903225806451613;0.5865642255352389;0.7096774193548387;0.8541666666666667;0.5965771099995604;0.0002;0;0;0;0.5865642255352389;24
09/03/25 - 00:10 ;		 MultiViewCNN;1;3;5;25;0.583232581615448;0.7903225806451613;0.5818223222609489;0.7096774193548387;0.8791666666666667;0.5921506736779769;0.0002;0;0;0;0.5818223222609489;25
09/03/25 - 00:10 ;		 MultiViewCNN;1;3;5;26;0.5657112694555714;0.8387096774193549;0.5715712010860443;0.7096774193548387;0.8833333333333333;0.5859768319003971;0.0002;0;0;0;0.5715712010860443;26
09/03/25 - 00:10 ;		 MultiViewCNN;1;3;5;27;0.5784054263945548;0.7741935483870968;0.5743507300653765;0.7096774193548387;0.8916666666666667;0.5824890013498909;0.0002;0;0;0;0.5743507300653765;27
09/03/25 - 00:10 ;		 MultiViewCNN;1;3;5;28;0.5684949467259068;0.7419354838709677;0.5748452236575465;0.7096774193548387;0.8583333333333334;0.5801958680421875;0.0002;0;0;0;0.5748452236575465;28
09/03/25 - 00:10 ;		 MultiViewCNN;1;3;5;29;0.5486187127328688;0.7580645161290323;0.5594244435910256;0.7096774193548387;0.8791666666666667;0.5739644407068389;0.0002;0;0;0;0.5594244435910256;29
09/03/25 - 00:11 ;		 MultiViewCNN;1;3;6;0;0.6954771049561039;0.4838709677419355;0.6924964670212038;0.5161290322580645;0.47916666666666663;0.6924964670212038;0.0002;0;0;0;0.6924964670212038;0
09/03/25 - 00:11 ;		 MultiViewCNN;1;3;6;1;0.6954987914331497;0.45161290322580644;0.6912232598950786;0.5161290322580645;0.5708333333333333;0.6921145048833662;0.0002;1;0;0;0.6924964670212038;0
09/03/25 - 00:11 ;		 MultiViewCNN;1;3;6;2;0.685638669998415;0.5967741935483871;0.6888220310211182;0.5161290322580645;0.6041666666666667;0.6911267627246918;0.0002;2;0;0;0.6924964670212038;0
09/03/25 - 00:11 ;		 MultiViewCNN;1;3;6;3;0.6979935265356495;0.5;0.6846386444184088;0.5161290322580645;0.6541666666666667;0.6891803272328069;0.0002;0;0;0;0.6846386444184088;3
09/03/25 - 00:11 ;		 MultiViewCNN;1;3;6;4;0.6971958394973509;0.5;0.6808732901850054;0.6451612903225806;0.6875;0.6866882161184664;0.0002;0;0;0;0.6808732901850054;4
09/03/25 - 00:11 ;		 MultiViewCNN;1;3;6;5;0.6769557172252286;0.6129032258064516;0.6776538875795179;0.5483870967741935;0.6958333333333333;0.6839779175567818;0.0002;0;0;0;0.6776538875795179;5
09/03/25 - 00:11 ;		 MultiViewCNN;1;3;6;6;0.6747790094344847;0.6129032258064516;0.674547303107477;0.6129032258064516;0.6958333333333333;0.6811487332219903;0.0002;0;0;0;0.674547303107477;6
09/03/25 - 00:11 ;		 MultiViewCNN;1;3;6;7;0.6849280018960276;0.5645161290322581;0.6705341973612385;0.6451612903225806;0.7041666666666666;0.6779643724637647;0.0002;0;0;0;0.6705341973612385;7
09/03/25 - 00:11 ;		 MultiViewCNN;1;3;6;8;0.6758748408286802;0.5483870967741935;0.6675534940535023;0.6451612903225806;0.725;0.6748411089406859;0.0002;0;0;0;0.6675534940535023;8
09/03/25 - 00:12 ;		 MultiViewCNN;1;3;6;9;0.6674277724758271;0.5806451612903226;0.6653900550257775;0.6451612903225806;0.7291666666666667;0.6720057927662134;0.0002;0;0;0;0.6653900550257775;9
09/03/25 - 00:12 ;		 MultiViewCNN;1;3;6;10;0.6624733324973814;0.6290322580645161;0.6626802625194672;0.6451612903225806;0.7416666666666667;0.6692081336921896;0.0002;0;0;0;0.6626802625194672;10
09/03/25 - 00:12 ;		 MultiViewCNN;1;3;6;11;0.6679491112309117;0.7096774193548387;0.6604546135471713;0.6451612903225806;0.7458333333333333;0.666582077648684;0.0002;0;0;0;0.6604546135471713;11
09/03/25 - 00:12 ;		 MultiViewCNN;1;3;6;12;0.6693898650907701;0.6612903225806451;0.6577380780250796;0.6451612903225806;0.7541666666666667;0.6639288777616027;0.0002;0;0;0;0.6577380780250796;12
09/03/25 - 00:12 ;		 MultiViewCNN;1;3;6;13;0.6477587415326026;0.6935483870967742;0.6540492215464192;0.6451612903225806;0.75;0.6609649808970476;0.0002;0;0;0;0.6540492215464192;13
09/03/25 - 00:12 ;		 MultiViewCNN;1;3;6;14;0.6643132355905348;0.6290322580645161;0.6508811077763957;0.6451612903225806;0.7541666666666667;0.657939818960852;0.0002;0;0;0;0.6508811077763957;14
09/03/25 - 00:12 ;		 MultiViewCNN;1;3;6;15;0.6558120789066437;0.6451612903225806;0.6483480911101064;0.6451612903225806;0.7583333333333333;0.6550623006056282;0.0002;0;0;0;0.6483480911101064;15
09/03/25 - 00:12 ;		 MultiViewCNN;1;3;6;16;0.6422139060112738;0.6290322580645161;0.6459025817532693;0.6774193548387096;0.7583333333333333;0.6523143849499204;0.0002;0;0;0;0.6459025817532693;16
09/03/25 - 00:13 ;		 MultiViewCNN;1;3;6;17;0.6397988892370655;0.7258064516129032;0.6438784753122637;0.6774193548387096;0.7541666666666667;0.6497836120586233;0.0002;0;0;0;0.6438784753122637;17
09/03/25 - 00:13 ;		 MultiViewCNN;1;3;6;18;0.6357409069615025;0.6612903225806451;0.6393455016997552;0.6774193548387096;0.7625;0.6466521789509628;0.0002;0;0;0;0.6393455016997552;18
09/03/25 - 00:13 ;		 MultiViewCNN;1;3;6;19;0.6537740192105693;0.6935483870967742;0.6365482691795595;0.6774193548387096;0.7541666666666667;0.6436210060195418;0.0002;0;0;0;0.6365482691795595;19
09/03/25 - 00:13 ;		 MultiViewCNN;1;3;6;20;0.6378907426711051;0.6774193548387096;0.6318945673204237;0.7419354838709677;0.7625;0.6401030744098063;0.0002;0;0;0;0.6318945673204237;20
09/03/25 - 00:13 ;		 MultiViewCNN;1;3;6;21;0.6253549706551337;0.7580645161290323;0.6292642066555638;0.7096774193548387;0.7791666666666667;0.6368514140835335;0.0002;0;0;0;0.6292642066555638;21
09/03/25 - 00:13 ;		 MultiViewCNN;1;3;6;22;0.6232041389711441;0.7096774193548387;0.6281627455065327;0.7419354838709677;0.7791666666666666;0.6342448135104333;0.0002;0;0;0;0.6281627455065327;22
09/03/25 - 00:13 ;		 MultiViewCNN;1;3;6;23;0.6378762491287724;0.6935483870967742;0.6248361679815477;0.7419354838709677;0.7708333333333333;0.6314222198517676;0.0002;0;0;0;0.6248361679815477;23
09/03/25 - 00:13 ;		 MultiViewCNN;1;3;6;24;0.6371154496746678;0.7258064516129032;0.621289607017271;0.7096774193548387;0.7916666666666667;0.6283824360014185;0.0002;0;0;0;0.621289607017271;24
09/03/25 - 00:13 ;		 MultiViewCNN;1;3;6;25;0.6215170967963434;0.7096774193548387;0.6197843032498513;0.7419354838709677;0.7833333333333333;0.6258029961759484;0.0002;0;0;0;0.6197843032498513;25
09/03/25 - 00:14 ;		 MultiViewCNN;1;3;6;26;0.6163211022653887;0.7258064516129032;0.6177530231014374;0.7419354838709677;0.7749999999999999;0.6233880042535951;0.0002;0;0;0;0.6177530231014374;26
09/03/25 - 00:14 ;		 MultiViewCNN;1;3;6;27;0.6165757698397483;0.6935483870967742;0.6128265896151143;0.7419354838709677;0.8;0.6202195798620508;0.0002;0;0;0;0.6128265896151143;27
09/03/25 - 00:14 ;		 MultiViewCNN;1;3;6;28;0.6119874927305406;0.7096774193548387;0.6094818692053517;0.7096774193548387;0.7916666666666667;0.6169982666650411;0.0002;0;0;0;0.6094818692053517;28
09/03/25 - 00:14 ;		 MultiViewCNN;1;3;6;29;0.6222825915582718;0.6612903225806451;0.6058469126301427;0.7096774193548387;0.7833333333333333;0.6136528604545715;0.0002;0;0;0;0.6058469126301427;29
09/03/25 - 00:14 ;		 MultiViewCNN;1;3;7;0;0.7003257428446124;0.43548387096774194;0.6929758268017923;0.5161290322580645;0.4666666666666667;0.6929758268017923;0.0005;0;0;0;0.6929758268017923;0
09/03/25 - 00:14 ;		 MultiViewCNN;1;3;7;1;0.6825341601525584;0.5967741935483871;0.6843180983297287;0.5806451612903226;0.7583333333333333;0.6903785082601732;0.0005;1;0;0;0.6929758268017923;0
09/03/25 - 00:14 ;		 MultiViewCNN;1;3;7;2;0.6862072175548922;0.532258064516129;0.675996434304022;0.5483870967741935;0.7833333333333333;0.6860638860733278;0.0005;0;0;0;0.675996434304022;2
09/03/25 - 00:14 ;		 MultiViewCNN;1;3;7;3;0.6781720884384648;0.6290322580645161;0.6671189242793668;0.6774193548387096;0.7791666666666667;0.6803803975351395;0.0005;0;0;0;0.6671189242793668;3
09/03/25 - 00:14 ;		 MultiViewCNN;1;3;7;4;0.6609015426328105;0.7419354838709677;0.6601331272432881;0.7096774193548387;0.7916666666666666;0.674306216447584;0.0005;0;0;0;0.6601331272432881;4
09/03/25 - 00:15 ;		 MultiViewCNN;1;3;7;5;0.6460685845344297;0.7096774193548387;0.6539390260173429;0.6451612903225806;0.7875;0.6681960593185117;0.0005;0;0;0;0.6539390260173429;5
09/03/25 - 00:15 ;		 MultiViewCNN;1;3;7;6;0.6467068868298684;0.7258064516129032;0.6415635424275552;0.7096774193548387;0.7875;0.6602063042512247;0.0005;0;0;0;0.6415635424275552;6
09/03/25 - 00:15 ;		 MultiViewCNN;1;3;7;7;0.6495060459260018;0.7096774193548387;0.6302298076691166;0.7419354838709677;0.7958333333333334;0.6512133552765923;0.0005;0;0;0;0.6302298076691166;7
09/03/25 - 00:15 ;		 MultiViewCNN;1;3;7;8;0.6347522466413437;0.7419354838709677;0.6257664965045068;0.7419354838709677;0.7916666666666667;0.6435792976449666;0.0005;0;0;0;0.6257664965045068;8
09/03/25 - 00:15 ;		 MultiViewCNN;1;3;7;9;0.630755026494303;0.7580645161290323;0.6149962236804347;0.7419354838709677;0.8125;0.635004375455607;0.0005;0;0;0;0.6149962236804347;9
09/03/25 - 00:15 ;		 MultiViewCNN;1;3;7;10;0.6257876388488277;0.8064516129032258;0.6085460359050382;0.7741935483870968;0.8625;0.6270668735904363;0.0005;0;0;0;0.6085460359050382;10
09/03/25 - 00:15 ;		 MultiViewCNN;1;3;7;11;0.613087248417639;0.7741935483870968;0.6047246917601554;0.7419354838709677;0.8375;0.620364219041352;0.0005;0;0;0;0.6047246917601554;11
09/03/25 - 00:15 ;		 MultiViewCNN;1;3;7;12;0.5991996882423278;0.7580645161290323;0.6010274310265818;0.7741935483870968;0.8583333333333333;0.6145631826369209;0.0005;0;0;0;0.6010274310265818;12
09/03/25 - 00:16 ;		 MultiViewCNN;1;3;7;13;0.5710906751694218;0.8225806451612904;0.5968112320669235;0.7419354838709677;0.8041666666666667;0.6092375974659217;0.0005;0;0;0;0.5968112320669235;13
09/03/25 - 00:16 ;		 MultiViewCNN;1;3;7;14;0.5588308938087956;0.7903225806451613;0.5717836801082857;0.7419354838709677;0.8375;0.5980014222586308;0.0005;0;0;0;0.5717836801082857;14
09/03/25 - 00:16 ;		 MultiViewCNN;1;3;7;15;0.5693894778528521;0.7580645161290323;0.557917712196227;0.7096774193548387;0.8875;0.5859763092399097;0.0005;0;0;0;0.557917712196227;15
09/03/25 - 00:16 ;		 MultiViewCNN;1;3;7;16;0.5403529982413015;0.8225806451612904;0.5505714137707988;0.7741935483870968;0.8875000000000001;0.5753548405991764;0.0005;0;0;0;0.5505714137707988;16
09/03/25 - 00:16 ;		 MultiViewCNN;1;3;7;17;0.5006014541272195;0.8709677419354839;0.5417404924669573;0.7741935483870968;0.8833333333333333;0.5652705361595106;0.0005;0;0;0;0.5417404924669573;17
09/03/25 - 00:16 ;		 MultiViewCNN;1;3;7;18;0.5172280351961812;0.8225806451612904;0.5349145752768363;0.7741935483870968;0.8833333333333333;0.5561637478947083;0.0005;0;0;0;0.5349145752768363;18
09/03/25 - 00:16 ;		 MultiViewCNN;1;3;7;19;0.4789482258981274;0.8064516129032258;0.5156446801077935;0.8064516129032258;0.8791666666666667;0.5440080275586339;0.0005;0;0;0;0.5156446801077935;19
09/03/25 - 00:16 ;		 MultiViewCNN;1;3;7;20;0.47453635161922825;0.8387096774193549;0.5203957365405175;0.7419354838709677;0.8458333333333334;0.5369243402531989;0.0005;0;0;0;0.5203957365405175;20
09/03/25 - 00:16 ;		 MultiViewCNN;1;3;7;21;0.43948110457389583;0.8225806451612904;0.5174624804527529;0.7419354838709677;0.8500000000000001;0.531085782313065;0.0005;0;0;0;0.5174624804527529;21
09/03/25 - 00:17 ;		 MultiViewCNN;1;3;7;22;0.39960919080242036;0.9193548387096774;0.5258223549012215;0.7419354838709677;0.9291666666666666;0.529506754089512;0.0005;1;0;0;0.5174624804527529;21
09/03/25 - 00:17 ;		 MultiViewCNN;1;3;7;23;0.4023362984580378;0.8387096774193549;0.48985106714310184;0.8064516129032258;0.9416666666666667;0.517610048005589;0.0005;0;0;0;0.48985106714310184;23
09/03/25 - 00:17 ;		 MultiViewCNN;1;3;7;24;0.4491310638766135;0.7741935483870968;0.47680679732753384;0.9032258064516129;0.9333333333333333;0.5053690728021725;0.0005;0;0;0;0.47680679732753384;24
09/03/25 - 00:17 ;		 MultiViewCNN;1;3;7;25;0.3577457152066692;0.9032258064516129;0.5406972208330708;0.6774193548387096;0.8958333333333333;0.515967517211442;0.0005;1;0;0;0.47680679732753384;24
09/03/25 - 00:17 ;		 MultiViewCNN;1;3;7;26;0.38351448120609405;0.9032258064516129;0.5054005874741462;0.7741935483870968;0.9249999999999999;0.5127974382902533;0.0005;2;0;0;0.47680679732753384;24
09/03/25 - 00:17 ;		 MultiViewCNN;1;3;7;27;0.33627719360013164;0.9193548387096774;0.5568167336525456;0.6129032258064516;0.9250000000000002;0.526003226898941;0.00025;3;1;0;0.47680679732753384;24
09/03/25 - 00:17 ;		 MultiViewCNN;1;3;7;28;0.3728791283022973;0.9032258064516129;0.5006710574511559;0.7096774193548387;0.9291666666666667;0.5184035760646054;0.00025;4;0;0;0.47680679732753384;24
09/03/25 - 00:17 ;		 MultiViewCNN;1;3;7;29;0.33255014496464885;0.8709677419354839;0.4042998162969466;0.8709677419354839;0.9500000000000001;0.4841724481343077;0.00025;0;0;0;0.4042998162969466;29
09/03/25 - 00:17 ;		 MultiViewCNN;1;3;8;0;0.7018743215068695;0.3870967741935484;0.690849450326735;0.5161290322580645;0.8;0.690849450326735;0.0005;0;0;0;0.690849450326735;0
09/03/25 - 00:18 ;		 MultiViewCNN;1;3;8;1;0.6847406298883499;0.5483870967741935;0.6839758215412017;0.5161290322580645;0.8083333333333333;0.6887873616910749;0.0005;1;0;0;0.690849450326735;0
09/03/25 - 00:18 ;		 MultiViewCNN;1;3;8;2;0.6741263424196551;0.5645161290322581;0.6746787774947381;0.5483870967741935;0.775;0.6845547864321738;0.0005;0;0;0;0.6746787774947381;2
09/03/25 - 00:18 ;		 MultiViewCNN;1;3;8;3;0.6668446679269114;0.5967741935483871;0.6650641772054857;0.6451612903225806;0.7375;0.6787076036641673;0.0005;0;0;0;0.6650641772054857;3
09/03/25 - 00:18 ;		 MultiViewCNN;1;3;8;4;0.6619646799179816;0.6612903225806451;0.6512030266946361;0.6774193548387096;0.7749999999999999;0.6704562305733079;0.0005;0;0;0;0.6512030266946361;4
09/03/25 - 00:18 ;		 MultiViewCNN;1;3;8;5;0.6612759213293752;0.7096774193548387;0.6389637704818479;0.7096774193548387;0.8083333333333333;0.6610084925458699;0.0005;0;0;0;0.6389637704818479;5
09/03/25 - 00:18 ;		 MultiViewCNN;1;3;8;6;0.6462735975942304;0.7741935483870968;0.631467423131389;0.7419354838709677;0.8416666666666667;0.6521461717215256;0.0005;0;0;0;0.631467423131389;6
09/03/25 - 00:18 ;		 MultiViewCNN;1;3;8;7;0.6282737755006359;0.8064516129032258;0.6298554193588995;0.6774193548387096;0.8208333333333333;0.6454589460127378;0.0005;0;0;0;0.6298554193588995;7
09/03/25 - 00:18 ;		 MultiViewCNN;1;3;8;8;0.6077516963404994;0.7096774193548387;0.627563803426681;0.6774193548387096;0.7749999999999999;0.6400904032369208;0.0005;0;0;0;0.627563803426681;8
09/03/25 - 00:19 ;		 MultiViewCNN;1;3;8;9;0.5990987862310102;0.7419354838709677;0.624247326966255;0.6451612903225806;0.7541666666666667;0.635337480355721;0.0005;0;0;0;0.624247326966255;9
09/03/25 - 00:19 ;		 MultiViewCNN;1;3;8;10;0.5884102544476909;0.7258064516129032;0.6004393504511926;0.6129032258064516;0.7458333333333333;0.6248680413843624;0.0005;0;0;0;0.6004393504511926;10
09/03/25 - 00:19 ;		 MultiViewCNN;1;3;8;11;0.5745970299167018;0.8064516129032258;0.5643709965290562;0.6451612903225806;0.8375;0.6067189279277705;0.0005;0;0;0;0.5643709965290562;11
09/03/25 - 00:19 ;		 MultiViewCNN;1;3;8;12;0.5529429816430614;0.8225806451612904;0.56143959010801;0.7096774193548387;0.8708333333333333;0.5931351265818423;0.0005;0;0;0;0.56143959010801;12
09/03/25 - 00:19 ;		 MultiViewCNN;1;3;8;13;0.5506963854835879;0.7258064516129032;0.5398452954907571;0.8064516129032258;0.8916666666666666;0.5771481772545167;0.0005;0;0;0;0.5398452954907571;13
09/03/25 - 00:19 ;		 MultiViewCNN;1;3;8;14;0.5306357799037811;0.8064516129032258;0.5280918969262031;0.8387096774193549;0.9125000000000001;0.5624312931560226;0.0005;0;0;0;0.5280918969262031;14
09/03/25 - 00:19 ;		 MultiViewCNN;1;3;8;15;0.4851859942559273;0.8387096774193549;0.5126091145700024;0.8064516129032258;0.8916666666666667;0.5474846395802164;0.0005;0;0;0;0.5126091145700024;15
09/03/25 - 00:19 ;		 MultiViewCNN;1;3;8;16;0.47156505046352265;0.8870967741935484;0.5478573383823517;0.7419354838709677;0.9333333333333333;0.5475964492208569;0.0005;1;0;0;0.5126091145700024;15
09/03/25 - 00:19 ;		 MultiViewCNN;1;3;8;17;0.4802684284025623;0.7903225806451613;0.5501053064100204;0.6129032258064516;0.9666666666666668;0.5483491063776059;0.0005;2;0;0;0.5126091145700024;15
09/03/25 - 00:20 ;		 MultiViewCNN;1;3;8;18;0.4494003903481268;0.8548387096774194;0.4551543747225115;0.8387096774193549;0.9583333333333334;0.5203906868810776;0.0005;0;0;0;0.4551543747225115;18
09/03/25 - 00:20 ;		 MultiViewCNN;1;3;8;19;0.4146041052956735;0.8870967741935484;0.4643810910563315;0.8064516129032258;0.9208333333333333;0.5035878081336538;0.0005;0;0;0;0.4643810910563315;19
09/03/25 - 00:20 ;		 MultiViewCNN;1;3;8;20;0.40807910551947935;0.8387096774193549;0.4485652888974836;0.9032258064516129;0.9208333333333333;0.4870810523628027;0.0005;0;0;0;0.4485652888974836;20
09/03/25 - 00:20 ;		 MultiViewCNN;1;3;8;21;0.39147664077820316;0.8870967741935484;0.45060950806063993;0.9032258064516129;0.9375;0.4761395890721538;0.0005;0;0;0;0.45060950806063993;21
09/03/25 - 00:20 ;		 MultiViewCNN;1;3;8;22;0.42769883717260054;0.7903225806451613;0.652978693285296;0.5161290322580645;0.9625000000000001;0.5291913203360965;0.0005;1;0;0;0.45060950806063993;21
09/03/25 - 00:20 ;		 MultiViewCNN;1;3;8;23;0.36186485425118475;0.8870967741935484;0.5164913496663494;0.7096774193548387;0.9;0.5253813291351723;0.0005;2;0;0;0.45060950806063993;21
09/03/25 - 00:20 ;		 MultiViewCNN;1;3;8;24;0.3752143152298466;0.8387096774193549;0.4233056883658132;0.8064516129032258;0.9166666666666666;0.49475863690436456;0.00025;3;1;0;0.45060950806063993;21
09/03/25 - 00:20 ;		 MultiViewCNN;1;3;8;25;0.40519372013307386;0.8225806451612904;0.4557114714576352;0.8709677419354839;0.9416666666666667;0.48304448727034577;0.00025;4;0;0;0.45060950806063993;21
09/03/25 - 00:20 ;		 MultiViewCNN;1;3;8;26;0.29621105520955976;0.9516129032258065;0.44629697261318085;0.7419354838709677;0.9208333333333334;0.4720202328731963;0.00025;0;0;0;0.44629697261318085;26
09/03/25 - 00:21 ;		 MultiViewCNN;1;3;8;27;0.3197270881745123;0.9032258064516129;0.5634422340700703;0.6129032258064516;0.9125;0.49944683323225847;0.00025;1;0;0;0.44629697261318085;26
09/03/25 - 00:21 ;		 MultiViewCNN;1;3;8;28;0.3508837165371064;0.8548387096774194;0.3750124131479571;0.8387096774193549;0.9500000000000001;0.462116507206968;0.00025;0;0;0;0.3750124131479571;28
09/03/25 - 00:21 ;		 MultiViewCNN;1;3;8;29;0.2859401347175721;0.9032258064516129;0.3857235408598377;0.8387096774193549;0.9583333333333334;0.4391986173028289;0.00025;0;0;0;0.3857235408598377;29
09/03/25 - 00:21 ;		 MultiViewCNN;1;3;9;0;0.6994390487670898;0.41935483870967744;0.6898766217693206;0.5161290322580645;0.75;0.6898766217693206;0.0005;0;0;0;0.6898766217693206;0
09/03/25 - 00:21 ;		 MultiViewCNN;1;3;9;1;0.6740836520348826;0.5806451612903226;0.6841917153327696;0.6129032258064516;0.7333333333333334;0.6881711498383553;0.0005;1;0;0;0.6898766217693206;0
09/03/25 - 00:21 ;		 MultiViewCNN;1;3;9;2;0.6707494374244444;0.5806451612903226;0.6737978035403837;0.6129032258064516;0.7375;0.6838591459489637;0.0005;0;0;0;0.6737978035403837;2
09/03/25 - 00:21 ;		 MultiViewCNN;1;3;9;3;0.666997121226403;0.5806451612903226;0.6632977320301917;0.5806451612903226;0.7583333333333333;0.677690721773332;0.0005;0;0;0;0.6632977320301917;3
09/03/25 - 00:21 ;		 MultiViewCNN;1;3;9;4;0.6645593047142029;0.5806451612903226;0.6558766999552327;0.6451612903225806;0.7458333333333333;0.6711465152279021;0.0005;0;0;0;0.6558766999552327;4
09/03/25 - 00:22 ;		 MultiViewCNN;1;3;9;5;0.6454141909076322;0.6451612903225806;0.6489486232880624;0.6129032258064516;0.7583333333333334;0.6644871476459502;0.0005;0;0;0;0.6489486232880624;5
09/03/25 - 00:22 ;		 MultiViewCNN;1;3;9;6;0.6481510689181667;0.6451612903225806;0.648080833496586;0.5483870967741935;0.75;0.6595652534011409;0.0005;0;0;0;0.648080833496586;6
09/03/25 - 00:22 ;		 MultiViewCNN;1;3;9;7;0.6439831910594818;0.6612903225806451;0.6286032949724505;0.6774193548387096;0.7541666666666667;0.6502766658725337;0.0005;0;0;0;0.6286032949724505;7
09/03/25 - 00:22 ;		 MultiViewCNN;1;3;9;8;0.6280558974512161;0.6612903225806451;0.6226611598845451;0.6774193548387096;0.7666666666666666;0.6419920140761372;0.0005;0;0;0;0.6226611598845451;8
09/03/25 - 00:22 ;		 MultiViewCNN;1;3;9;9;0.636319391189083;0.6935483870967742;0.6139163567173865;0.6774193548387096;0.7666666666666667;0.6335693168685119;0.0005;0;0;0;0.6139163567173865;9
09/03/25 - 00:22 ;		 MultiViewCNN;1;3;9;10;0.6141292049038795;0.6935483870967742;0.6095173551190284;0.7096774193548387;0.8041666666666667;0.6263537283436668;0.0005;0;0;0;0.6095173551190284;10
09/03/25 - 00:22 ;		 MultiViewCNN;1;3;9;11;0.5900560463628461;0.7258064516129032;0.6001796664730195;0.7741935483870968;0.8083333333333333;0.6185015097824725;0.0005;0;0;0;0.6001796664730195;11
09/03/25 - 00:22 ;		 MultiViewCNN;1;3;9;12;0.563055028838496;0.8064516129032258;0.5914503374407368;0.6451612903225806;0.7958333333333334;0.6103861580799518;0.0005;0;0;0;0.5914503374407368;12
09/03/25 - 00:22 ;		 MultiViewCNN;1;3;9;13;0.5708475689734182;0.7258064516129032;0.5752682455124394;0.7096774193548387;0.8166666666666667;0.5998507843096981;0.0005;0;0;0;0.5752682455124394;13
09/03/25 - 00:23 ;		 MultiViewCNN;1;3;9;14;0.5574305730481302;0.7258064516129032;0.5658894488888402;0.7096774193548387;0.8416666666666668;0.5896623836834407;0.0005;0;0;0;0.5658894488888402;14
09/03/25 - 00:23 ;		 MultiViewCNN;1;3;9;15;0.5276859748748041;0.7903225806451613;0.6415683569446686;0.5483870967741935;0.8375;0.605234175661809;0.0005;1;0;0;0.5658894488888402;14
09/03/25 - 00:23 ;		 MultiViewCNN;1;3;9;16;0.5173597124315077;0.7741935483870968;0.5555477296152422;0.7419354838709677;0.8083333333333333;0.590328241847839;0.0005;2;0;0;0.5658894488888402;14
09/03/25 - 00:23 ;		 MultiViewCNN;1;3;9;17;0.4865651169130879;0.7903225806451613;0.5466733190321154;0.7096774193548387;0.8416666666666667;0.5772317650031219;0.0005;0;0;0;0.5466733190321154;17
09/03/25 - 00:23 ;		 MultiViewCNN;1;3;9;18;0.4559830475238062;0.8387096774193549;0.5393879740468918;0.7419354838709677;0.8291666666666666;0.5658786277162529;0.0005;0;0;0;0.5393879740468918;18
09/03/25 - 00:23 ;		 MultiViewCNN;1;3;9;19;0.5255636476701305;0.7580645161290323;0.5196439604605397;0.7419354838709677;0.8208333333333333;0.5520082275395389;0.0005;0;0;0;0.5196439604605397;19
09/03/25 - 00:23 ;		 MultiViewCNN;1;3;9;20;0.48813336510812083;0.7419354838709677;0.6788517409755338;0.5806451612903226;0.8458333333333333;0.5900612815703373;0.0005;1;0;0;0.5196439604605397;19
09/03/25 - 00:23 ;		 MultiViewCNN;1;3;9;21;0.41754369581899337;0.9032258064516129;0.5160190232338444;0.7096774193548387;0.8333333333333334;0.5678486040693894;0.0005;2;0;0;0.5196439604605397;19
09/03/25 - 00:23 ;		 MultiViewCNN;1;3;9;22;0.3664505231765009;0.9193548387096774;0.6250051259994507;0.6129032258064516;0.8416666666666667;0.5849955606484077;0.00025;3;1;0;0.5196439604605397;19
09/03/25 - 00:24 ;		 MultiViewCNN;1;3;9;23;0.41082317406131375;0.8387096774193549;0.4969424163141558;0.7419354838709677;0.8375;0.5585796173481321;0.00025;4;0;0;0.5196439604605397;19
09/03/25 - 00:24 ;		 MultiViewCNN;1;3;9;24;0.361983883765436;0.8870967741935484;0.49556558747445384;0.7741935483870968;0.8458333333333333;0.5396754083860286;0.00025;0;0;0;0.49556558747445384;24
09/03/25 - 00:24 ;		 MultiViewCNN;1;3;9;25;0.33270115237082204;0.8548387096774194;0.4920665160302193;0.7741935483870968;0.8458333333333333;0.5253927406792858;0.00025;0;0;0;0.4920665160302193;25
09/03/25 - 00:24 ;		 MultiViewCNN;1;3;9;26;0.32210266205572313;0.9193548387096774;0.47653046154206796;0.7741935483870968;0.8583333333333333;0.5107340569381205;0.00025;0;0;0;0.47653046154206796;26
09/03/25 - 00:24 ;		 MultiViewCNN;1;3;9;27;0.3607154551052278;0.8709677419354839;0.4850028791735249;0.8064516129032258;0.8541666666666667;0.5030147036087418;0.00025;0;0;0;0.4850028791735249;27
09/03/25 - 00:24 ;		 MultiViewCNN;1;3;9;28;0.3420752863730154;0.8870967741935484;0.48666962885087534;0.8064516129032258;0.8375;0.49811118118138187;0.00025;0;0;0;0.48666962885087534;28
09/03/25 - 00:24 ;		 MultiViewCNN;1;3;9;29;0.3324733645685257;0.8870967741935484;0.6514291205713826;0.6451612903225806;0.8208333333333333;0.5441065629983821;0.00025;1;0;0;0.48666962885087534;28
09/03/25 - 00:24 ;		 MultiViewCNN;1;3;10;0;0.6933468157245267;0.532258064516129;0.6921080216284721;0.5161290322580645;0.48333333333333334;0.6921080216284721;0.0005;0;0;0;0.6921080216284721;0
09/03/25 - 00:25 ;		 MultiViewCNN;1;3;10;1;0.6825122525615077;0.6129032258064516;0.6855970448063265;0.5161290322580645;0.775;0.6901547285818284;0.0005;1;0;0;0.6921080216284721;0
09/03/25 - 00:25 ;		 MultiViewCNN;1;3;10;2;0.6881755090528919;0.5806451612903226;0.6774407509834536;0.5806451612903226;0.825;0.6863405353023159;0.0005;0;0;0;0.6774407509834536;2
09/03/25 - 00:25 ;		 MultiViewCNN;1;3;10;3;0.6610177870719663;0.6451612903225806;0.6679899577171572;0.5483870967741935;0.8208333333333333;0.6808353620267682;0.0005;0;0;0;0.6679899577171572;3
09/03/25 - 00:25 ;		 MultiViewCNN;1;3;10;4;0.6595351542195966;0.6451612903225806;0.6597200151412718;0.5483870967741935;0.8041666666666667;0.6745007579611192;0.0005;0;0;0;0.6597200151412718;4
09/03/25 - 00:25 ;		 MultiViewCNN;1;3;10;5;0.650310012602037;0.6612903225806451;0.6506605648225353;0.6129032258064516;0.7625;0.6673487000195439;0.0005;0;0;0;0.6506605648225353;5
09/03/25 - 00:25 ;		 MultiViewCNN;1;3;10;6;0.647793044967036;0.6612903225806451;0.640558042833882;0.6451612903225806;0.7583333333333333;0.6593115028638453;0.0005;0;0;0;0.640558042833882;6
09/03/25 - 00:25 ;		 MultiViewCNN;1;3;10;7;0.6300828476105967;0.7258064516129032;0.6228494201937029;0.7096774193548387;0.7833333333333333;0.6483728780628026;0.0005;0;0;0;0.6228494201937029;7
09/03/25 - 00:25 ;		 MultiViewCNN;1;3;10;8;0.6243505574041798;0.7419354838709677;0.6100160883318994;0.7419354838709677;0.8125;0.6368658411435316;0.0005;0;0;0;0.6100160883318994;8
09/03/25 - 00:26 ;		 MultiViewCNN;1;3;10;9;0.624156738481214;0.7096774193548387;0.6121158503716991;0.6774193548387096;0.8041666666666667;0.6294408439119819;0.0005;0;0;0;0.6121158503716991;9
09/03/25 - 00:26 ;		 MultiViewCNN;1;3;10;10;0.5891319571002838;0.7258064516129032;0.6113707605869539;0.6774193548387096;0.7875000000000001;0.6240198189144734;0.0005;0;0;0;0.6113707605869539;10
09/03/25 - 00:26 ;		 MultiViewCNN;1;3;10;11;0.5890637616957387;0.7741935483870968;0.589401989213882;0.7741935483870968;0.8208333333333333;0.6136344700042959;0.0005;0;0;0;0.589401989213882;11
09/03/25 - 00:26 ;		 MultiViewCNN;1;3;10;12;0.5679566110334089;0.7741935483870968;0.5733732475388434;0.7096774193548387;0.8333333333333333;0.6015561032646601;0.0005;0;0;0;0.5733732475388434;12
09/03/25 - 00:26 ;		 MultiViewCNN;1;3;10;13;0.5571222228388633;0.7741935483870968;0.56105199840761;0.7096774193548387;0.8708333333333333;0.5894048718075451;0.0005;0;0;0;0.56105199840761;13
09/03/25 - 00:26 ;		 MultiViewCNN;1;3;10;14;0.5268620175700034;0.8064516129032258;0.547134232136511;0.7419354838709677;0.85;0.5767236799062349;0.0005;0;0;0;0.547134232136511;14
09/03/25 - 00:26 ;		 MultiViewCNN;1;3;10;15;0.5492228692577731;0.7258064516129032;0.5217466537029513;0.7419354838709677;0.8833333333333334;0.5602305720452497;0.0005;0;0;0;0.5217466537029513;15
09/03/25 - 00:26 ;		 MultiViewCNN;1;3;10;16;0.5326740607138603;0.8064516129032258;0.5971294910677017;0.5806451612903226;0.9333333333333333;0.5713002477519853;0.0005;1;0;0;0.5217466537029513;15
09/03/25 - 00:26 ;		 MultiViewCNN;1;3;10;17;0.48793818104651665;0.8387096774193549;0.5272251406023579;0.7096774193548387;0.9041666666666667;0.5580777156070971;0.0005;2;0;0;0.5217466537029513;15
09/03/25 - 00:27 ;		 MultiViewCNN;1;3;10;18;0.4917578745272852;0.8387096774193549;0.49017627008499637;0.9032258064516129;0.9333333333333333;0.5377072819504669;0.0005;0;0;0;0.49017627008499637;18
09/03/25 - 00:27 ;		 MultiViewCNN;1;3;10;19;0.4516288061295786;0.8387096774193549;0.5054827217132815;0.8064516129032258;0.9291666666666667;0.5280399138793113;0.0005;0;0;0;0.5054827217132815;19
09/03/25 - 00:27 ;		 MultiViewCNN;1;3;10;20;0.44548133111769156;0.8548387096774194;0.47945863008499146;0.8709677419354839;0.9208333333333333;0.5134655287410153;0.0005;0;0;0;0.47945863008499146;20
09/03/25 - 00:27 ;		 MultiViewCNN;1;3;10;21;0.4206485065721696;0.8387096774193549;0.4615837970087605;0.8709677419354839;0.9083333333333333;0.4979010092213388;0.0005;0;0;0;0.4615837970087605;21
09/03/25 - 00:27 ;		 MultiViewCNN;1;3;10;22;0.3775608741467999;0.8870967741935484;0.5114265459199105;0.6774193548387096;0.8791666666666667;0.5019586702309102;0.0005;1;0;0;0.4615837970087605;21
09/03/25 - 00:27 ;		 MultiViewCNN;1;3;10;23;0.39275843866409793;0.8870967741935484;0.4573985876575593;0.8387096774193549;0.8791666666666667;0.4885906454589049;0.0005;0;0;0;0.4573985876575593;23
09/03/25 - 00:27 ;		 MultiViewCNN;1;3;10;24;0.4057119873262221;0.8870967741935484;1.1523303601049608;0.5161290322580645;0.8666666666666667;0.6877125598527216;0.0005;1;0;0;0.4573985876575593;23
09/03/25 - 00:27 ;		 MultiViewCNN;1;3;10;25;0.41980488261868876;0.7419354838709677;0.5060254046993871;0.7419354838709677;0.9041666666666667;0.6332064133067212;0.0005;2;0;0;0.4573985876575593;23
09/03/25 - 00:27 ;		 MultiViewCNN;1;3;10;26;0.377883211258919;0.8387096774193549;0.6817531306897441;0.6451612903225806;0.8791666666666667;0.647770428521628;0.00025;3;1;0;0.4573985876575593;23
09/03/25 - 00:28 ;		 MultiViewCNN;1;3;10;27;0.3586123143472979;0.8387096774193549;0.492104503416246;0.7096774193548387;0.8791666666666667;0.6010706509900134;0.00025;4;0;0;0.4573985876575593;23
09/03/25 - 00:28 ;		 MultiViewCNN;1;3;10;28;0.34739318778437955;0.8387096774193549;0.435742492156644;0.8387096774193549;0.8916666666666667;0.5514722033400026;0.00025;5;0;1;0.4573985876575593;23
09/03/25 - 00:28 ;		 MultiViewCNN;1;3;11;0;0.6886563877905568;0.5806451612903226;0.6879538682199293;0.6451612903225806;0.7374999999999999;0.6879538682199293;0.0005;0;0;0;0.6879538682199293;0
09/03/25 - 00:28 ;		 MultiViewCNN;1;3;11;1;0.6888126327145484;0.5161290322580645;0.683264555469636;0.6451612903225806;0.7749999999999999;0.6865470743948413;0.0005;1;0;0;0.6879538682199293;0
09/03/25 - 00:28 ;		 MultiViewCNN;1;3;11;2;0.6807786956910165;0.5483870967741935;0.6767676376527355;0.5806451612903226;0.8083333333333333;0.6836132433722095;0.0005;0;0;0;0.6767676376527355;2
09/03/25 - 00:28 ;		 MultiViewCNN;1;3;11;3;0.688601924527076;0.5483870967741935;0.6701767290792158;0.5806451612903226;0.8083333333333333;0.6795822890843114;0.0005;0;0;0;0.6701767290792158;3
09/03/25 - 00:28 ;		 MultiViewCNN;1;3;11;4;0.669078036662071;0.6129032258064516;0.6651967821582672;0.5483870967741935;0.7958333333333333;0.6752666370064981;0.0005;0;0;0;0.6651967821582672;4
09/03/25 - 00:28 ;		 MultiViewCNN;1;3;11;5;0.6547821760177612;0.6290322580645161;0.6629469125501571;0.5483870967741935;0.775;0.6715707196695958;0.0005;0;0;0;0.6629469125501571;5
09/03/25 - 00:29 ;		 MultiViewCNN;1;3;11;6;0.657986621702871;0.5967741935483871;0.6547388722819667;0.5806451612903226;0.775;0.666521165453307;0.0005;0;0;0;0.6547388722819667;6
09/03/25 - 00:29 ;		 MultiViewCNN;1;3;11;7;0.6500496864318848;0.6774193548387096;0.6469187044328258;0.6129032258064516;0.7666666666666666;0.6606404271471626;0.0005;0;0;0;0.6469187044328258;7
09/03/25 - 00:29 ;		 MultiViewCNN;1;3;11;8;0.6652464828183574;0.6612903225806451;0.635998095235517;0.7419354838709677;0.7875;0.6532477275736689;0.0005;0;0;0;0.635998095235517;8
09/03/25 - 00:29 ;		 MultiViewCNN;1;3;11;9;0.6546812288222774;0.6935483870967742;0.6280145491323164;0.7741935483870968;0.8125;0.6456777740412631;0.0005;0;0;0;0.6280145491323164;9
09/03/25 - 00:29 ;		 MultiViewCNN;1;3;11;10;0.6374575822584091;0.6774193548387096;0.6213921020107884;0.7741935483870968;0.8125;0.6383920724321207;0.0005;0;0;0;0.6213921020107884;10
09/03/25 - 00:29 ;		 MultiViewCNN;1;3;11;11;0.619975789900749;0.7903225806451613;0.6139338785602201;0.7741935483870968;0.8458333333333333;0.6310546142705504;0.0005;0;0;0;0.6139338785602201;11
09/03/25 - 00:29 ;		 MultiViewCNN;1;3;11;12;0.6328232634452081;0.6774193548387096;0.6063368589647354;0.8064516129032258;0.85;0.6236392876788059;0.0005;0;0;0;0.6063368589647354;12
09/03/25 - 00:29 ;		 MultiViewCNN;1;3;11;13;0.6000364326661632;0.7096774193548387;0.6004457425686621;0.7741935483870968;0.8416666666666667;0.6166812241457628;0.0005;0;0;0;0.6004457425686621;13
09/03/25 - 00:29 ;		 MultiViewCNN;1;3;11;14;0.6007545705764524;0.7419354838709677;0.5859762122554164;0.7419354838709677;0.8541666666666666;0.6074697205786588;0.0005;0;0;0;0.5859762122554164;14
09/03/25 - 00:30 ;		 MultiViewCNN;1;3;11;15;0.6055601066158663;0.7580645161290323;0.5884765684604645;0.7419354838709677;0.8125;0.6017717749432004;0.0005;0;0;0;0.5884765684604645;15
09/03/25 - 00:30 ;		 MultiViewCNN;1;3;11;16;0.5917286699818026;0.7258064516129032;0.5692249757628287;0.7419354838709677;0.8791666666666667;0.5920077351890889;0.0005;0;0;0;0.5692249757628287;16
09/03/25 - 00:30 ;		 MultiViewCNN;1;3;11;17;0.5857440040957543;0.7419354838709677;0.5856196418885262;0.7419354838709677;0.9291666666666667;0.59009130719892;0.0005;1;0;0;0.5692249757628287;16
09/03/25 - 00:30 ;		 MultiViewCNN;1;3;11;18;0.5857954294450821;0.7419354838709677;0.5732835060165774;0.7419354838709677;0.8666666666666666;0.5850489668442173;0.0005;0;0;0;0.5732835060165774;18
09/03/25 - 00:30 ;		 MultiViewCNN;1;3;11;19;0.5588939766730031;0.7096774193548387;0.560156641467925;0.7419354838709677;0.85;0.5775812692313296;0.0005;0;0;0;0.560156641467925;19
09/03/25 - 00:30 ;		 MultiViewCNN;1;3;11;20;0.542709800504869;0.8225806451612904;0.5396771296378104;0.7741935483870968;0.9083333333333333;0.5662100273532739;0.0005;0;0;0;0.5396771296378104;20
09/03/25 - 00:30 ;		 MultiViewCNN;1;3;11;21;0.5856940861671202;0.7258064516129032;0.5483052865151437;0.8064516129032258;0.9333333333333333;0.5608386051018348;0.0005;0;0;0;0.5483052865151437;21
09/03/25 - 00:30 ;		 MultiViewCNN;1;3;11;22;0.4956205045023272;0.8709677419354839;0.5165937860165873;0.7741935483870968;0.9291666666666667;0.5475651593762605;0.0005;0;0;0;0.5165937860165873;22
09/03/25 - 00:31 ;		 MultiViewCNN;1;3;11;23;0.5098010109316918;0.7903225806451613;0.5220709020091642;0.7419354838709677;0.9125000000000001;0.5399168821661315;0.0005;0;0;0;0.5220709020091642;23
09/03/25 - 00:31 ;		 MultiViewCNN;1;3;11;24;0.4904693788097751;0.8709677419354839;0.5391635644820428;0.7096774193548387;0.85;0.5396908868609049;0.0005;1;0;0;0.5220709020091642;23
09/03/25 - 00:31 ;		 MultiViewCNN;1;3;11;25;0.5283816331817258;0.7258064516129032;0.500674266969004;0.8387096774193549;0.9375;0.5279859008933346;0.0005;0;0;0;0.500674266969004;25
09/03/25 - 00:31 ;		 MultiViewCNN;1;3;11;26;0.4607552453394859;0.8225806451612904;0.6286060944680245;0.5483870967741935;0.9625;0.5581719589657416;0.0005;1;0;0;0.500674266969004;25
09/03/25 - 00:31 ;		 MultiViewCNN;1;3;11;27;0.4454171792153389;0.8709677419354839;0.4756241181204396;0.7741935483870968;0.9291666666666667;0.5334076067121509;0.0005;2;0;0;0.500674266969004;25
09/03/25 - 00:31 ;		 MultiViewCNN;1;3;11;28;0.47957688473886056;0.8387096774193549;0.5624423036652226;0.7096774193548387;0.8958333333333333;0.5421180157980724;0.00025;3;1;0;0.500674266969004;25
09/03/25 - 00:31 ;		 MultiViewCNN;1;3;11;29;0.46120666880761424;0.7741935483870968;0.4540960192680359;0.9032258064516129;0.9375;0.5157114168390614;0.00025;0;0;0;0.4540960192680359;29
09/03/25 - 00:31 ;		 MultiViewCNN;1;3;12;0;0.6910080063727594;0.5483870967741935;0.6899254514325049;0.4838709677419355;0.7333333333333334;0.6899254514325049;0.0005;0;0;0;0.6899254514325049;0
09/03/25 - 00:31 ;		 MultiViewCNN;1;3;12;1;0.6831301373820151;0.5645161290322581;0.6843410191997406;0.7741935483870968;0.7583333333333333;0.6882501217626756;0.0005;1;0;0;0.6899254514325049;0
09/03/25 - 00:32 ;		 MultiViewCNN;1;3;12;2;0.678424467963557;0.5483870967741935;0.6741033734813813;0.7096774193548387;0.7375;0.6840060972782873;0.0005;0;0;0;0.6741033734813813;2
09/03/25 - 00:32 ;		 MultiViewCNN;1;3;12;3;0.6768221143753298;0.5967741935483871;0.6637733867091518;0.6774193548387096;0.8;0.6779362841075466;0.0005;0;0;0;0.6637733867091518;3
09/03/25 - 00:32 ;		 MultiViewCNN;1;3;12;4;0.6622125525628367;0.6451612903225806;0.654169088409793;0.6451612903225806;0.8166666666666667;0.6708061253982205;0.0005;0;0;0;0.654169088409793;4
09/03/25 - 00:32 ;		 MultiViewCNN;1;3;12;5;0.6518739827217594;0.6451612903225806;0.6441574961908402;0.6451612903225806;0.8125;0.6628115366360063;0.0005;0;0;0;0.6441574961908402;5
09/03/25 - 00:32 ;		 MultiViewCNN;1;3;12;6;0.6479343310479195;0.6612903225806451;0.6419770429211278;0.6451612903225806;0.8;0.6565611885215428;0.0005;0;0;0;0.6419770429211278;6
09/03/25 - 00:32 ;		 MultiViewCNN;1;3;12;7;0.644404568979817;0.6612903225806451;0.6241672625464778;0.6451612903225806;0.8125;0.6468430107290233;0.0005;0;0;0;0.6241672625464778;7
09/03/25 - 00:32 ;		 MultiViewCNN;1;3;12;8;0.6596078488134569;0.6290322580645161;0.6079454941134299;0.6774193548387096;0.8333333333333334;0.6351737557443453;0.0005;0;0;0;0.6079454941134299;8
09/03/25 - 00:32 ;		 MultiViewCNN;1;3;12;9;0.6232688792290226;0.6935483870967742;0.6043679070088172;0.7096774193548387;0.8416666666666667;0.6259320011236869;0.0005;0;0;0;0.6043679070088172;9
09/03/25 - 00:33 ;		 MultiViewCNN;1;3;12;10;0.6144299218731542;0.7258064516129032;0.6142718676597841;0.5806451612903226;0.8;0.622433961084516;0.0005;0;0;0;0.6142718676597841;10
09/03/25 - 00:33 ;		 MultiViewCNN;1;3;12;11;0.6167860146491758;0.6935483870967742;0.5801384429777822;0.7096774193548387;0.85;0.6097453056524959;0.0005;0;0;0;0.5801384429777822;11
09/03/25 - 00:33 ;		 MultiViewCNN;1;3;12;12;0.5774512848546428;0.8225806451612904;0.5708270640142502;0.7096774193548387;0.8458333333333333;0.5980698331610221;0.0005;0;0;0;0.5708270640142502;12
09/03/25 - 00:33 ;		 MultiViewCNN;1;3;12;13;0.5877119360431549;0.7258064516129032;0.5608591360430564;0.7741935483870968;0.8541666666666666;0.5869066240256324;0.0005;0;0;0;0.5608591360430564;13
09/03/25 - 00:33 ;		 MultiViewCNN;1;3;12;14;0.5628739826140865;0.7741935483870968;0.5594211182286662;0.7419354838709677;0.8958333333333334;0.5786609722865426;0.0005;0;0;0;0.5594211182286662;14
09/03/25 - 00:33 ;		 MultiViewCNN;1;3;12;15;0.5603897725382159;0.7903225806451613;0.5692944978514025;0.8064516129032258;0.8791666666666667;0.5758510299560005;0.0005;1;0;0;0.5594211182286662;14
09/03/25 - 00:33 ;		 MultiViewCNN;1;3;12;16;0.5574863303092218;0.7580645161290323;0.5622188919974912;0.7419354838709677;0.8916666666666666;0.5717613885684477;0.0005;0;0;0;0.5622188919974912;16
09/03/25 - 00:33 ;		 MultiViewCNN;1;3;12;17;0.5828899721945485;0.7903225806451613;0.56700825114404;0.7741935483870968;0.9083333333333333;0.5703354473411253;0.0005;1;0;0;0.5622188919974912;16
09/03/25 - 00:34 ;		 MultiViewCNN;1;3;12;18;0.5404310995532621;0.7741935483870968;0.5499616870957036;0.8064516129032258;0.9166666666666666;0.5642233192674988;0.0005;0;0;0;0.5499616870957036;18
09/03/25 - 00:34 ;		 MultiViewCNN;1;3;12;19;0.5305782652670338;0.7741935483870968;0.5332179550201662;0.7741935483870968;0.9166666666666667;0.554921709993299;0.0005;0;0;0;0.5332179550201662;19
09/03/25 - 00:34 ;		 MultiViewCNN;1;3;12;20;0.5176317018847312;0.7903225806451613;0.5391203193895279;0.7741935483870968;0.8791666666666667;0.5501812928121677;0.0005;0;0;0;0.5391203193895279;20
09/03/25 - 00:34 ;		 MultiViewCNN;1;3;12;21;0.5128019432867726;0.7741935483870968;0.5438550902951148;0.7419354838709677;0.9;0.5482834320570518;0.0005;1;0;0;0.5391203193895279;20
09/03/25 - 00:34 ;		 MultiViewCNN;1;3;12;22;0.5427156763692056;0.7741935483870968;0.5036672440267378;0.7741935483870968;0.9083333333333333;0.5348985756479576;0.0005;0;0;0;0.5036672440267378;22
09/03/25 - 00:34 ;		 MultiViewCNN;1;3;12;23;0.5268917006831015;0.7903225806451613;0.5726381242275238;0.5806451612903226;0.8666666666666666;0.5462204402218274;0.0005;1;0;0;0.5036672440267378;22
09/03/25 - 00:34 ;		 MultiViewCNN;1;3;12;24;0.4889207309292209;0.8064516129032258;0.48291437375930046;0.7741935483870968;0.8916666666666667;0.5272286202830693;0.0005;0;0;0;0.48291437375930046;24
09/03/25 - 00:34 ;		 MultiViewCNN;1;3;12;25;0.5026991598067745;0.7580645161290323;0.4859765931483238;0.7741935483870968;0.9;0.5148530121426456;0.0005;0;0;0;0.4859765931483238;25
09/03/25 - 00:35 ;		 MultiViewCNN;1;3;12;26;0.45859110547650245;0.8225806451612904;0.49300411151301476;0.7741935483870968;0.8875;0.5082983419537563;0.0005;0;0;0;0.49300411151301476;26
09/03/25 - 00:35 ;		 MultiViewCNN;1;3;12;27;0.42741202250603705;0.8225806451612904;0.5843983984762623;0.6451612903225806;0.9125000000000001;0.5311283589105081;0.0005;1;0;0;0.49300411151301476;26
09/03/25 - 00:35 ;		 MultiViewCNN;1;3;12;28;0.38800051423811144;0.8548387096774194;0.5080972948381978;0.7419354838709677;0.9125;0.524219039688815;0.0005;2;0;0;0.49300411151301476;26
09/03/25 - 00:35 ;		 MultiViewCNN;1;3;12;29;0.4017455510554775;0.8548387096774194;0.48596454147369633;0.7419354838709677;0.8916666666666667;0.5127426902242793;0.00025;3;1;0;0.49300411151301476;26
09/03/25 - 00:35 ;		 MultiViewCNN;1;3;13;0;0.6887281748556322;0.5483870967741935;0.6860113528466993;0.5483870967741935;0.7791666666666667;0.6860113528466993;0.0008;0;0;0;0.6860113528466993;0
09/03/25 - 00:35 ;		 MultiViewCNN;1;3;13;1;0.6756233880596776;0.5806451612903226;0.6692327395562203;0.6774193548387096;0.8291666666666666;0.6809777688595555;0.0008;0;0;0;0.6692327395562203;1
09/03/25 - 00:35 ;		 MultiViewCNN;1;3;13;2;0.6531805146125055;0.7419354838709677;0.6474891747197797;0.6774193548387096;0.8458333333333333;0.6709311906176227;0.0008;0;0;0;0.6474891747197797;2
09/03/25 - 00:35 ;		 MultiViewCNN;1;3;13;3;0.6230163997219454;0.7741935483870968;0.6327156213022047;0.6451612903225806;0.8208333333333333;0.6594665198229973;0.0008;0;0;0;0.6327156213022047;3
09/03/25 - 00:35 ;		 MultiViewCNN;1;3;13;4;0.6131877937624531;0.7096774193548387;0.6155583089397799;0.6774193548387096;0.8208333333333333;0.6462940565580321;0.0008;0;0;0;0.6155583089397799;4
09/03/25 - 00:36 ;		 MultiViewCNN;1;3;13;5;0.5830974867266994;0.8064516129032258;0.5699272299966505;0.7419354838709677;0.8875;0.6233840085896175;0.0008;0;0;0;0.5699272299966505;5
09/03/25 - 00:36 ;		 MultiViewCNN;1;3;13;6;0.5395199156576588;0.8387096774193549;0.5314755276326211;0.7419354838709677;0.9125000000000001;0.5958114643025185;0.0008;0;0;0;0.5314755276326211;6
09/03/25 - 00:36 ;		 MultiViewCNN;1;3;13;7;0.5424311237950479;0.7741935483870968;0.521432718923015;0.8387096774193549;0.9666666666666667;0.5734978406886675;0.0008;0;0;0;0.521432718923015;7
09/03/25 - 00:36 ;		 MultiViewCNN;1;3;13;8;0.5038012804523591;0.7903225806451613;0.49328120677701887;0.7419354838709677;0.925;0.5494328505151729;0.0008;0;0;0;0.49328120677701887;8
09/03/25 - 00:36 ;		 MultiViewCNN;1;3;13;9;0.4582513532330913;0.8225806451612904;0.489443548264042;0.8387096774193549;0.9291666666666667;0.5314360598398336;0.0008;0;0;0;0.489443548264042;9
09/03/25 - 00:36 ;		 MultiViewCNN;1;3;13;10;0.43043189664040843;0.8387096774193549;0.6591395158921519;0.5806451612903226;0.9291666666666667;0.569747096655529;0.0008;1;0;0;0.489443548264042;9
09/03/25 - 00:36 ;		 MultiViewCNN;1;3;13;11;0.4316638035158957;0.8548387096774194;0.44405544092578275;0.8064516129032258;0.9625;0.5320395999366051;0.0008;2;0;0;0.489443548264042;9
09/03/25 - 00:36 ;		 MultiViewCNN;1;3;13;12;0.3989604990328512;0.8548387096774194;0.478337783967295;0.8387096774193549;0.9500000000000001;0.515929055145812;0.0008;0;0;0;0.478337783967295;12
09/03/25 - 00:37 ;		 MultiViewCNN;1;3;13;13;0.41295107045481283;0.8548387096774194;0.4044683143015831;0.8387096774193549;0.9541666666666667;0.48249083289254324;0.0008;0;0;0;0.4044683143015831;13
09/03/25 - 00:37 ;		 MultiViewCNN;1;3;13;14;0.3488028342685392;0.8709677419354839;0.6825678665791789;0.5806451612903226;0.9125;0.542513942998534;0.0008;1;0;0;0.4044683143015831;13
09/03/25 - 00:37 ;		 MultiViewCNN;1;3;13;15;0.34869145770226756;0.8387096774193549;0.5257337948968334;0.7096774193548387;0.9125000000000001;0.5374798985680237;0.0008;2;0;0;0.4044683143015831;13
09/03/25 - 00:37 ;		 MultiViewCNN;1;3;13;16;0.26937412446545017;0.9193548387096774;0.3594723348656008;0.8709677419354839;0.925;0.48407762945729677;0.0004;3;1;0;0.4044683143015831;13
09/03/25 - 00:37 ;		 MultiViewCNN;1;3;13;17;0.2470788494233162;0.967741935483871;0.3640668733466056;0.8709677419354839;0.9416666666666667;0.4480744026240894;0.0004;0;0;0;0.3640668733466056;17
09/03/25 - 00:37 ;		 MultiViewCNN;1;3;13;18;0.2475890988303769;0.9032258064516129;0.37093877984631446;0.8387096774193549;0.9500000000000001;0.4249337157907569;0.0004;0;0;0;0.37093877984631446;18
09/03/25 - 00:37 ;		 MultiViewCNN;1;3;13;19;0.2307563428917239;0.9193548387096774;0.42320690520348087;0.7741935483870968;0.8958333333333334;0.424415672614574;0.0004;1;0;0;0.37093877984631446;18
09/03/25 - 00:37 ;		 MultiViewCNN;1;3;13;20;0.30559320795920586;0.8870967741935484;0.34846726588664517;0.8709677419354839;0.9583333333333335;0.40163115059619536;0.0004;0;0;0;0.34846726588664517;20
09/03/25 - 00:37 ;		 MultiViewCNN;1;3;13;21;0.26245006149814976;0.9032258064516129;0.3437858228721926;0.8387096774193549;0.95;0.3842775522789945;0.0004;0;0;0;0.3437858228721926;21
09/03/25 - 00:38 ;		 MultiViewCNN;1;3;13;22;0.27240143860540084;0.9032258064516129;0.33425979556575897;0.8387096774193549;0.9500000000000001;0.3692722252650238;0.0004;0;0;0;0.33425979556575897;22
09/03/25 - 00:38 ;		 MultiViewCNN;1;3;13;23;0.32766465842723846;0.8709677419354839;0.4113895720051181;0.8064516129032258;0.9291666666666667;0.38190742928705207;0.0004;1;0;0;0.33425979556575897;22
09/03/25 - 00:38 ;		 MultiViewCNN;1;3;13;24;0.21975042983408896;0.9354838709677419;0.39837226752311955;0.8064516129032258;0.925;0.3868468807578723;0.0004;2;0;0;0.33425979556575897;22
09/03/25 - 00:38 ;		 MultiViewCNN;1;3;13;25;0.1868704105577161;0.967741935483871;0.5583164076651296;0.6774193548387096;0.9375;0.43828773883004946;0.0002;3;1;0;0.33425979556575897;22
09/03/25 - 00:38 ;		 MultiViewCNN;1;3;13;26;0.17701851792873874;0.967741935483871;0.49127655884911936;0.7419354838709677;0.9333333333333333;0.4541843848357704;0.0002;4;0;0;0.33425979556575897;22
09/03/25 - 00:38 ;		 MultiViewCNN;1;3;13;27;0.25666882241925887;0.9032258064516129;0.3353582029381106;0.8387096774193549;0.9541666666666666;0.4185365302664724;0.0002;5;0;1;0.33425979556575897;22
09/03/25 - 00:38 ;		 MultiViewCNN;1;3;14;0;0.7014233873736474;0.45161290322580644;0.6901879502880958;0.6129032258064516;0.7875000000000001;0.6901879502880958;0.0008;0;0;0;0.6901879502880958;0
09/03/25 - 00:38 ;		 MultiViewCNN;1;3;14;1;0.6665119855634628;0.6290322580645161;0.6751266237228147;0.5483870967741935;0.8625;0.6856695523185115;0.0008;0;0;0;0.6751266237228147;1
09/03/25 - 00:39 ;		 MultiViewCNN;1;3;14;2;0.6572400562224849;0.6935483870967742;0.6554152734817997;0.6774193548387096;0.825;0.6765932686674979;0.0008;0;0;0;0.6554152734817997;2
09/03/25 - 00:39 ;		 MultiViewCNN;1;3;14;3;0.647691753602797;0.7419354838709677;0.6450346823661558;0.5483870967741935;0.8166666666666667;0.6671256927770952;0.0008;0;0;0;0.6450346823661558;3
09/03/25 - 00:39 ;		 MultiViewCNN;1;3;14;4;0.6258796645749;0.7258064516129032;0.6319289861186859;0.5806451612903226;0.8083333333333333;0.6565666807795724;0.0008;0;0;0;0.6319289861186859;4
09/03/25 - 00:39 ;		 MultiViewCNN;1;3;14;5;0.6347531887792772;0.6935483870967742;0.6053717444019933;0.6451612903225806;0.8500000000000001;0.6412081998662986;0.0008;0;0;0;0.6053717444019933;5
09/03/25 - 00:39 ;		 MultiViewCNN;1;3;14;6;0.5954364922738844;0.7580645161290323;0.5903577054700544;0.6451612903225806;0.8708333333333333;0.6259530515474253;0.0008;0;0;0;0.5903577054700544;6
09/03/25 - 00:39 ;		 MultiViewCNN;1;3;14;7;0.5729626647887691;0.7258064516129032;0.5889476210840286;0.6774193548387096;0.8416666666666667;0.6148514224084063;0.0008;0;0;0;0.5889476210840286;7
09/03/25 - 00:39 ;		 MultiViewCNN;1;3;14;8;0.5467073417478993;0.8064516129032258;0.5553986535918328;0.6774193548387096;0.8708333333333333;0.5970155917634342;0.0008;0;0;0;0.5553986535918328;8
09/03/25 - 00:39 ;		 MultiViewCNN;1;3;14;9;0.5321602907872969;0.7741935483870968;0.6205073095137074;0.5806451612903226;0.9041666666666667;0.6040631070885161;0.0008;1;0;0;0.5553986535918328;8
09/03/25 - 00:39 ;		 MultiViewCNN;1;3;14;10;0.4997661892444857;0.8387096774193549;0.5242840474651705;0.8709677419354839;0.8916666666666667;0.5801293892015125;0.0008;0;0;0;0.5242840474651705;10
09/03/25 - 00:40 ;		 MultiViewCNN;1;3;14;11;0.46968297804555587;0.7903225806451613;0.5163865685462952;0.6451612903225806;0.8833333333333333;0.5610065430049472;0.0008;0;0;0;0.5163865685462952;11
09/03/25 - 00:40 ;		 MultiViewCNN;1;3;14;12;0.5044240586219295;0.7741935483870968;0.5294589996337891;0.7096774193548387;0.8833333333333333;0.5515422799935997;0.0008;0;0;0;0.5294589996337891;12
09/03/25 - 00:40 ;		 MultiViewCNN;1;3;14;13;0.4150392211252643;0.8870967741935484;0.5181904781249261;0.7741935483870968;0.8624999999999999;0.5415367394329976;0.0008;0;0;0;0.5181904781249261;13
09/03/25 - 00:40 ;		 MultiViewCNN;1;3;14;14;0.402458208222543;0.8064516129032258;0.6466185854327294;0.6774193548387096;0.875;0.5730612932329171;0.0008;1;0;0;0.5181904781249261;13
09/03/25 - 00:40 ;		 MultiViewCNN;1;3;14;15;0.36636642486818377;0.8387096774193549;0.7121666400663315;0.6451612903225806;0.8583333333333334;0.6147928972829414;0.0008;2;0;0;0.5181904781249261;13
09/03/25 - 00:40 ;		 MultiViewCNN;1;3;14;16;0.2902843740678603;0.9193548387096774;0.5101393605432203;0.6774193548387096;0.875;0.5833968362610251;0.0004;3;1;0;0.5181904781249261;13
09/03/25 - 00:40 ;		 MultiViewCNN;1;3;14;17;0.30491010988912276;0.9354838709677419;0.7006235180362579;0.5806451612903226;0.8708333333333333;0.618564840793595;0.0004;4;0;0;0.5181904781249261;13
09/03/25 - 00:40 ;		 MultiViewCNN;1;3;14;18;0.353222087506325;0.8709677419354839;0.45491398342194095;0.8064516129032258;0.8833333333333333;0.5694695835820988;0.0004;5;0;1;0.5181904781249261;13
09/03/25 - 00:41 ;		 MultiViewCNN;1;3;15;0;0.7023602185710784;0.43548387096774194;0.6910970268710968;0.5806451612903226;0.7416666666666667;0.6910970268710968;0.0008;0;0;0;0.6910970268710968;0
09/03/25 - 00:41 ;		 MultiViewCNN;1;3;15;1;0.6720154016248642;0.6129032258064516;0.680403515215843;0.5483870967741935;0.7916666666666667;0.6878889733745206;0.0008;0;0;0;0.680403515215843;1
09/03/25 - 00:41 ;		 MultiViewCNN;1;3;15;2;0.6708173847967579;0.5645161290322581;0.6683243705380347;0.5483870967741935;0.8083333333333333;0.6820195925235748;0.0008;0;0;0;0.6683243705380347;2
09/03/25 - 00:41 ;		 MultiViewCNN;1;3;15;3;0.6550888476833221;0.7096774193548387;0.6539764654251837;0.6451612903225806;0.8;0.6736066543940574;0.0008;0;0;0;0.6539764654251837;3
09/03/25 - 00:41 ;		 MultiViewCNN;1;3;15;4;0.6484832013806989;0.6774193548387096;0.6450920624117698;0.6129032258064516;0.7875;0.6650522767993711;0.0008;0;0;0;0.6450920624117698;4
09/03/25 - 00:41 ;		 MultiViewCNN;1;3;15;5;0.6215528903468963;0.7419354838709677;0.6231000827204797;0.6451612903225806;0.7833333333333333;0.6524666185757035;0.0008;0;0;0;0.6231000827204797;5
09/03/25 - 00:41 ;		 MultiViewCNN;1;3;15;6;0.607483442752592;0.7580645161290323;0.6033385405617375;0.7096774193548387;0.8125;0.6377281951715137;0.0008;0;0;0;0.6033385405617375;6
09/03/25 - 00:41 ;		 MultiViewCNN;1;3;15;7;0.6248247642670909;0.6612903225806451;0.6004133791692795;0.6774193548387096;0.8083333333333333;0.6265337503708435;0.0008;0;0;0;0.6004133791692795;7
09/03/25 - 00:41 ;		 MultiViewCNN;1;3;15;8;0.5894895907371275;0.7419354838709677;0.5770203278910729;0.7419354838709677;0.8333333333333334;0.6116797236269123;0.0008;0;0;0;0.5770203278910729;8
09/03/25 - 00:42 ;		 MultiViewCNN;1;3;15;9;0.5868727170651958;0.7419354838709677;0.5860692666422936;0.7419354838709677;0.925;0.6039965865315267;0.0008;0;0;0;0.5860692666422936;9
09/03/25 - 00:42 ;		 MultiViewCNN;1;3;15;10;0.5795134882773122;0.7580645161290323;0.5739494831331314;0.8709677419354839;0.9291666666666668;0.5949824555120081;0.0008;0;0;0;0.5739494831331314;10
09/03/25 - 00:42 ;		 MultiViewCNN;1;3;15;11;0.5489504106583134;0.7419354838709677;0.5647664022061133;0.7096774193548387;0.8708333333333333;0.5859176395202397;0.0008;0;0;0;0.5647664022061133;11
09/03/25 - 00:42 ;		 MultiViewCNN;1;3;15;12;0.5061849586425289;0.8064516129032258;0.5104785311606622;0.7741935483870968;0.8958333333333334;0.5632859070123664;0.0008;0;0;0;0.5104785311606622;12
09/03/25 - 00:42 ;		 MultiViewCNN;1;3;15;13;0.5104385056803303;0.7741935483870968;0.6125516929934102;0.5483870967741935;0.9375000000000001;0.5780656428066795;0.0008;1;0;0;0.5104785311606622;12
09/03/25 - 00:42 ;		 MultiViewCNN;1;3;15;14;0.4846685749869193;0.8064516129032258;0.5228117723618785;0.7419354838709677;0.8833333333333333;0.5614894816732392;0.0008;0;0;0;0.5228117723618785;14
09/03/25 - 00:42 ;		 MultiViewCNN;1;3;15;15;0.42657629136116276;0.8548387096774194;0.4765516154227718;0.8709677419354839;0.9500000000000001;0.536008121798099;0.0008;0;0;0;0.4765516154227718;15
09/03/25 - 00:42 ;		 MultiViewCNN;1;3;15;16;0.426908343069015;0.8548387096774194;0.6224502036648412;0.6129032258064516;0.9208333333333334;0.5619407463581216;0.0008;1;0;0;0.4765516154227718;15
09/03/25 - 00:43 ;		 MultiViewCNN;1;3;15;17;0.36956168759253716;0.8870967741935484;0.45566775914161434;0.8064516129032258;0.9291666666666667;0.5300588501931695;0.0008;0;0;0;0.45566775914161434;17
09/03/25 - 00:43 ;		 MultiViewCNN;1;3;15;18;0.3845793249145631;0.8870967741935484;0.4478974097198056;0.8064516129032258;0.9291666666666667;0.5054104180511603;0.0008;0;0;0;0.4478974097198056;18
09/03/25 - 00:43 ;		 MultiViewCNN;1;3;15;19;0.3205078080777199;0.8709677419354839;0.501572762766192;0.7419354838709677;0.9708333333333334;0.5042591214656698;0.0008;1;0;0;0.4478974097198056;18
09/03/25 - 00:43 ;		 MultiViewCNN;1;3;15;20;0.32669515090603984;0.9193548387096774;0.4693427263729034;0.7741935483870968;0.9083333333333333;0.49378420293783987;0.0008;0;0;0;0.4693427263729034;20
09/03/25 - 00:43 ;		 MultiViewCNN;1;3;15;21;0.3810504001955832;0.8548387096774194;0.5515258139179599;0.6774193548387096;0.9458333333333334;0.5111066862318758;0.0008;1;0;0;0.4693427263729034;20
09/03/25 - 00:43 ;		 MultiViewCNN;1;3;15;22;0.2674664033036078;0.9354838709677419;0.6155665324580285;0.5806451612903226;0.9541666666666667;0.5424446400997216;0.0008;2;0;0;0.4693427263729034;20
09/03/25 - 00:43 ;		 MultiViewCNN;1;3;15;23;0.25984447233138547;0.9354838709677419;0.3794858311453173;0.8709677419354839;0.9541666666666667;0.4935569974134003;0.0004;3;1;0;0.4693427263729034;20
09/03/25 - 00:43 ;		 MultiViewCNN;1;3;15;24;0.2665339208418323;0.9032258064516129;0.32939209765003574;0.8709677419354839;0.9583333333333334;0.4443075274843909;0.0004;0;0;0;0.32939209765003574;24
09/03/25 - 00:44 ;		 MultiViewCNN;1;3;15;25;0.266812224541941;0.9516129032258065;0.41809288340230144;0.7419354838709677;0.9416666666666667;0.43644313425976405;0.0004;0;0;0;0.41809288340230144;25
09/03/25 - 00:44 ;		 MultiViewCNN;1;3;15;26;0.24203885370685208;0.9516129032258065;0.3514405431285981;0.8709677419354839;0.9541666666666667;0.41094235692041425;0.0004;0;0;0;0.3514405431285981;26
09/03/25 - 00:44 ;		 MultiViewCNN;1;3;15;27;0.22594843083812344;0.967741935483871;0.3609631734509622;0.8064516129032258;0.9375;0.3959486018795786;0.0004;0;0;0;0.3609631734509622;27
09/03/25 - 00:44 ;		 MultiViewCNN;1;3;15;28;0.2571520786131582;0.8870967741935484;0.4032701705732653;0.7741935483870968;0.9166666666666667;0.3981450724876846;0.0004;1;0;0;0.3609631734509622;27
09/03/25 - 00:44 ;		 MultiViewCNN;1;3;15;29;0.23824645723066024;0.9193548387096774;0.3520481797956651;0.8387096774193549;0.9625;0.38431600468007876;0.0004;0;0;0;0.3520481797956651;29
09/03/25 - 00:44 ;		 MultiViewCNN;1;3;16;0;0.6975590567434987;0.43548387096774194;0.6887069152247521;0.6129032258064516;0.6916666666666667;0.6887069152247521;0.0008;0;0;0;0.6887069152247521;0
09/03/25 - 00:44 ;		 MultiViewCNN;1;3;16;1;0.6806186187651849;0.5483870967741935;0.6738409592259315;0.5161290322580645;0.7875000000000001;0.6842471284251059;0.0008;0;0;0;0.6738409592259315;1
09/03/25 - 00:44 ;		 MultiViewCNN;1;3;16;2;0.6574465228665259;0.6290322580645161;0.6594821310812428;0.5806451612903226;0.7625;0.676817629221947;0.0008;0;0;0;0.6594821310812428;2
09/03/25 - 00:44 ;		 MultiViewCNN;1;3;16;3;0.6582019521344092;0.6129032258064516;0.6492781293007636;0.5806451612903226;0.7416666666666667;0.668555779245592;0.0008;0;0;0;0.6492781293007636;3
09/03/25 - 00:45 ;		 MultiViewCNN;1;3;16;4;0.6399996203760947;0.6290322580645161;0.6358133554458618;0.6129032258064516;0.7416666666666667;0.6587330521056729;0.0008;0;0;0;0.6358133554458618;4
09/03/25 - 00:45 ;		 MultiViewCNN;1;3;16;5;0.6205240065051664;0.7258064516129032;0.6199391138169074;0.6129032258064516;0.7833333333333333;0.6470948706190432;0.0008;0;0;0;0.6199391138169074;5
09/03/25 - 00:45 ;		 MultiViewCNN;1;3;16;6;0.6313500327448691;0.6935483870967742;0.6150961345241915;0.6451612903225806;0.8083333333333333;0.6374952497905877;0.0008;0;0;0;0.6150961345241915;6
09/03/25 - 00:45 ;		 MultiViewCNN;1;3;16;7;0.613795118947183;0.6774193548387096;0.6302841671051518;0.5483870967741935;0.7833333333333333;0.6353319249849569;0.0008;0;0;0;0.6302841671051518;7
09/03/25 - 00:45 ;		 MultiViewCNN;1;3;16;8;0.6139576242816064;0.6290322580645161;0.6014187162922274;0.6129032258064516;0.8;0.625157962377138;0.0008;0;0;0;0.6014187162922274;8
09/03/25 - 00:45 ;		 MultiViewCNN;1;3;16;9;0.5982636270984527;0.6935483870967742;0.5953656934922741;0.6774193548387096;0.8166666666666667;0.6162202817116789;0.0008;0;0;0;0.5953656934922741;9
09/03/25 - 00:45 ;		 MultiViewCNN;1;3;16;10;0.573558715081984;0.7419354838709677;0.5882435652517504;0.6451612903225806;0.8125;0.6078272667737004;0.0008;0;0;0;0.5882435652517504;10
09/03/25 - 00:45 ;		 MultiViewCNN;1;3;16;11;0.5644024110609486;0.7903225806451613;0.5770095490640209;0.7419354838709677;0.8125;0.5985819514607965;0.0008;0;0;0;0.5770095490640209;11
09/03/25 - 00:46 ;		 MultiViewCNN;1;3;16;12;0.5258605903194796;0.8225806451612904;0.5480769363141829;0.7419354838709677;0.8708333333333333;0.5834304469168125;0.0008;0;0;0;0.5480769363141829;12
09/03/25 - 00:46 ;		 MultiViewCNN;1;3;16;13;0.520308110983141;0.8064516129032258;0.536885202892365;0.7096774193548387;0.8541666666666666;0.5694668737094781;0.0008;0;0;0;0.536885202892365;13
09/03/25 - 00:46 ;		 MultiViewCNN;1;3;16;14;0.5104871449931976;0.7741935483870968;0.5176198001830808;0.7419354838709677;0.8458333333333333;0.553912751651559;0.0008;0;0;0;0.5176198001830808;14
09/03/25 - 00:46 ;		 MultiViewCNN;1;3;16;15;0.4986855829915693;0.8225806451612904;0.5154002587641439;0.8709677419354839;0.8833333333333333;0.5423590037853344;0.0008;0;0;0;0.5154002587641439;15
09/03/25 - 00:46 ;		 MultiViewCNN;1;3;16;16;0.45192007864675215;0.8225806451612904;0.5159573728038419;0.8387096774193549;0.85;0.5344385144908866;0.0008;0;0;0;0.5159573728038419;16
09/03/25 - 00:46 ;		 MultiViewCNN;1;3;16;17;0.4837555471927889;0.7903225806451613;0.5051440731171639;0.8064516129032258;0.8666666666666666;0.5256501820787698;0.0008;0;0;0;0.5051440731171639;17
09/03/25 - 00:46 ;		 MultiViewCNN;1;3;16;18;0.4220516662443838;0.8387096774193549;0.4935958423922139;0.7741935483870968;0.8666666666666667;0.5160338801728029;0.0008;0;0;0;0.4935958423922139;18
09/03/25 - 00:46 ;		 MultiViewCNN;1;3;16;19;0.40275752063720455;0.8387096774193549;0.5005538559729054;0.7096774193548387;0.8583333333333334;0.5113898729128337;0.0008;0;0;0;0.5005538559729054;19
09/03/25 - 00:46 ;		 MultiViewCNN;1;3;16;20;0.4069519408287541;0.8709677419354839;0.9804737144900907;0.5161290322580645;0.9083333333333333;0.6521150253860107;0.0008;1;0;0;0.5005538559729054;19
09/03/25 - 00:47 ;		 MultiViewCNN;1;3;16;21;0.3676776462985623;0.8387096774193549;0.9733577409098225;0.5483870967741935;0.8166666666666668;0.7484878400431543;0.0008;2;0;0;0.5005538559729054;19
09/03/25 - 00:47 ;		 MultiViewCNN;1;3;16;22;0.334069364493893;0.8709677419354839;0.6161216747376227;0.6451612903225806;0.8375;0.7087779904514948;0.0004;3;1;0;0.5005538559729054;19
09/03/25 - 00:47 ;		 MultiViewCNN;1;3;16;23;0.287505742522978;0.9193548387096774;0.4774400947555419;0.7419354838709677;0.8541666666666667;0.6393766217427088;0.0004;4;0;0;0.5005538559729054;19
09/03/25 - 00:47 ;		 MultiViewCNN;1;3;16;24;0.2934509967603991;0.9193548387096774;0.5443435676636235;0.7096774193548387;0.8583333333333334;0.6108667055189831;0.0004;5;0;1;0.5005538559729054;19
09/03/25 - 00:47 ;		 MultiViewCNN;1;3;17;0;0.7001467616327347;0.46774193548387094;0.6937068989199977;0.4838709677419355;0.6708333333333334;0.6937068989199977;0.0008;0;0;0;0.6937068989199977;0
09/03/25 - 00:47 ;		 MultiViewCNN;1;3;17;1;0.6887519436497842;0.532258064516129;0.6835506596872883;0.7741935483870968;0.8333333333333334;0.6906600271501848;0.0008;0;0;0;0.6835506596872883;1
09/03/25 - 00:47 ;		 MultiViewCNN;1;3;17;2;0.6759619059101227;0.6290322580645161;0.6733988888802067;0.5483870967741935;0.775;0.6854816856691914;0.0008;0;0;0;0.6733988888802067;2
09/03/25 - 00:47 ;		 MultiViewCNN;1;3;17;3;0.6727399864504414;0.5806451612903226;0.6624446876587406;0.5483870967741935;0.7875;0.6785705862660562;0.0008;0;0;0;0.6624446876587406;3
09/03/25 - 00:48 ;		 MultiViewCNN;1;3;17;4;0.631741093051049;0.6935483870967742;0.6535487982534594;0.6129032258064516;0.7666666666666667;0.6710640498622771;0.0008;0;0;0;0.6535487982534594;4
09/03/25 - 00:48 ;		 MultiViewCNN;1;3;17;5;0.6059687599059074;0.7419354838709677;0.6580566879241697;0.5806451612903226;0.75;0.6671618412808449;0.0008;0;0;0;0.6580566879241697;5
09/03/25 - 00:48 ;		 MultiViewCNN;1;3;17;6;0.597177061342424;0.6935483870967742;0.6234627577566332;0.6451612903225806;0.775;0.6540521162235813;0.0008;0;0;0;0.6234627577566332;6
09/03/25 - 00:48 ;		 MultiViewCNN;1;3;17;7;0.5857655963590068;0.7741935483870968;0.5709465049928234;0.7419354838709677;0.8625;0.6291204328543538;0.0008;0;0;0;0.5709465049928234;7
09/03/25 - 00:48 ;		 MultiViewCNN;1;3;17;8;0.6089372884842658;0.7419354838709677;0.5704898468909725;0.7419354838709677;0.8708333333333333;0.6115312570653394;0.0008;0;0;0;0.5704898468909725;8
09/03/25 - 00:48 ;		 MultiViewCNN;1;3;17;9;0.5619879807195356;0.7903225806451613;0.5497695092231997;0.8387096774193549;0.9458333333333333;0.5930027327126974;0.0008;0;0;0;0.5497695092231997;9
09/03/25 - 00:48 ;		 MultiViewCNN;1;3;17;10;0.554001961984942;0.7258064516129032;0.5421879752989738;0.7741935483870968;0.9458333333333334;0.5777583054885803;0.0008;0;0;0;0.5421879752989738;10
09/03/25 - 00:48 ;		 MultiViewCNN;1;3;17;11;0.47417164617969143;0.8709677419354839;0.5114654408347222;0.8387096774193549;0.9333333333333333;0.5578704460924229;0.0008;0;0;0;0.5114654408347222;11
09/03/25 - 00:49 ;		 MultiViewCNN;1;3;17;12;0.48946289477809785;0.8064516129032258;0.5164052757524675;0.8064516129032258;0.9083333333333333;0.5454308949904363;0.0008;0;0;0;0.5164052757524675;12
09/03/25 - 00:49 ;		 MultiViewCNN;1;3;17;13;0.4408896892301498;0.8548387096774194;0.48147847190979987;0.8387096774193549;0.9208333333333333;0.5262451680662453;0.0008;0;0;0;0.48147847190979987;13
09/03/25 - 00:49 ;		 MultiViewCNN;1;3;17;14;0.4249385902958532;0.8870967741935484;0.4904150078373571;0.8387096774193549;0.8958333333333334;0.5154961199975788;0.0008;0;0;0;0.4904150078373571;14
09/03/25 - 00:49 ;		 MultiViewCNN;1;3;17;15;0.4373422053552443;0.8225806451612904;0.5167726297532359;0.6774193548387096;0.875;0.5158790729242759;0.0008;1;0;0;0.4904150078373571;14
09/03/25 - 00:49 ;		 MultiViewCNN;1;3;17;16;0.3603329855588175;0.9193548387096774;0.580056700014299;0.6451612903225806;0.9458333333333334;0.5351323610512828;0.0008;2;0;0;0.4904150078373571;14
09/03/25 - 00:49 ;		 MultiViewCNN;1;3;17;17;0.43707513424658007;0.8064516129032258;0.48742051662937286;0.8064516129032258;0.9333333333333333;0.5208188077247098;0.0004;3;1;0;0.4904150078373571;14
09/03/25 - 00:49 ;		 MultiViewCNN;1;3;17;18;0.3322542694307143;0.8870967741935484;0.4160388631205405;0.8387096774193549;0.9208333333333334;0.489384824343459;0.0004;0;0;0;0.4160388631205405;18
09/03/25 - 00:49 ;		 MultiViewCNN;1;3;17;19;0.3655066413264121;0.8870967741935484;0.4402629098584575;0.8064516129032258;0.9166666666666666;0.4746482499979585;0.0004;0;0;0;0.4402629098584575;19
09/03/25 - 00:49 ;		 MultiViewCNN;1;3;17;20;0.32879779800291986;0.9032258064516129;0.48340529395687964;0.8064516129032258;0.9;0.47727536318563485;0.0004;1;0;0;0.4402629098584575;19
09/03/25 - 00:50 ;		 MultiViewCNN;1;3;17;21;0.30172278804163777;0.9354838709677419;0.4672009954529424;0.7741935483870968;0.8958333333333334;0.4742530528658271;0.0004;2;0;0;0.4402629098584575;19
09/03/25 - 00:50 ;		 MultiViewCNN;1;3;17;22;0.2721448891585873;0.9354838709677419;0.42624795340722604;0.8064516129032258;0.9041666666666667;0.4598515230282467;0.0004;0;0;0;0.42624795340722604;22
09/03/25 - 00:50 ;		 MultiViewCNN;1;3;17;23;0.33993992497844083;0.8709677419354839;0.40389347268689063;0.8387096774193549;0.9041666666666667;0.44306410792583983;0.0004;0;0;0;0.40389347268689063;23
09/03/25 - 00:50 ;		 MultiViewCNN;1;3;17;24;0.29976400829130606;0.8548387096774194;0.3959804715648774;0.8387096774193549;0.9291666666666667;0.42893901701755105;0.0004;0;0;0;0.3959804715648774;24
09/03/25 - 00:50 ;		 MultiViewCNN;1;3;17;25;0.26205955013152094;0.9354838709677419;0.434843300811706;0.8064516129032258;0.9375;0.43071030215579753;0.0004;1;0;0;0.3959804715648774;24
09/03/25 - 00:50 ;		 MultiViewCNN;1;3;17;26;0.24669628998925608;0.9193548387096774;0.42330520479909833;0.8387096774193549;0.9166666666666667;0.42848877294878773;0.0004;2;0;0;0.3959804715648774;24
09/03/25 - 00:50 ;		 MultiViewCNN;1;3;17;27;0.28405097703779897;0.9193548387096774;0.36325715241893647;0.8387096774193549;0.9333333333333333;0.40891928678983236;0.0004;0;0;0;0.36325715241893647;27
09/03/25 - 00:50 ;		 MultiViewCNN;1;3;17;28;0.2912536926807896;0.8548387096774194;0.36889306191475163;0.8064516129032258;0.9333333333333333;0.3969114193273081;0.0004;0;0;0;0.36889306191475163;28
09/03/25 - 00:50 ;		 MultiViewCNN;1;3;17;29;0.21421180905834322;0.967741935483871;0.3966210263390695;0.8387096774193549;0.9291666666666667;0.39682430143083647;0.0004;1;0;0;0.36889306191475163;28
09/03/25 - 00:51 ;		 MultiViewCNN;1;3;18;0;0.703467684407388;0.45161290322580644;0.6891492374481694;0.5161290322580645;0.7208333333333334;0.6891492374481694;0.0008;0;0;0;0.6891492374481694;0
09/03/25 - 00:51 ;		 MultiViewCNN;1;3;18;1;0.6705351356537111;0.7096774193548387;0.6777017308819678;0.5483870967741935;0.7666666666666666;0.6857149854783089;0.0008;0;0;0;0.6777017308819678;1
09/03/25 - 00:51 ;		 MultiViewCNN;1;3;18;2;0.6687000874550112;0.6290322580645161;0.6656241051612362;0.5806451612903226;0.7458333333333333;0.679687721383187;0.0008;0;0;0;0.6656241051612362;2
09/03/25 - 00:51 ;		 MultiViewCNN;1;3;18;3;0.6697799659544422;0.6451612903225806;0.653147034106716;0.6451612903225806;0.7625;0.6717255152002457;0.0008;0;0;0;0.653147034106716;3
09/03/25 - 00:51 ;		 MultiViewCNN;1;3;18;4;0.6591876937497047;0.6129032258064516;0.6404265376829332;0.6451612903225806;0.7708333333333333;0.6623358219450519;0.0008;0;0;0;0.6404265376829332;4
09/03/25 - 00:51 ;		 MultiViewCNN;1;3;18;5;0.6486083999756844;0.6451612903225806;0.6318652956716476;0.7096774193548387;0.7916666666666666;0.6531946640630306;0.0008;0;0;0;0.6318652956716476;5
09/03/25 - 00:51 ;		 MultiViewCNN;1;3;18;6;0.641676245197173;0.6451612903225806;0.6295673385743172;0.6451612903225806;0.7791666666666666;0.6461064664164166;0.0008;0;0;0;0.6295673385743172;6
09/03/25 - 00:51 ;		 MultiViewCNN;1;3;18;7;0.630451375438321;0.6612903225806451;0.6143094060882446;0.6774193548387096;0.7916666666666666;0.6365673483179649;0.0008;0;0;0;0.6143094060882446;7
09/03/25 - 00:52 ;		 MultiViewCNN;1;3;18;8;0.6120467339792559;0.6935483870967742;0.6001667572605994;0.7419354838709677;0.8083333333333333;0.6256471710007553;0.0008;0;0;0;0.6001667572605994;8
09/03/25 - 00:52 ;		 MultiViewCNN;1;3;18;9;0.5941220637290708;0.8225806451612904;0.5912887877033602;0.7096774193548387;0.8666666666666666;0.6153396560115367;0.0008;0;0;0;0.5912887877033602;9
09/03/25 - 00:52 ;		 MultiViewCNN;1;3;18;10;0.5801193675687236;0.7419354838709677;0.5840848530492475;0.7419354838709677;0.85;0.6059632151228499;0.0008;0;0;0;0.5840848530492475;10
09/03/25 - 00:52 ;		 MultiViewCNN;1;3;18;11;0.5508478629973627;0.8548387096774194;0.5585081250436844;0.7096774193548387;0.85;0.5917266880991002;0.0008;0;0;0;0.5585081250436844;11
09/03/25 - 00:52 ;		 MultiViewCNN;1;3;18;12;0.5630361034024146;0.8225806451612904;0.5565725391910922;0.6774193548387096;0.8166666666666667;0.5811804434266978;0.0008;0;0;0;0.5565725391910922;12
09/03/25 - 00:52 ;		 MultiViewCNN;1;3;18;13;0.5645198418248084;0.7580645161290323;0.536209749598657;0.7096774193548387;0.8583333333333333;0.5676892352782855;0.0008;0;0;0;0.536209749598657;13
09/03/25 - 00:52 ;		 MultiViewCNN;1;3;18;14;0.5178177222128837;0.8387096774193549;0.5380495113711203;0.8387096774193549;0.9291666666666667;0.5587973181061359;0.0008;0;0;0;0.5380495113711203;14
09/03/25 - 00:52 ;		 MultiViewCNN;1;3;18;15;0.47536461968575755;0.8548387096774194;0.5711064396365997;0.6774193548387096;0.8791666666666667;0.5624900545652749;0.0008;1;0;0;0.5380495113711203;14
09/03/25 - 00:52 ;		 MultiViewCNN;1;3;18;16;0.4880215410263308;0.7419354838709677;0.49979799505203;0.8387096774193549;0.8958333333333334;0.5436824367113013;0.0008;0;0;0;0.49979799505203;16
09/03/25 - 00:53 ;		 MultiViewCNN;1;3;18;17;0.47175126306472287;0.7741935483870968;0.5556291707100407;0.6774193548387096;0.9416666666666667;0.5472664569109231;0.0008;1;0;0;0.49979799505203;16
09/03/25 - 00:53 ;		 MultiViewCNN;1;3;18;18;0.470518212164602;0.7903225806451613;0.47813145672121354;0.8709677419354839;0.9291666666666667;0.5265259568540103;0.0008;0;0;0;0.47813145672121354;18
09/03/25 - 00:53 ;		 MultiViewCNN;1;3;18;19;0.46152075644462337;0.8548387096774194;0.6004900989993927;0.5483870967741935;0.9416666666666667;0.5487151994976249;0.0008;1;0;0;0.47813145672121354;18
09/03/25 - 00:53 ;		 MultiViewCNN;1;3;18;20;0.47817532093294207;0.7903225806451613;0.4625648779253806;0.6774193548387096;0.925;0.5228701030259516;0.0008;0;0;0;0.4625648779253806;20
09/03/25 - 00:53 ;		 MultiViewCNN;1;3;18;21;0.40000133841268476;0.8709677419354839;0.7798908871989096;0.5483870967741935;0.875;0.5999763382778389;0.0008;1;0;0;0.4625648779253806;20
09/03/25 - 00:53 ;		 MultiViewCNN;1;3;18;22;0.3435807651089084;0.8709677419354839;0.607054800756516;0.7096774193548387;0.825;0.6020998770214421;0.0008;2;0;0;0.4625648779253806;20
09/03/25 - 00:53 ;		 MultiViewCNN;1;3;18;23;0.3519365672142275;0.8709677419354839;0.894110829599442;0.4838709677419355;0.8708333333333333;0.689703162794842;0.0004;3;1;0;0.4625648779253806;20
09/03/25 - 00:53 ;		 MultiViewCNN;1;3;18;24;0.39104493298838217;0.8225806451612904;0.49122855547935734;0.7419354838709677;0.8833333333333333;0.6301607806001965;0.0004;4;0;0;0.4625648779253806;20
09/03/25 - 00:54 ;		 MultiViewCNN;1;3;18;25;0.3173023481522837;0.9193548387096774;0.4927636173463637;0.6451612903225806;0.8875;0.5889416316240467;0.0004;5;0;1;0.4625648779253806;20
09/03/25 - 00:57 ;		 MultiViewCNN;3;1;1;0;0.7004468306418388;0.41935483870967744;0.6924933521978317;0.4838709677419355;0.6916666666666667;0.6924933521978317;0.0002;0;0;0;0.6924933521978317;0
09/03/25 - 00:57 ;		 MultiViewCNN;3;1;1;1;0.6877549502157396;0.6290322580645161;0.6886743191749819;0.5483870967741935;0.8208333333333333;0.6913476422909768;0.0002;1;0;0;0.6924933521978317;0
09/03/25 - 00:57 ;		 MultiViewCNN;3;1;1;2;0.686296489930922;0.5806451612903226;0.6837383027999632;0.6451612903225806;0.8083333333333333;0.6890648404436727;0.0002;0;0;0;0.6837383027999632;2
09/03/25 - 00:57 ;		 MultiViewCNN;3;1;1;3;0.6864934679000608;0.6290322580645161;0.6783034474618973;0.6774193548387096;0.8125;0.68583642254914;0.0002;0;0;0;0.6783034474618973;3
09/03/25 - 00:57 ;		 MultiViewCNN;3;1;1;4;0.6793424006431333;0.6129032258064516;0.6731787362406331;0.5483870967741935;0.7999999999999999;0.6820391166565879;0.0002;0;0;0;0.6731787362406331;4
09/03/25 - 00:57 ;		 MultiViewCNN;3;1;1;5;0.675426967682377;0.6290322580645161;0.6685425177697213;0.5483870967741935;0.8291666666666667;0.6779901369905279;0.0002;0;0;0;0.6685425177697213;5
09/03/25 - 00:57 ;		 MultiViewCNN;3;1;1;6;0.6676427010566958;0.6129032258064516;0.6646398036710678;0.5483870967741935;0.85;0.6739850369946898;0.0002;0;0;0;0.6646398036710678;6
09/03/25 - 00:58 ;		 MultiViewCNN;3;1;1;7;0.6608375541625484;0.6290322580645161;0.6609083317941234;0.5483870967741935;0.8375;0.6700620254345199;0.0002;0;0;0;0.6609083317941234;7
09/03/25 - 00:58 ;		 MultiViewCNN;3;1;1;8;0.6585880979414909;0.6451612903225806;0.6530125237280323;0.6129032258064516;0.8666666666666667;0.6649471749225735;0.0002;0;0;0;0.6530125237280323;8
09/03/25 - 00:58 ;		 MultiViewCNN;3;1;1;9;0.659275924005816;0.6774193548387096;0.6464950980678681;0.7419354838709677;0.8916666666666666;0.6594115518661618;0.0002;0;0;0;0.6464950980678681;9
09/03/25 - 00:58 ;		 MultiViewCNN;3;1;1;10;0.6478126049041748;0.7580645161290323;0.6410890336959593;0.8387096774193549;0.8958333333333334;0.6539147964151011;0.0002;0;0;0;0.6410890336959593;10
09/03/25 - 00:58 ;		 MultiViewCNN;3;1;1;11;0.6465981083531533;0.7419354838709677;0.6364808140262481;0.7419354838709677;0.9041666666666668;0.6486846016984451;0.0002;0;0;0;0.6364808140262481;11
09/03/25 - 00:58 ;		 MultiViewCNN;3;1;1;12;0.6507412848934051;0.7419354838709677;0.6311722301667736;0.8387096774193549;0.9041666666666668;0.6434308902389436;0.0002;0;0;0;0.6311722301667736;12
09/03/25 - 00:58 ;		 MultiViewCNN;3;1;1;13;0.6426018591850035;0.7096774193548387;0.6266402698332264;0.7741935483870968;0.8958333333333334;0.6383937041172284;0.0002;0;0;0;0.6266402698332264;13
09/03/25 - 00:58 ;		 MultiViewCNN;3;1;1;14;0.6549915459848219;0.6774193548387096;0.6227474616419885;0.7741935483870968;0.8958333333333334;0.6336998313746564;0.0002;0;0;0;0.6227474616419885;14
09/03/25 - 00:58 ;		 MultiViewCNN;3;1;1;15;0.6357502437406971;0.6935483870967742;0.6181844742067398;0.8387096774193549;0.8916666666666667;0.6290452242242813;0.0002;0;0;0;0.6181844742067398;15
09/03/25 - 00:58 ;		 MultiViewCNN;3;1;1;16;0.6231490873521374;0.7580645161290323;0.6152766443067982;0.8387096774193549;0.8875000000000001;0.6249146502490364;0.0002;0;0;0;0.6152766443067982;16
09/03/25 - 00:59 ;		 MultiViewCNN;3;1;1;17;0.6314896575866207;0.7096774193548387;0.6094882295977685;0.7096774193548387;0.8708333333333333;0.620286724053656;0.0002;0;0;0;0.6094882295977685;17
09/03/25 - 00:59 ;		 MultiViewCNN;3;1;1;18;0.621231650152514;0.7419354838709677;0.6051863778022027;0.7741935483870968;0.8541666666666667;0.61575662017822;0.0002;0;0;0;0.6051863778022027;18
09/03/25 - 00:59 ;		 MultiViewCNN;3;1;1;19;0.6210378369977397;0.6774193548387096;0.5987425696465277;0.7741935483870968;0.8791666666666667;0.6106524050187123;0.0002;0;0;0;0.5987425696465277;19
09/03/25 - 00:59 ;		 MultiViewCNN;3;1;1;20;0.6167078268143439;0.7419354838709677;0.5932093714514086;0.7419354838709677;0.8916666666666667;0.6054194949485212;0.0002;0;0;0;0.5932093714514086;20
09/03/25 - 00:59 ;		 MultiViewCNN;3;1;1;21;0.6005928939388644;0.8064516129032258;0.5843604255107141;0.7741935483870968;0.9166666666666667;0.599101774117179;0.0002;0;0;0;0.5843604255107141;21
09/03/25 - 00:59 ;		 MultiViewCNN;3;1;1;22;0.6059791234231764;0.7258064516129032;0.5845445259924857;0.8064516129032258;0.9125000000000001;0.594734599679771;0.0002;0;0;0;0.5845445259924857;22
09/03/25 - 00:59 ;		 MultiViewCNN;3;1;1;23;0.5908638085088422;0.8387096774193549;0.5825183651139659;0.7741935483870968;0.8916666666666667;0.5910697293100295;0.0002;0;0;0;0.5825183651139659;23
09/03/25 - 00:59 ;		 MultiViewCNN;3;1;1;24;0.5999155371419845;0.7258064516129032;0.5713973410667912;0.7741935483870968;0.9125000000000001;0.585168012837058;0.0002;0;0;0;0.5713973410667912;24
09/03/25 - 01:00 ;		 MultiViewCNN;3;1;1;25;0.5842049217993214;0.7903225806451613;0.5689031770152431;0.7741935483870968;0.9125000000000001;0.5802885620905135;0.0002;0;0;0;0.5689031770152431;25
09/03/25 - 01:00 ;		 MultiViewCNN;3;1;1;26;0.5946901421393117;0.7258064516129032;0.5675241274218406;0.8387096774193549;0.9083333333333333;0.5764592316899116;0.0002;0;0;0;0.5675241274218406;26
09/03/25 - 01:00 ;		 MultiViewCNN;3;1;1;27;0.5736939964755889;0.7580645161290323;0.5555648361482928;0.8064516129032258;0.9041666666666667;0.570190913027426;0.0002;0;0;0;0.5555648361482928;27
09/03/25 - 01:00 ;		 MultiViewCNN;3;1;1;28;0.5764056809486882;0.8709677419354839;0.5508888315769934;0.8064516129032258;0.9208333333333334;0.5644002885922962;0.0002;0;0;0;0.5508888315769934;28
09/03/25 - 01:00 ;		 MultiViewCNN;3;1;1;29;0.5714949330975932;0.7580645161290323;0.5467530719695552;0.8387096774193549;0.925;0.5591061236054738;0.0002;0;0;0;0.5467530719695552;29
09/03/25 - 01:00 ;		 MultiViewCNN;3;1;2;0;0.6881246066862537;0.5;0.6907722123207585;0.5161290322580645;0.7791666666666667;0.6907722123207585;0.0002;0;0;0;0.6907722123207585;0
09/03/25 - 01:00 ;		 MultiViewCNN;3;1;2;1;0.6927634554524575;0.4838709677419355;0.6854504096892572;0.5161290322580645;0.9083333333333333;0.689175671531308;0.0002;1;0;0;0.6907722123207585;0
09/03/25 - 01:00 ;		 MultiViewCNN;3;1;2;2;0.6771809977869834;0.6129032258064516;0.6791849655489768;0.5161290322580645;0.8791666666666667;0.6861784597366085;0.0002;0;0;0;0.6791849655489768;2
09/03/25 - 01:00 ;		 MultiViewCNN;3;1;2;3;0.6765246391296387;0.5806451612903226;0.6729310827870523;0.5161290322580645;0.8875000000000001;0.6822042466517416;0.0002;0;0;0;0.6729310827870523;3
09/03/25 - 01:01 ;		 MultiViewCNN;3;1;2;4;0.677262217767777;0.532258064516129;0.6668166748939022;0.5483870967741935;0.9041666666666667;0.6775879751243897;0.0002;0;0;0;0.6668166748939022;4
09/03/25 - 01:01 ;		 MultiViewCNN;3;1;2;5;0.6728425198985685;0.5806451612903226;0.6590882732022193;0.5483870967741935;0.9208333333333334;0.6720380645477386;0.0002;0;0;0;0.6590882732022193;5
09/03/25 - 01:01 ;		 MultiViewCNN;3;1;2;6;0.6664303079728158;0.5483870967741935;0.6485987517141527;0.5806451612903226;0.9416666666666667;0.6650062706976628;0.0002;0;0;0;0.6485987517141527;6
09/03/25 - 01:01 ;		 MultiViewCNN;3;1;2;7;0.6578408825782037;0.6129032258064516;0.6394436955451965;0.6774193548387096;0.9583333333333334;0.6573374981519229;0.0002;0;0;0;0.6394436955451965;7
09/03/25 - 01:01 ;		 MultiViewCNN;3;1;2;8;0.6477829794729909;0.6935483870967742;0.6332602404779003;0.7096774193548387;0.9625;0.6501143208497161;0.0002;0;0;0;0.6332602404779003;8
09/03/25 - 01:01 ;		 MultiViewCNN;3;1;2;9;0.6610043529541262;0.6935483870967742;0.6272287061137538;0.7096774193548387;0.9708333333333334;0.6432486364289274;0.0002;0;0;0;0.6272287061137538;9
09/03/25 - 01:01 ;		 MultiViewCNN;3;1;2;10;0.6445599948206255;0.7096774193548387;0.6251378155523731;0.6451612903225806;0.9583333333333334;0.6378153901659611;0.0002;0;0;0;0.6251378155523731;10
09/03/25 - 01:01 ;		 MultiViewCNN;3;1;2;11;0.6438666985880944;0.7419354838709677;0.6202083979883501;0.5806451612903226;0.9416666666666668;0.6325332925126778;0.0002;0;0;0;0.6202083979883501;11
09/03/25 - 01:01 ;		 MultiViewCNN;3;1;2;12;0.6241668962663219;0.6612903225806451;0.6120189735966344;0.6451612903225806;0.9541666666666667;0.6263789968378647;0.0002;0;0;0;0.6120189735966344;12
09/03/25 - 01:02 ;		 MultiViewCNN;3;1;2;13;0.626037928365892;0.6935483870967742;0.6053262026079239;0.6129032258064516;0.9416666666666667;0.6200631585688824;0.0002;0;0;0;0.6053262026079239;13
09/03/25 - 01:02 ;		 MultiViewCNN;3;1;2;14;0.6301731678747362;0.6612903225806451;0.5916155519024018;0.8387096774193549;0.9541666666666667;0.6115288765689382;0.0002;0;0;0;0.5916155519024018;14
09/03/25 - 01:02 ;		 MultiViewCNN;3;1;2;15;0.6061567760282948;0.7741935483870968;0.583543973584329;0.8387096774193549;0.9541666666666667;0.6031334056735553;0.0002;0;0;0;0.583543973584329;15
09/03/25 - 01:02 ;		 MultiViewCNN;3;1;2;16;0.6141294606270329;0.7419354838709677;0.5762243001691757;0.8064516129032258;0.9583333333333334;0.5950606740222414;0.0002;0;0;0;0.5762243001691757;16
09/03/25 - 01:02 ;		 MultiViewCNN;3;1;2;17;0.6063420311097176;0.6774193548387096;0.5710811220830486;0.8387096774193549;0.9500000000000001;0.5878668084404836;0.0002;0;0;0;0.5710811220830486;17
09/03/25 - 01:02 ;		 MultiViewCNN;3;1;2;18;0.5941442943388416;0.8387096774193549;0.5672838014941062;0.8709677419354839;0.9625000000000001;0.5816919063565703;0.0002;0;0;0;0.5672838014941062;18
09/03/25 - 01:02 ;		 MultiViewCNN;3;1;2;19;0.6098486761892995;0.7903225806451613;0.5553084765711138;0.8387096774193549;0.9625000000000001;0.5737768774209333;0.0002;0;0;0;0.5553084765711138;19
09/03/25 - 01:02 ;		 MultiViewCNN;3;1;2;20;0.5836895358177924;0.7580645161290323;0.5523444491048013;0.8387096774193549;0.9625000000000001;0.5673471489260937;0.0002;0;0;0;0.5523444491048013;20
09/03/25 - 01:03 ;		 MultiViewCNN;3;1;2;21;0.5854709936726478;0.7580645161290323;0.5436202499174303;0.8709677419354839;0.9666666666666668;0.5602290792234947;0.0002;0;0;0;0.5436202499174303;21
09/03/25 - 01:03 ;		 MultiViewCNN;3;1;2;22;0.585174314437374;0.7741935483870968;0.5439008608941109;0.8709677419354839;0.9625000000000001;0.5553306137246796;0.0002;0;0;0;0.5439008608941109;22
09/03/25 - 01:03 ;		 MultiViewCNN;3;1;2;23;0.5824288937353319;0.7580645161290323;0.5372232900511834;0.8709677419354839;0.9666666666666668;0.5498984166226307;0.0002;0;0;0;0.5372232900511834;23
09/03/25 - 01:03 ;		 MultiViewCNN;3;1;2;24;0.5684332136184939;0.8225806451612904;0.533086791153877;0.8709677419354839;0.9708333333333334;0.5448549289820046;0.0002;0;0;0;0.533086791153877;24
09/03/25 - 01:03 ;		 MultiViewCNN;3;1;2;25;0.5699301265901134;0.7419354838709677;0.5212516851963536;0.8709677419354839;0.9708333333333334;0.5377739558463093;0.0002;0;0;0;0.5212516851963536;25
09/03/25 - 01:03 ;		 MultiViewCNN;3;1;2;26;0.5558017088520911;0.8387096774193549;0.5230520165735676;0.9032258064516129;0.9708333333333334;0.5333573740644867;0.0002;0;0;0;0.5230520165735676;26
09/03/25 - 01:03 ;		 MultiViewCNN;3;1;2;27;0.5494037039818302;0.8064516129032258;0.5201846197728188;0.8387096774193549;0.9708333333333334;0.5294055477769863;0.0002;0;0;0;0.5201846197728188;27
09/03/25 - 01:03 ;		 MultiViewCNN;3;1;2;28;0.5456214335656935;0.8387096774193549;0.5150941158494642;0.8709677419354839;0.9708333333333334;0.5251121181987297;0.0002;0;0;0;0.5150941158494642;28
09/03/25 - 01:03 ;		 MultiViewCNN;3;1;2;29;0.5576183190268855;0.7258064516129032;0.4923435507282134;0.9032258064516129;0.9708333333333334;0.5152815479575747;0.0002;0;0;0;0.4923435507282134;29

